411100;0604170K;D;20500.00;+
704501;0604170K;C;18636.00;+
445715;0604170K;C;1864.00;+
411100;0420150D;D;1761670.00;+
704501;0420150D;C;1468058.00;+
445715;0420150D;C;293612.00;+
411100;0483853S;D;657194.00;+
704501;0483853S;C;547662.00;+
445715;0483853S;C;109532.00;+
411100;0081647E;D;250980.00;+
704501;0081647E;C;209150.00;+
445715;0081647E;C;41830.00;+
411100;0535237H;D;389656.00;+
704501;0535237H;C;324713.00;+
445715;0535237H;C;64943.00;+
411100;0328523S;D;229140.00;+
704501;0328523S;C;190950.00;+
445715;0328523S;C;38190.00;+
411100;0328523S;D;59480.00;+
704501;0328523S;C;49567.00;+
445715;0328523S;C;9913.00;+
411100;0606019S;D;9249.00;+
704501;0606019S;C;8408.00;+
445715;0606019S;C;841.00;+
411150;0305698J;D;161640.00;+
704501;0305698J;C;134700.00;+
445715;0305698J;C;26940.00;+
411150;0305698J;D;229128.00;+
704501;0305698J;C;190940.00;+
445715;0305698J;C;38188.00;+
411100;0329339R;C;103680.00;+
704501;0329339R;D;86400.00;+
445715;0329339R;D;17280.00;+
411100;0492316H;D;311393.00;+
704501;0492316H;C;259494.00;+
445715;0492316H;C;51899.00;+
411100;0492316H;D;144780.00;+
704501;0492316H;C;120650.00;+
445715;0492316H;C;24130.00;+
411100;0318153Y;D;745936.00;+
704501;0318153Y;C;621614.00;-
704501;0318153Y;C;1243227.00;+
445715;0318153Y;C;124323.00;-
445715;0318153Y;C;248646.00;+
411150;0570363C;D;468518.00;+
704501;0570363C;C;390432.00;+
445715;0570363C;C;78086.00;+
411150;0305698J;D;12809.00;+
704501;0305698J;C;10674.00;+
445715;0305698J;C;2135.00;+
411100;0451627Q;D;701268.00;+
704501;0451627Q;C;584390.00;+
445715;0451627Q;C;116878.00;+
411100;0307716P;D;61496.00;+
704501;0307716P;C;51247.00;+
445715;0307716P;C;10249.00;+
411100;0467140G;D;1435311.00;+
704501;0467140G;C;1864039.00;+
704501;0467140G;C;559211.00;-
445715;0467140G;C;55921.00;-
445715;0467140G;C;186404.00;+
411100;0328523S;D;253080.00;+
704501;0328523S;C;210900.00;+
445715;0328523S;C;42180.00;+
411100;0433353B;D;71500.00;+
704501;0433353B;C;65000.00;+
445715;0433353B;C;6500.00;+
411100;0021716Z;D;226777.00;+
704501;0021716Z;C;188981.00;+
445715;0021716Z;C;37796.00;+
411150;0325339C;D;65878.00;+
704501;0325339C;C;54898.00;+
445715;0325339C;C;10980.00;+
411100;0562220K;D;5240008.00;+
704501;0562220K;C;10445598.00;+
704501;0562220K;C;6078925.00;-
445715;0562220K;C;1215785.00;-
445715;0562220K;C;2089120.00;+
411150;0293145S;D;900013.00;+
704501;0293145S;C;750011.00;+
445715;0293145S;C;150002.00;+
411100;0567562N;D;233784.00;+
704501;0567562N;C;194820.00;+
445715;0567562N;C;38964.00;+
411100;0567562N;D;62064.00;+
704501;0567562N;C;51720.00;+
445715;0567562N;C;10344.00;+
411100;0450851A;D;47241.00;+
704501;0450851A;C;42946.00;+
445715;0450851A;C;4295.00;+
411100;0492316H;D;52757.00;+
704501;0492316H;C;43964.00;+
445715;0492316H;C;8793.00;+
411100;0587440R;C;16995.00;+
704501;0587440R;D;15450.00;+
445715;0587440R;D;1545.00;+
411150;0305698J;D;2587764.00;+
704501;0305698J;C;2156470.00;+
445715;0305698J;C;431294.00;+
411100;0236067P;C;229320.00;+
704501;0236067P;D;191100.00;+
445715;0236067P;D;38220.00;+
411100;0437888O;D;764400.00;+
704501;0437888O;C;637000.00;+
445715;0437888O;C;127400.00;+
411100;0307716P;D;203538.00;+
704501;0307716P;C;169615.00;+
445715;0307716P;C;33923.00;+
411150;0253255E;D;913691.00;+
704501;0253255E;C;761409.00;+
445715;0253255E;C;152282.00;+
411150;0292635X;D;1244844.00;+
704501;0292635X;C;1037370.00;+
445715;0292635X;C;207474.00;+
411100;0013123S;D;101804.00;+
704501;0013123S;C;92549.00;+
445715;0013123S;C;9255.00;+
411100;0589023E;D;94423.00;+
704501;0589023E;C;89500.00;+
445715;0589023E;C;4923.00;+
411100;0484141C;D;86586.00;+
704501;0484141C;C;72155.00;+
445715;0484141C;C;14431.00;+
411100;0484141C;D;78000.00;+
704501;0484141C;C;65000.00;+
445715;0484141C;C;13000.00;+
411100;0484141C;D;72000.00;+
704501;0484141C;C;60000.00;+
445715;0484141C;C;12000.00;+
411100;0247595H;D;532788.00;+
704501;0247595H;C;190281.00;-
704501;0247595H;C;634271.00;+
445715;0247595H;C;38056.00;-
445715;0247595H;C;126854.00;+
411150;0325339C;D;43159.00;+
704501;0325339C;C;35966.00;+
445715;0325339C;C;7193.00;+
411150;0005969D;D;771816.00;+
704501;0005969D;C;643180.00;+
445715;0005969D;C;128636.00;+
411100;0047907K;D;23400.00;+
704501;0047907K;C;19500.00;+
445715;0047907K;C;3900.00;+
411100;0606025C;D;33453.00;+
704501;0606025C;C;30412.00;+
445715;0606025C;C;3041.00;+
411100;0200896L;D;23686.00;+
704501;0200896L;C;19738.00;+
445715;0200896L;C;3948.00;+
411100;0200016D;D;225523.00;+
704501;0200016D;C;187936.00;+
445715;0200016D;C;37587.00;+
411100;0491530A;D;76440.00;+
704501;0491530A;C;63700.00;+
445715;0491530A;C;12740.00;+
411100;0494036R;D;1263000.00;+
704501;0494036R;C;1052500.00;+
445715;0494036R;C;210500.00;+
411100;0040554K;D;9000.00;+
704501;0040554K;C;8182.00;+
445715;0040554K;C;818.00;+
411100;0328523S;D;33810.00;+
704501;0328523S;C;28175.00;+
445715;0328523S;C;5635.00;+
411100;0416532O;D;389738.00;+
704501;0416532O;C;324782.00;+
445715;0416532O;C;64956.00;+
411100;0486481F;D;244260.00;+
704501;0486481F;C;203550.00;+
445715;0486481F;C;40710.00;+
411100;0510078E;D;60436.00;+
704501;0510078E;C;50363.00;+
445715;0510078E;C;10073.00;+
411100;0486481F;D;67978.00;+
704501;0486481F;C;56648.00;+
445715;0486481F;C;11330.00;+
411100;0200016D;D;145590.00;+
704501;0200016D;C;121325.00;+
445715;0200016D;C;24265.00;+
411100;0577170H;D;47981.00;+
704501;0577170H;C;39984.00;+
445715;0577170H;C;7997.00;+
411100;0074834R;D;43175.00;+
704501;0074834R;C;39250.00;+
445715;0074834R;C;3925.00;+
411100;0074834R;D;100980.00;+
704501;0074834R;C;91800.00;+
445715;0074834R;C;9180.00;+
411100;0499930C;D;586283.00;+
704501;0499930C;C;488569.00;+
445715;0499930C;C;97714.00;+
411100;0529205R;D;323635.00;+
704501;0529205R;C;269696.00;+
445715;0529205R;C;53939.00;+
411100;0265878P;D;540170.00;+
704501;0265878P;C;192917.00;-
704501;0265878P;C;643059.00;+
445715;0265878P;C;38583.00;-
445715;0265878P;C;128611.00;+
411100;0577170H;D;464698.00;+
704501;0577170H;C;387248.00;+
445715;0577170H;C;77450.00;+
411100;0606026D;D;48642.00;+
704501;0606026D;C;44220.00;+
445715;0606026D;C;4422.00;+
411100;0314928D;D;109596.00;+
704501;0314928D;C;91330.00;+
445715;0314928D;C;18266.00;+
411100;0265878P;D;53040.00;+
704501;0265878P;C;44200.00;+
445715;0265878P;C;8840.00;+
411150;0305698J;D;65690.00;+
704501;0305698J;C;54742.00;+
445715;0305698J;C;10948.00;+
411150;0325339C;D;130112.00;+
704501;0325339C;C;108427.00;+
445715;0325339C;C;21685.00;+
411100;0597590D;D;37260.00;+
704501;0597590D;C;31050.00;+
445715;0597590D;C;6210.00;+
411100;0311240B;D;158964.00;+
704501;0311240B;C;132470.00;+
445715;0311240B;C;26494.00;+
411100;0577170H;D;268931.00;+
704501;0577170H;C;224109.00;+
445715;0577170H;C;44822.00;+
411100;0318702W;D;54060.00;+
704501;0318702W;C;45050.00;+
445715;0318702W;C;9010.00;+
411100;0051250J;D;267032.00;+
704501;0051250J;C;222527.00;+
445715;0051250J;C;44505.00;+
411100;0200016D;D;57871.00;+
704501;0200016D;C;48226.00;+
445715;0200016D;C;9645.00;+
411100;0293562R;D;298080.00;+
704501;0293562R;C;248400.00;+
445715;0293562R;C;49680.00;+
411100;0108732T;D;45691.00;+
704501;0108732T;C;38076.00;+
445715;0108732T;C;7615.00;+
411100;0582857N;C;36127.00;+
704501;0582857N;D;32843.00;+
445715;0582857N;D;3284.00;+
411100;0501731R;D;846370.00;+
704501;0501731R;C;705308.00;+
445715;0501731R;C;141062.00;+
411100;0069821W;D;91437.00;+
704501;0069821W;C;26250.00;+
704501;0069821W;C;54488.00;+
445715;0069821W;C;5449.00;+
445715;0069821W;C;5250.00;+
411100;0317004K;D;524748.00;+
704501;0317004K;C;437290.00;+
445715;0317004K;C;87458.00;+
411100;0431034A;D;298908.00;+
704501;0431034A;C;249090.00;+
445715;0431034A;C;49818.00;+
411100;0069821W;D;101451.00;+
704501;0069821W;C;92228.00;+
445715;0069821W;C;9223.00;+
411100;0419239E;D;345397.00;+
704501;0419239E;C;287831.00;+
445715;0419239E;C;57566.00;+
411150;0305698J;D;148428.00;+
704501;0305698J;C;123690.00;+
445715;0305698J;C;24738.00;+
411150;0305698J;D;19069.00;+
704501;0305698J;C;15891.00;+
445715;0305698J;C;3178.00;+
411100;0311240B;D;306840.00;+
704501;0311240B;C;255700.00;+
445715;0311240B;C;51140.00;+
411100;0265878P;D;99840.00;+
704501;0265878P;C;83200.00;+
445715;0265878P;C;16640.00;+
411100;0265878P;D;331885.00;+
704501;0265878P;C;276571.00;+
445715;0265878P;C;55314.00;+
411150;0471644H;D;1095150.00;+
704501;0471644H;C;391125.00;-
704501;0471644H;C;1303750.00;+
445715;0471644H;C;78225.00;-
445715;0471644H;C;260750.00;+
411100;0577170H;D;319680.00;+
704501;0577170H;C;266400.00;+
445715;0577170H;C;53280.00;+
411100;0589463H;D;319222.00;+
704501;0589463H;C;290202.00;+
445715;0589463H;C;29020.00;+
411100;0108351S;D;27829.00;+
704501;0108351S;C;23191.00;+
445715;0108351S;C;4638.00;+
411100;0088920A;D;68090.00;+
704501;0088920A;C;61900.00;+
445715;0088920A;C;6190.00;+
411100;0554049J;D;163800.00;+
704501;0554049J;C;136500.00;+
445715;0554049J;C;27300.00;+
411100;0606028F;D;22055.00;+
704501;0606028F;C;20050.00;+
445715;0606028F;C;2005.00;+
411100;0534466P;D;2785028.00;+
704501;0534466P;C;994657.00;-
704501;0534466P;C;3315514.00;+
445715;0534466P;C;198931.00;-
445715;0534466P;C;663102.00;+
411100;0323283Y;D;10560.00;+
704501;0323283Y;C;9600.00;+
445715;0323283Y;C;960.00;+
411100;0593199A;C;2825429.00;+
704501;0593199A;D;3971281.00;-
704501;0593199A;D;6325805.00;+
445715;0593199A;D;794256.00;-
445715;0593199A;D;1265161.00;+
411100;0069821W;D;141107.00;+
704501;0069821W;C;128279.00;+
445715;0069821W;C;12828.00;+
411100;0433306L;D;104250.00;+
704501;0433306L;C;86875.00;+
445715;0433306L;C;17375.00;+
411100;0312192D;D;45008.00;+
704501;0312192D;C;37507.00;+
445715;0312192D;C;7501.00;+
411100;0265878P;D;58220.00;+
704501;0265878P;C;48517.00;+
445715;0265878P;C;9703.00;+
411100;0577170H;D;245474.00;+
704501;0577170H;C;204562.00;+
445715;0577170H;C;40912.00;+
411100;0318153Y;D;150060.00;+
704501;0318153Y;C;125050.00;+
445715;0318153Y;C;25010.00;+
411100;0318153Y;D;157500.00;+
704501;0318153Y;C;131250.00;+
445715;0318153Y;C;26250.00;+
411100;0311240B;D;206940.00;+
704501;0311240B;C;172450.00;+
445715;0311240B;C;34490.00;+
411100;0589023E;D;34815.00;+
704501;0589023E;C;33000.00;+
445715;0589023E;C;1815.00;+
411100;0200016D;D;314765.00;+
704501;0200016D;C;262304.00;+
445715;0200016D;C;52461.00;+
411100;0604825W;D;171600.00;+
704501;0604825W;C;143000.00;+
445715;0604825W;C;28600.00;+
411100;0323283Y;D;85690.00;+
704501;0323283Y;C;77900.00;+
445715;0323283Y;C;7790.00;+
411100;0269935C;D;157704.00;+
704501;0269935C;C;143367.00;+
445715;0269935C;C;14337.00;+
411100;0449938S;D;504096.00;+
704501;0449938S;C;420080.00;+
445715;0449938S;C;84016.00;+
411100;0541272A;D;16500.00;+
704501;0541272A;C;15000.00;+
445715;0541272A;C;1500.00;+
411100;0069821W;D;531054.00;+
704501;0069821W;C;482776.00;+
445715;0069821W;C;48278.00;+
411100;0606029G;D;25575.00;+
704501;0606029G;C;23250.00;+
445715;0606029G;C;2325.00;+
411100;0487313B;D;45971.00;+
704501;0487313B;C;41792.00;+
445715;0487313B;C;4179.00;+
411100;0431034A;D;59330.00;+
704501;0431034A;C;49442.00;+
445715;0431034A;C;9888.00;+
411100;0057295N;D;18344.00;+
704501;0057295N;C;15287.00;+
445715;0057295N;C;3057.00;+
411100;0265878P;D;169952.00;+
704501;0265878P;C;141627.00;+
445715;0265878P;C;28325.00;+
411100;0228573D;D;125897.00;+
704501;0228573D;C;104914.00;+
445715;0228573D;C;20983.00;+
411150;0570363C;D;90000.00;+
704501;0570363C;C;75000.00;+
445715;0570363C;C;15000.00;+
411100;0413567N;D;675408.00;+
704501;0413567N;C;562840.00;+
445715;0413567N;C;112568.00;+
411100;0091343N;D;163578.00;+
704501;0091343N;C;194736.00;+
704501;0091343N;C;58421.00;-
445715;0091343N;C;11684.00;-
445715;0091343N;C;38947.00;+
411150;0305698J;D;820463.00;+
704501;0305698J;C;683719.00;+
445715;0305698J;C;136744.00;+
411100;0597413T;D;26125.00;+
704501;0597413T;C;23750.00;+
445715;0597413T;C;2375.00;+
411150;0305698J;D;295243.00;+
704501;0305698J;C;246036.00;+
445715;0305698J;C;49207.00;+
411100;0431034A;D;147522.00;+
704501;0431034A;C;122935.00;+
445715;0431034A;C;24587.00;+
411100;0137971R;D;7237271.00;+
704501;0137971R;C;6031059.00;+
445715;0137971R;C;1206212.00;+
411100;0580176L;D;38170.00;+
704501;0580176L;C;34700.00;+
445715;0580176L;C;3470.00;+
411100;0289323N;D;9000.00;+
704501;0289323N;C;8182.00;+
445715;0289323N;C;818.00;+
411100;0476942E;D;187620.00;+
704501;0476942E;C;156350.00;+
445715;0476942E;C;31270.00;+
411100;0476942E;D;766457.00;+
704501;0476942E;C;638714.00;+
445715;0476942E;C;127743.00;+
411100;0587798O;D;20241.00;+
704501;0587798O;C;18401.00;+
445715;0587798O;C;1840.00;+
411100;0250064F;D;627000.00;+
704501;0250064F;C;522500.00;+
445715;0250064F;C;104500.00;+
411100;0301220S;D;170722.00;+
704501;0301220S;C;155202.00;+
445715;0301220S;C;15520.00;+
411100;0573986P;D;81806.00;+
704501;0573986P;C;68172.00;+
445715;0573986P;C;13634.00;+
411100;0268151E;D;1248341.00;+
704501;0268151E;C;1259935.00;+
704501;0268151E;C;219651.00;-
445715;0268151E;C;43930.00;-
445715;0268151E;C;251987.00;+
411100;0476942E;D;31200.00;+
704501;0476942E;C;26000.00;+
445715;0476942E;C;5200.00;+
411150;0305698J;D;4854.00;+
704501;0305698J;C;4045.00;+
445715;0305698J;C;809.00;+
411100;0504573J;D;47000.00;+
704501;0504573J;C;47000.00;+
411150;0305698J;D;34699.00;+
704501;0305698J;C;28916.00;+
445715;0305698J;C;5783.00;+
411100;0516806G;D;43313.00;+
704501;0516806G;C;36094.00;+
445715;0516806G;C;7219.00;+
411100;0580322F;D;202010.00;+
704501;0580322F;C;183645.00;+
445715;0580322F;C;18365.00;+
411100;0052591Z;D;93000.00;+
704501;0052591Z;C;77500.00;+
445715;0052591Z;C;15500.00;+
411150;0315353N;D;764326.00;+
704501;0315353N;C;636938.00;+
445715;0315353N;C;127388.00;+
411100;0004985J;D;3704860.00;+
704501;0004985J;C;96962.00;+
704501;0004985J;C;1120701.00;+
704501;0004985J;C;1974828.00;+
445715;0004985J;C;5333.00;+
445715;0004985J;C;112070.00;+
445715;0004985J;C;394966.00;+
411150;0315353N;D;188363.00;+
704501;0315353N;C;156969.00;+
445715;0315353N;C;31394.00;+
411100;0562220K;D;122974.00;+
704501;0562220K;C;102478.00;+
445715;0562220K;C;20496.00;+
411100;0562220K;D;280193.00;+
704501;0562220K;C;233494.00;+
445715;0562220K;C;46699.00;+
411100;0326988Y;D;152401.00;+
704501;0326988Y;C;127001.00;+
445715;0326988Y;C;25400.00;+
411100;0286923E;D;63600.00;+
704501;0286923E;C;53000.00;+
445715;0286923E;C;10600.00;+
411100;0318702W;D;57396.00;+
704501;0318702W;C;47830.00;+
445715;0318702W;C;9566.00;+
411100;0326760Y;D;29110.00;+
704501;0326760Y;C;24258.00;+
445715;0326760Y;C;4852.00;+
411100;0605298T;D;20000.00;+
704501;0605298T;C;18182.00;+
445715;0605298T;C;1818.00;+
411100;0587800Q;D;18519.00;+
704501;0587800Q;C;16835.00;+
445715;0587800Q;C;1684.00;+
411100;0590298G;D;241650.00;+
704501;0590298G;C;201375.00;+
445715;0590298G;C;40275.00;+
411150;0305698J;D;851298.00;+
704501;0305698J;C;709415.00;+
445715;0305698J;C;141883.00;+
411100;0580525S;D;82860.00;+
704501;0580525S;C;69050.00;+
445715;0580525S;C;13810.00;+
411100;0590298G;D;47258.00;+
704501;0590298G;C;39382.00;+
445715;0590298G;C;7876.00;+
411100;0431034A;D;278525.00;+
704501;0431034A;C;232104.00;+
445715;0431034A;C;46421.00;+
411100;0599864T;D;33101.00;+
704501;0599864T;C;12897.00;-
704501;0599864T;C;42989.00;+
445715;0599864T;C;1290.00;-
445715;0599864T;C;4299.00;+
411100;0562220K;D;120630.00;+
704501;0562220K;C;100525.00;+
445715;0562220K;C;20105.00;+
411100;0588342H;D;56716.00;+
704501;0588342H;C;51560.00;+
445715;0588342H;C;5156.00;+
411100;0542145S;D;15840.00;+
704501;0542145S;C;14400.00;+
445715;0542145S;C;1440.00;+
411100;0579973R;D;75030.00;+
704501;0579973R;C;62525.00;+
445715;0579973R;C;12505.00;+
411100;0589023E;D;15840.00;+
704501;0589023E;C;14400.00;+
445715;0589023E;C;1440.00;+
411100;0009029E;D;49500.00;+
704501;0009029E;C;45000.00;+
445715;0009029E;C;4500.00;+
411100;0403132J;D;53400.00;+
704501;0403132J;C;44500.00;+
445715;0403132J;C;8900.00;+
411100;0297916W;D;98100.00;+
704501;0297916W;C;81750.00;+
445715;0297916W;C;16350.00;+
411150;0305698J;D;299867.00;+
704501;0305698J;C;249889.00;+
445715;0305698J;C;49978.00;+
411150;0305698J;D;1070158.00;+
704501;0305698J;C;891798.00;+
445715;0305698J;C;178360.00;+
411100;0281062T;D;201413.00;+
704501;0281062T;C;167844.00;+
445715;0281062T;C;33569.00;+
411100;0328520N;D;195360.00;+
704501;0328520N;C;162800.00;+
445715;0328520N;C;32560.00;+
411150;0305698J;C;764326.00;+
704501;0305698J;D;636938.00;+
445715;0305698J;D;127388.00;+
411150;0305698J;C;188363.00;+
704501;0305698J;D;156969.00;+
445715;0305698J;D;31394.00;+
411100;0546925K;D;15840.00;+
704501;0546925K;C;14400.00;+
445715;0546925K;C;1440.00;+
411100;0506073I;D;5414946.00;+
704501;0506073I;C;3930136.00;+
704501;0506073I;C;662354.00;+
445715;0506073I;C;36429.00;+
445715;0506073I;C;786027.00;+
411150;0305698J;D;952934.00;+
704501;0305698J;C;794112.00;+
445715;0305698J;C;158822.00;+
411150;0305698J;C;3235176.00;+
704501;0305698J;D;1155420.00;-
704501;0305698J;D;3851400.00;+
445715;0305698J;D;231084.00;-
445715;0305698J;D;770280.00;+
411150;0305698J;D;4621680.00;+
704501;0305698J;C;3851400.00;+
445715;0305698J;C;770280.00;+
411100;0009029E;D;196213.00;+
704501;0009029E;C;178375.00;+
445715;0009029E;C;17838.00;+
411100;0431034A;D;141864.00;+
704501;0431034A;C;118220.00;+
445715;0431034A;C;23644.00;+
411100;0579973R;D;33750.00;+
704501;0579973R;C;28125.00;+
445715;0579973R;C;5625.00;+
411100;0000041D;D;73043.00;+
704501;0000041D;C;60869.00;+
445715;0000041D;C;12174.00;+
411100;0433380J;D;40800.00;+
704501;0433380J;C;34000.00;+
445715;0433380J;C;6800.00;+
411150;0305698J;D;895038.00;+
704501;0305698J;C;745865.00;+
445715;0305698J;C;149173.00;+
411100;0562220K;D;40541.00;+
704501;0562220K;C;33784.00;+
445715;0562220K;C;6757.00;+
411100;0403132J;D;46140.00;+
704501;0403132J;C;38450.00;+
445715;0403132J;C;7690.00;+
411100;0587865F;D;27319.00;+
704501;0587865F;C;24835.00;+
445715;0587865F;C;2484.00;+
411150;0305698J;C;1386504.00;+
704501;0305698J;D;1155420.00;+
445715;0305698J;D;231084.00;+
411100;0471694A;D;576296.00;+
704501;0471694A;C;480247.00;+
445715;0471694A;C;96049.00;+
411100;0581458B;D;69080.00;+
704501;0581458B;C;62800.00;+
445715;0581458B;C;6280.00;+
411100;0242510S;D;50856.00;+
704501;0242510S;C;42380.00;+
445715;0242510S;C;8476.00;+
411100;0276569F;D;855624.00;+
704501;0276569F;C;713020.00;+
445715;0276569F;C;142604.00;+
411100;0568933Q;D;387660.00;+
704501;0568933Q;C;323050.00;+
445715;0568933Q;C;64610.00;+
411100;0524597H;D;134400.00;+
704501;0524597H;C;112000.00;+
445715;0524597H;C;22400.00;+
411100;0499249F;D;196530.00;+
704501;0499249F;C;163775.00;+
445715;0499249F;C;32755.00;+
411100;0524597H;D;136560.00;+
704501;0524597H;C;113800.00;+
445715;0524597H;C;22760.00;+
411100;0441315C;D;284400.00;+
704501;0441315C;C;237000.00;+
445715;0441315C;C;47400.00;+
411100;0000097C;D;85692.00;+
704501;0000097C;C;71410.00;+
445715;0000097C;C;14282.00;+
411100;0605228D;D;16702.00;+
704501;0605228D;C;15184.00;+
445715;0605228D;C;1518.00;+
411100;0431034A;D;106122.00;+
704501;0431034A;C;88435.00;+
445715;0431034A;C;17687.00;+
411100;0582269O;D;9000.00;+
704501;0582269O;C;8182.00;+
445715;0582269O;C;818.00;+
411100;0588823N;D;14400.00;+
704501;0588823N;C;13091.00;+
445715;0588823N;C;1309.00;+
411100;0534165S;D;4427524.00;+
704501;0534165S;C;3689603.00;+
445715;0534165S;C;737921.00;+
411100;0605814X;C;128581.00;+
704501;0605814X;D;107151.00;+
445715;0605814X;D;21430.00;+
411100;0309662A;D;89950.00;+
704501;0309662A;C;74958.00;+
445715;0309662A;C;14992.00;+
411100;0160189A;D;318000.00;+
704501;0160189A;C;265000.00;+
445715;0160189A;C;53000.00;+
411100;0588855H;D;18714.00;+
704501;0588855H;C;17013.00;+
445715;0588855H;C;1701.00;+
411100;0593935O;D;8611.00;+
704501;0593935O;C;7176.00;+
445715;0593935O;C;1435.00;+
411100;0323079D;D;651049.00;+
704501;0323079D;C;542541.00;+
445715;0323079D;C;108508.00;+
411100;0516288B;D;464814.00;+
704501;0516288B;C;166005.00;-
704501;0516288B;C;553350.00;+
445715;0516288B;C;33201.00;-
445715;0516288B;C;110670.00;+
411100;0580063M;D;231690.00;+
704501;0580063M;C;193075.00;+
445715;0580063M;C;38615.00;+
411100;0257498N;D;587801.00;+
704501;0257498N;C;489834.00;+
445715;0257498N;C;97967.00;+
411100;0497377O;D;309447.00;+
704501;0497377O;C;281315.00;+
445715;0497377O;C;28132.00;+
411100;0589183M;D;28240.00;+
704501;0589183M;C;25673.00;+
445715;0589183M;C;2567.00;+
411100;0265878P;D;227136.00;+
704501;0265878P;C;189280.00;+
445715;0265878P;C;37856.00;+
411100;0588933J;D;19707.00;+
704501;0588933J;C;17915.00;+
445715;0588933J;C;1792.00;+
411100;0597754S;D;445535.00;+
704501;0597754S;C;584894.00;+
704501;0597754S;C;179862.00;-
445715;0597754S;C;17986.00;-
445715;0597754S;C;58489.00;+
411100;0200016D;D;65892.00;+
704501;0200016D;C;54910.00;+
445715;0200016D;C;10982.00;+
411100;0000041D;D;139376.00;+
704501;0000041D;C;116147.00;+
445715;0000041D;C;23229.00;+
411100;0305596A;D;97900.00;+
704501;0305596A;C;89000.00;+
445715;0305596A;C;8900.00;+
411100;0305742S;D;209770.00;+
704501;0305742S;C;190700.00;+
445715;0305742S;C;19070.00;+
411150;0325339C;D;70754.00;+
704501;0325339C;C;58962.00;+
445715;0325339C;C;11792.00;+
411100;0588854G;D;19568.00;+
704501;0588854G;C;17789.00;+
445715;0588854G;C;1779.00;+
411100;0484515P;D;120744.00;+
704501;0484515P;C;156810.00;+
704501;0484515P;C;47043.00;-
445715;0484515P;C;4704.00;-
445715;0484515P;C;15681.00;+
411100;0470502F;D;47884.00;+
704501;0470502F;C;39903.00;+
445715;0470502F;C;7981.00;+
411100;0021716Z;D;113549.00;+
704501;0021716Z;C;94624.00;+
445715;0021716Z;C;18925.00;+
411100;0589126M;D;15599.00;+
704501;0589126M;C;14181.00;+
445715;0589126M;C;1418.00;+
411100;0516288B;D;122022.00;+
704501;0516288B;C;43579.00;-
704501;0516288B;C;145264.00;+
445715;0516288B;C;8716.00;-
445715;0516288B;C;29053.00;+
411100;0132600Z;D;31525.00;+
704501;0132600Z;C;26271.00;+
445715;0132600Z;C;5254.00;+
411100;0080271W;D;798455.00;+
704501;0080271W;C;665379.00;+
445715;0080271W;C;133076.00;+
411100;0456734M;D;86971.00;+
704501;0456734M;C;72476.00;+
445715;0456734M;C;14495.00;+
411100;0273608K;C;365310.00;+
704501;0273608K;D;332100.00;+
445715;0273608K;D;33210.00;+
411100;0515909C;D;27256.00;+
704501;0515909C;C;22713.00;+
445715;0515909C;C;4543.00;+
411100;0588853F;D;30351.00;+
704501;0588853F;C;28769.00;+
445715;0588853F;C;1582.00;+
411100;0596255V;D;227368.00;+
704501;0596255V;C;206698.00;+
445715;0596255V;C;20670.00;+
411100;0039244L;D;660420.00;+
704501;0039244L;C;550350.00;+
445715;0039244L;C;110070.00;+
411100;0265878P;D;194590.00;+
704501;0265878P;C;162158.00;+
445715;0265878P;C;32432.00;+
411100;0323079D;C;651049.00;+
704501;0323079D;D;542541.00;+
445715;0323079D;D;108508.00;+
411100;0588856I;D;32932.00;+
704501;0588856I;C;31215.00;+
445715;0588856I;C;1717.00;+
411100;0588929F;D;31546.00;+
704501;0588929F;C;29901.00;+
445715;0588929F;C;1645.00;+
411100;0435157A;C;231690.00;+
704501;0435157A;D;193075.00;+
445715;0435157A;D;38615.00;+
411100;0105394B;D;2418000.00;+
704501;0105394B;C;2015000.00;+
445715;0105394B;C;403000.00;+
411100;0588934K;D;20777.00;+
704501;0588934K;C;19694.00;+
445715;0588934K;C;1083.00;+
411100;0327032E;D;29394.00;+
704501;0327032E;C;26722.00;+
445715;0327032E;C;2672.00;+
411100;0324292A;D;47300.00;+
704501;0324292A;C;43000.00;+
445715;0324292A;C;4300.00;+
411100;0094012A;D;458592.00;+
704501;0094012A;C;382160.00;+
445715;0094012A;C;76432.00;+
411100;0273608K;D;383576.00;+
704501;0273608K;C;348705.00;+
445715;0273608K;C;34871.00;+
411100;0456734M;D;91080.00;+
704501;0456734M;C;75900.00;+
445715;0456734M;C;15180.00;+
411100;0484515P;D;242675.00;+
704501;0484515P;C;220614.00;+
445715;0484515P;C;22061.00;+
411100;0000470T;D;112299.00;+
704501;0000470T;C;102090.00;+
445715;0000470T;C;10209.00;+
411100;0576974B;D;43200.00;+
704501;0576974B;C;36000.00;+
445715;0576974B;C;7200.00;+
411100;0576974B;D;85744.00;+
704501;0576974B;C;71453.00;+
445715;0576974B;C;14291.00;+
411100;0265878P;D;48727.00;+
704501;0265878P;C;40606.00;+
445715;0265878P;C;8121.00;+
411100;0586433R;D;8051.00;+
704501;0586433R;C;7320.00;-
704501;0586433R;C;14639.00;+
445715;0586433R;C;732.00;-
445715;0586433R;C;1464.00;+
411100;0021779F;D;282487.00;+
704501;0021779F;C;235406.00;+
445715;0021779F;C;47081.00;+
411100;0071508P;D;77161.00;+
704501;0071508P;C;70146.00;+
445715;0071508P;C;7015.00;+
411100;0456734M;D;36272.00;+
704501;0456734M;C;30227.00;+
445715;0456734M;C;6045.00;+
411100;0433306L;D;125232.00;+
704501;0433306L;C;104360.00;+
445715;0433306L;C;20872.00;+
411100;0245365Z;D;171677.00;+
704501;0245365Z;C;143064.00;+
445715;0245365Z;C;28613.00;+
411100;0456734M;D;115524.00;+
704501;0456734M;C;96270.00;+
445715;0456734M;C;19254.00;+
411100;0586530A;D;58263.00;+
704501;0586530A;C;52966.00;+
445715;0586530A;C;5297.00;+
411100;0310107K;D;213324.00;+
704501;0310107K;C;177770.00;+
445715;0310107K;C;35554.00;+
411100;0071885K;D;102466.00;+
704501;0071885K;C;85388.00;+
445715;0071885K;C;17078.00;+
411100;0456734M;D;38466.00;+
704501;0456734M;C;32055.00;+
445715;0456734M;C;6411.00;+
411100;0470502F;D;296910.00;+
704501;0470502F;C;247425.00;+
445715;0470502F;C;49485.00;+
411100;0456734M;D;143447.00;+
704501;0456734M;C;119539.00;+
445715;0456734M;C;23908.00;+
411100;0305190R;D;336222.00;+
704501;0305190R;C;280185.00;+
445715;0305190R;C;56037.00;+
411100;0456734M;D;624000.00;+
704501;0456734M;C;520000.00;+
445715;0456734M;C;104000.00;+
411100;0557587N;D;149760.00;+
704501;0557587N;C;124800.00;+
445715;0557587N;C;24960.00;+
411100;0023508F;D;49200.00;+
704501;0023508F;C;41000.00;+
445715;0023508F;C;8200.00;+
411100;0421873Q;D;63698.00;+
704501;0421873Q;C;53082.00;+
445715;0421873Q;C;10616.00;+
411100;0456734M;D;270721.00;+
704501;0456734M;C;225601.00;+
445715;0456734M;C;45120.00;+
411100;0456734M;D;132900.00;+
704501;0456734M;C;110750.00;+
445715;0456734M;C;22150.00;+
411100;0071885K;D;228026.00;+
704501;0071885K;C;190022.00;+
445715;0071885K;C;38004.00;+
411100;0456734M;D;159480.00;+
704501;0456734M;C;132900.00;+
445715;0456734M;C;26580.00;+
411100;0071885K;D;116125.00;+
704501;0071885K;C;96771.00;+
445715;0071885K;C;19354.00;+
411100;0515909C;D;55620.00;+
704501;0515909C;C;46350.00;+
445715;0515909C;C;9270.00;+
411100;0421873Q;D;85943.00;+
704501;0421873Q;C;71619.00;+
445715;0421873Q;C;14324.00;+
411100;0265878P;D;305279.00;+
704501;0265878P;C;254399.00;+
445715;0265878P;C;50880.00;+
411100;0456734M;D;385800.00;+
704501;0456734M;C;321500.00;+
445715;0456734M;C;64300.00;+
411100;0589182L;D;29619.00;+
704501;0589182L;C;28075.00;+
445715;0589182L;C;1544.00;+
