"Folio";"Type";"Date";"Nom fichier transmis";"App Amont Nb piéce";"App Amont Débit";"App Amont Crédit";"SI Finance Nb piece";"SI Finance Débit";"SI Finance Crédit";"Ecarts Nb Piece";"Ecarts Débit";"Ecarts Crédit";"Somme Amont Fichier";"Somme Ecart Fichier";"Montant Interface OA";"Nb Pieces OA";"Montant OA ";"Ecart Nb Piece Calcule";"Ecart Mt Calcule";"Statut Verification"
"BIO";"FOURNISSEURS";"01/07/2026";"FAC02_SRC_FACTURESFOURNISSEURS_010726-010649_ST_FAC02_639184648091081654_001";"2";"3497,61";"3497,61";"0";"0";"0";"2";"3497,61";"3497,61";"3497,61";"3497,61";"3497,61";"0";"0";"2";"3497,61";"KO"
"CEC";"FOURNISSEURS";"30/06/2026";"CEL01_SRC_FACTURESFOURNISSEURS_300626-200458_ST_CEL01_639184466982671030_001";"12";"-23074,77";"-23074,77";"0";"0";"0";"12";"-23074,77";"-23074,77";"-23074,77";"-23074,77";"-24065,65";"0";"0";"12";"-23074,77";"KO"
"CEE";"FOURNISSEURS";"30/06/2026";"CEL01_SRC_FACTURESFOURNISSEURS_300626-200458_ST_CEL01_639184466982671030_001";"81";"18843,52";"18843,52";"0";"0";"0";"81";"18843,52";"18843,52";"18843,52";"18843,52";"18519,15";"0";"0";"81";"18843,52";"KO"
"CEG";"FOURNISSEURS";"30/06/2026";"CEL01_SRC_FACTURESFOURNISSEURS_300626-200458_ST_CEL01_639184466982671030_001";"69";"145448,67";"145448,67";"0";"0";"0";"69";"145448,67";"145448,67";"145448,67";"145448,67";"152655,18";"0";"0";"69";"145448,67";"KO"
"CMB";"GL";"26/06/2026";"PRN01_SRC_ECRITURESGL_20260626-084744";"1532";"21104562,41";"21104562,41";"1532";"21104562,48";"21104562,48";"0";"-0,07";"-0,07";"21104562,41";"-0,07";"10552281,24";"766";"10552281,24";"766";"10552281,17";"KO"
"CYC";"CLIENTS";"01/07/2026";"HEF01_SRC_FACTURESCLIENTS_010726-011002_ST_HEF01_639184650021108836_001";"376";"3172162,09";"3172162,09";"0";"0";"0";"376";"3172162,09";"3172162,09";"3172162,09";"3172162,09";"3172162,09";"0";"0";"376";"3172162,09";"KO"
"CYC";"CLIENTS";"30/06/2026";"HEF01_SRC_FACTURESCLIENTS_300626-010932_ST_HEF01_639183785720902444_001";"379";"2934232,63";"2934232,63";"379";"3317516,29";"3317516,29";"0";"-383283,66";"-383283,66";"2934232,63";"-383283,66";"2934232,63";"0";"0";"379";"2934232,63";"KO"
"CYC";"CLIENTS";"29/06/2026";"HEF01_SRC_FACTURESCLIENTS_270626-010926_ST_HEF01_639181193668240670_001";"372";"2513869,88";"2513869,88";"372";"3626456,54";"3626456,54";"0";"-1112586,66";"-1112586,66";"2513869,88";"-1112586,66";"2812165,51";"2";"-298295,63";"370";"2812165,51";"KO"
"CYF";"FOURNISSEURS";"01/07/2026";"HEF01_SRC_FACTURESFOURNISSEURS_010726-011017_ST_HEF01_639184650176825394_001";"8";"307992,59";"307992,59";"0";"0";"0";"8";"307992,59";"307992,59";"307992,59";"307992,59";"307992,59";"0";"0";"8";"307992,59";"KO"
"FAS";"CLIENTS";"29/05/2026";"FAC02_SRC_FACTURESCLIENTS_290526-014312_ST_FAC02_639156157927905840_001";"4437";"1057628,86";"1057628,86";"4437";"2481120,64";"2481120,64";"0";"-1423491,78";"-1423491,78";"1057628,86";"-1423491,78";"0";"4436";"1055335,52";"1";"2293,34";"KO"
"FGE";"GL";"01/07/2026";"FAC02_SRC_ECRITURESGL_010726-010757";"15";"63524,91";"63524,91";"0";"0";"0";"15";"63524,91";"63524,91";"63524,91";"63524,91";"63524,91";"0";"0";"15";"63524,91";"KO"
"GAZ";"FOURNISSEURS";"01/07/2026";"FAC02_SRC_FACTURESFOURNISSEURS_010726-010649_ST_FAC02_639184648091081654_001";"11";"48269,68";"48269,68";"0";"0";"0";"11";"48269,68";"48269,68";"48269,68";"48269,68";"48269,68";"0";"0";"11";"48269,68";"KO"
"GCA";"CLIENTS";"30/06/2026";"FAC02_SRC_FACTURESCLIENTS_300626-011447_ST_FAC02_639183788877097677_001";"3923";"10589180,55";"10589180,55";"3923";"13455309,89";"13455309,89";"0";"-2866129,34";"-2866129,34";"10589180,55";"-2866129,34";"10589180,55";"0";"0";"3923";"10589180,55";"KO"
"GCA";"CLIENTS";"29/06/2026";"FAC02_SRC_FACTURESCLIENTS_270626-005428_ST_FAC02_639181184681528721_001";"422";"3147078,54";"3147078,54";"422";"6575991";"6575991";"0";"-3428912,46";"-3428912,46";"3147078,54";"-3428912,46";"3147078,54";"0";"0";"422";"3147078,54";"KO"
"GCA";"CLIENTS";"11/06/2026";"FAC02_SRC_FACTURESCLIENTS_110626-021056_ST_FAC02_639167406567980652_001";"800";"5373826,56";"5373826,56";"800";"5395899,2";"5395899,2";"0";"-22072,64";"-22072,64";"5373826,56";"-22072,64";"0";"800";"5373826,56";"0";"0,00";"OK"
"GCA";"CLIENTS";"07/05/2026";"FAC02_SRC_FACTURESCLIENTS_070526-013850_ST_FAC02_639137147301688549_001";"3145";"11856347,63";"11856347,63";"3145";"11862825,39";"11862825,39";"0";"-6477,76";"-6477,76";"11856347,63";"-6477,76";"-1671,14";"3143";"11858018,77";"2";"-1671,14";"KO"
"GER";"GL";"01/07/2026";"FAC02_SRC_ECRITURESGL_010726-010757";"29";"9513,97";"9513,97";"0";"0";"0";"29";"9513,97";"9513,97";"9513,97";"9513,97";"9513,97";"0";"0";"29";"9513,97";"KO"
"HAC";"FOURNISSEURS";"01/07/2026";"FAC02_SRC_FACTURESFOURNISSEURS_010726-010649_ST_FAC02_639184648091081654_001";"6";"6417,58";"6417,58";"0";"0";"0";"6";"6417,58";"6417,58";"6417,58";"6417,58";"6417,58";"0";"0";"6";"6417,58";"KO"
"HAF";"FOURNISSEURS";"30/06/2026";"PRN01_SRC_FACTURESFOURNISSEURS_20260630_205445";"106";"108913,66";"108913,66";"0";"0";"0";"106";"108913,66";"108913,66";"108913,66";"108913,66";"86294,98";"0";"0";"106";"108913,66";"KO"
"IGP";"CLIENTS";"30/06/2026";"FAC02_SRC_FACTURESCLIENTS_300626-011447_ST_FAC02_639183788877097677_001";"126";"1543314,94";"1543314,94";"126";"1543955,7";"1543955,7";"0";"-640,76";"-640,76";"1543314,94";"-640,76";"1543314,94";"0";"0";"126";"1543314,94";"KO"
"IGP";"CLIENTS";"29/06/2026";"FAC02_SRC_FACTURESCLIENTS_270626-005428_ST_FAC02_639181184681528721_001";"27";"7116055,65";"7116055,65";"27";"7433702,69";"7433702,69";"0";"-317647,04";"-317647,04";"7116055,65";"-317647,04";"7116055,65";"0";"0";"27";"7116055,65";"KO"
"ING";"FOURNISSEURS";"01/07/2026";"FAC02_SRC_FACTURESFOURNISSEURS_010726-010649_ST_FAC02_639184648091081654_001";"32";"685095,28";"685095,28";"0";"0";"0";"32";"685095,28";"685095,28";"685095,28";"685095,28";"673896,96";"0";"0";"32";"685095,28";"KO"
"ING";"FOURNISSEURS";"25/06/2026";"FAC02_SRC_FACTURESFOURNISSEURS_020626-033340_ST_FAC02_639159680209510670_001";"0";"0";"0";"4";"59622,23";"59622,23";"-4";"-59622,23";"-59622,23";"0";"-59622,23";"41630327,17";"478";"41630327,17";"-478";"-41630327,17";"KO"
"ING";"FOURNISSEURS";"24/06/2026";"FAC02_SRC_FACTURESFOURNISSEURS_240626-010708_ST_FAC02_639178600281489344_001";"4";"66965,6";"66965,6";"3";"52662,26";"52662,26";"1";"14303,34";"14303,34";"66965,6";"14303,34";"52662,26";"3";"52662,26";"1";"14303,34";"KO"
"NOT";"FOURNISSEURS";"30/06/2026";"NOT01_SRC_FACTURESFOURNISSEURS_20260630232456";"106";"2550,61";"2550,61";"0";"0";"0";"106";"2550,61";"2550,61";"2550,61";"2550,61";"2387";"0";"0";"106";"2550,61";"KO"
"RNE";"CLIENTS";"29/06/2026";"FAC02_SRC_FACTURESCLIENTS_270626-005428_ST_FAC02_639181184681528721_001";"8";"31208,48";"31208,48";"8";"40647,22";"40647,22";"0";"-9438,74";"-9438,74";"31208,48";"-9438,74";"31208,48";"0";"0";"8";"31208,48";"KO"
"SVB";"CLIENTS";"29/06/2026";"FAC02_SRC_FACTURESCLIENTS_270626-005428_ST_FAC02_639181184681528721_001";"2";"519,57";"519,57";"2";"22956,89";"22956,89";"0";"-22437,32";"-22437,32";"519,57";"-22437,32";"519,57";"0";"0";"2";"519,57";"KO"
"SVD";"CLIENTS";"29/06/2026";"FAC02_SRC_FACTURESCLIENTS_270626-005428_ST_FAC02_639181184681528721_001";"379";"131106,95";"131106,95";"379";"593298,11";"593298,11";"0";"-462191,16";"-462191,16";"131106,95";"-462191,16";"131106,95";"0";"0";"379";"131106,95";"KO"
"VTC";"CLIENTS";"29/06/2026";"FAC02_SRC_FACTURESCLIENTS_270626-005428_ST_FAC02_639181184681528721_001";"11";"24618,86";"24618,86";"11";"28810,44";"28810,44";"0";"-4191,58";"-4191,58";"24618,86";"-4191,58";"24618,86";"0";"0";"11";"24618,86";"KO"
