HAF;111093-FRA72000;DOS0367;GN1583479H;18/08/2026
HAF;87475-FRA44780;DOS0367;GN1583487S;31/07/2026
HAF;S00034930-FRA12850;DOS0367;GN1583734Y;31/07/2026
HAF;78936-FRA62950;DOS0367;GN1654507X;23/07/2026
HAF;50641-FRA62003;DOS0367;GN1584015S;25/08/2026
HAF;50641-FRA62003;DOS0367;GN1583407B;25/08/2026
HAF;50641-FRA62003;DRW0367;GL1543865S;25/08/2026
HAF;50641-FRA62003;DRW0367;GL0044144N;25/08/2026
HAF;80143-FRA50750;DOS0367;GN1583541D;26/08/2026
HAF;80143-FRA50750;DOS0367;GN1583542E;26/08/2026
HAF;80143-FRA50750;DOS0367;GN1583535X;26/08/2026
HAF;80143-FRA50750;DOS0367;GN1583534W;26/08/2026
HAF;80143-FRA50750;DOS0367;GN1583466T;26/08/2026
HAF;S00098563-ESP26007;DOS0367;GD1588372T;25/08/2026
HAF;81893-FRA59250;DOS0367;GD1588348R;31/07/2026
HAF;66826-FRA60200;DOS0367;GN1583441P;31/07/2026
HAF;66826-FRA60200;DOS0367;GN1621220W;31/07/2026
HAF;66826-FRA60200;DOS0367;GN1583440N;31/07/2026
HAF;80143-FRA50750;DOS0367;GN1583540C;30/06/2026
HAF;80143-FRA50750;DSW0367;GN0062885K;30/06/2026
HAF;80143-FRA50750;DSW0367;GN1289917P;30/06/2026
HAF;63107-FRA54320;DOS0367;GD1588348R;24/08/2026
HAF;66826-FRA60200;DOS0367;GN1583467V;31/07/2026
HAF;77669-FRA94704REGLT;DOS0367;GD1588346N;31/07/2026
HAF;103732-FRA27300;DOS0367;GN1583444T;31/07/2026
HAF;77669-FRA94704REGLT;DOS0367;GN1583467V;31/07/2026
HAF;77669-FRA94704REGLT;DOS0367;GN1583992R;31/07/2026
HAF;77669-FRA94704REGLT;DOS0367;GD1588348R;31/07/2026
HAF;107154-FRA28410;DOS0367;GN1583341B;30/07/2026
HAF;S00066751-FRA72390REGLT;DOS0367;GN1583505M;31/07/2026
HAF;50641-FRA62003;DOS0367;GN1583585D;25/08/2026
HAF;100778-FRA62500;DOS0367;GN1583446W;31/07/2026
HAF;100778-FRA62500;DOS0367;GN1583781B;31/07/2026
HAF;100778-FRA62500;DOS0367;GN1584002C;31/07/2026
HAF;S00079083-FRA36400;DOS0367;GN1583521F;27/07/2026
HAF;S00079083-FRA36400;DOS0367;GN1583479H;27/07/2026
HAF;63107-FRA54320;DOS0367;GN1583440N;24/08/2026
HAF;111093-FRA72000;DOS0367;GN1584011M;12/08/2026
HAF;111093-FRA72000;DOS0367;GN1583505M;12/08/2026
HAF;89690-FRA19200-A;DOS0367;GN1584011M;31/07/2026
HAF;89690-FRA19200-A;DOS0367;GN1583479H;31/07/2026
HAF;63107-FRA54320;DOS0367;GN1583425X;24/08/2026
HAF;89690-FRA19200-A;DOS0367;GN1583433F;31/07/2026
HAF;S00103923-FRA37110;DOS0367;GN1583479H;10/08/2026
HAF;63107-FRA54320;DOS0367;GN1583455F;24/08/2026
HAF;63107-FRA54320;DOS0367;GN1584002C;19/08/2026
HAF;63107-FRA54320;DOS0367;GN1583992R;24/08/2026
HAF;63107-FRA54320;DOS0367;GN1583441P;24/08/2026
HAF;85475-FRA21270;DOS0367;GN1583455F;31/07/2026
