SOCIETE;0001;FAC02_SRC_FACTURESFOURNISSEURS_010826-011220_ST_FAC02_639211435409480120_001
NUMERO_PIECE;0688K2608ZWD6;FAC02_SRC_FACTURESFOURNISSEURS_010826-011220_ST_FAC02_639211435409480120_001
NUMERO_PIECE;0688K2608ZWF7;FAC02_SRC_FACTURESFOURNISSEURS_010826-011220_ST_FAC02_639211435409480120_001
NUMERO_PIECE;0688K2608ZWF6;FAC02_SRC_FACTURESFOURNISSEURS_010826-011220_ST_FAC02_639211435409480120_001
NUMERO_PIECE;0539R26080245;FAC02_SRC_FACTURESFOURNISSEURS_010826-011220_ST_FAC02_639211435409480120_001
NUMERO_PIECE;0854R26080149;FAC02_SRC_FACTURESFOURNISSEURS_010826-011220_ST_FAC02_639211435409480120_001
NUMERO_PIECE;0539R26080246;FAC02_SRC_FACTURESFOURNISSEURS_010826-011220_ST_FAC02_639211435409480120_001
SOCIETE;0577;FAC02_SRC_FACTURESFOURNISSEURS_010826-011220_ST_FAC02_639211435409480120_001
NUMERO_PIECE;0378R26080740;FAC02_SRC_FACTURESFOURNISSEURS_010826-011220_ST_FAC02_639211435409480120_001
NUMERO_PIECE;0688K2608ZWF4;FAC02_SRC_FACTURESFOURNISSEURS_010826-011220_ST_FAC02_639211435409480120_001
NUMERO_PIECE;0713N26080188;FAC02_SRC_FACTURESFOURNISSEURS_010826-011220_ST_FAC02_639211435409480120_001
NUMERO_PIECE;0344R26080009;FAC02_SRC_FACTURESFOURNISSEURS_010826-011220_ST_FAC02_639211435409480120_001
NUMERO_PIECE;0539N26080242;FAC02_SRC_FACTURESFOURNISSEURS_010826-011220_ST_FAC02_639211435409480120_001
NUMERO_PIECE;0539N26080244;FAC02_SRC_FACTURESFOURNISSEURS_010826-011220_ST_FAC02_639211435409480120_001
SOCIETE;0399;FAC02_SRC_FACTURESFOURNISSEURS_010826-011220_ST_FAC02_639211435409480120_001
NUMERO_PIECE;0539N26080243;FAC02_SRC_FACTURESFOURNISSEURS_010826-011220_ST_FAC02_639211435409480120_001
NUMERO_PIECE;0130S26080867;FAC02_SRC_FACTURESFOURNISSEURS_010826-011220_ST_FAC02_639211435409480120_001
NUMERO_PIECE;0130S26080873;FAC02_SRC_FACTURESFOURNISSEURS_010826-011220_ST_FAC02_639211435409480120_001
NUMERO_PIECE;0130S26080877;FAC02_SRC_FACTURESFOURNISSEURS_010826-011220_ST_FAC02_639211435409480120_001
NUMERO_PIECE;0130S26080885;FAC02_SRC_FACTURESFOURNISSEURS_010826-011220_ST_FAC02_639211435409480120_001
NUMERO_PIECE;0130S26080887;FAC02_SRC_FACTURESFOURNISSEURS_010826-011220_ST_FAC02_639211435409480120_001
NUMERO_PIECE;0130S26080889;FAC02_SRC_FACTURESFOURNISSEURS_010826-011220_ST_FAC02_639211435409480120_001
NUMERO_PIECE;0130S26080891;FAC02_SRC_FACTURESFOURNISSEURS_010826-011220_ST_FAC02_639211435409480120_001
NUMERO_PIECE;0130S26080893;FAC02_SRC_FACTURESFOURNISSEURS_010826-011220_ST_FAC02_639211435409480120_001
SOCIETE;0756;FAC02_SRC_FACTURESFOURNISSEURS_010826-011220_ST_FAC02_639211435409480120_001
NUMERO_PIECE;0361M2608A156;FAC02_SRC_FACTURESFOURNISSEURS_010826-011220_ST_FAC02_639211435409480120_001
NUMERO_PIECE;0130S26080904;FAC02_SRC_FACTURESFOURNISSEURS_010826-011220_ST_FAC02_639211435409480120_001
NUMERO_PIECE;0130S26080906;FAC02_SRC_FACTURESFOURNISSEURS_010826-011220_ST_FAC02_639211435409480120_001
NUMERO_PIECE;0130S26080908;FAC02_SRC_FACTURESFOURNISSEURS_010826-011220_ST_FAC02_639211435409480120_001
NUMERO_PIECE;0130S26080881;FAC02_SRC_FACTURESFOURNISSEURS_010826-011220_ST_FAC02_639211435409480120_001
NUMERO_PIECE;0130S26080910;FAC02_SRC_FACTURESFOURNISSEURS_010826-011220_ST_FAC02_639211435409480120_001
NUMERO_PIECE;0551R26081604;FAC02_SRC_FACTURESFOURNISSEURS_010826-011220_ST_FAC02_639211435409480120_001
NUMERO_PIECE;0551R26081602;FAC02_SRC_FACTURESFOURNISSEURS_010826-011220_ST_FAC02_639211435409480120_001
NUMERO_PIECE;0551R26081603;FAC02_SRC_FACTURESFOURNISSEURS_010826-011220_ST_FAC02_639211435409480120_001
NUMERO_PIECE;0355S26081042;FAC02_SRC_FACTURESFOURNISSEURS_010826-011220_ST_FAC02_639211435409480120_001
SOCIETE;0185;FAC02_SRC_FACTURESFOURNISSEURS_010826-011220_ST_FAC02_639211435409480120_001
NUMERO_PIECE;0001S2608ZVV7;FAC02_SRC_FACTURESFOURNISSEURS_010826-011220_ST_FAC02_639211435409480120_001
SOCIETE;0166;FAC02_SRC_FACTURESFOURNISSEURS_010826-011220_ST_FAC02_639211435409480120_001
NUMERO_PIECE;0306C26080337;FAC02_SRC_FACTURESFOURNISSEURS_010826-011220_ST_FAC02_639211435409480120_001
NUMERO_PIECE;0475S26081019;FAC02_SRC_FACTURESFOURNISSEURS_010826-011220_ST_FAC02_639211435409480120_001
NUMERO_PIECE;0475S26081025;FAC02_SRC_FACTURESFOURNISSEURS_010826-011220_ST_FAC02_639211435409480120_001
NUMERO_PIECE;0688K2608ZWE5;FAC02_SRC_FACTURESFOURNISSEURS_010826-011220_ST_FAC02_639211435409480120_001
NUMERO_PIECE;0688K2608ZWE6;FAC02_SRC_FACTURESFOURNISSEURS_010826-011220_ST_FAC02_639211435409480120_001
NUMERO_PIECE;0688K2608ZWE7;FAC02_SRC_FACTURESFOURNISSEURS_010826-011220_ST_FAC02_639211435409480120_001
NUMERO_PIECE;0688K2608ZWF5;FAC02_SRC_FACTURESFOURNISSEURS_010826-011220_ST_FAC02_639211435409480120_001
NUMERO_PIECE;0658K26082158;FAC02_SRC_FACTURESFOURNISSEURS_010826-011220_ST_FAC02_639211435409480120_001
NUMERO_PIECE;0688K2608ZWD4;FAC02_SRC_FACTURESFOURNISSEURS_010826-011220_ST_FAC02_639211435409480120_001
NUMERO_PIECE;0688K2608ZWD3;FAC02_SRC_FACTURESFOURNISSEURS_010826-011220_ST_FAC02_639211435409480120_001
NUMERO_PIECE;0688K2608ZWD2;FAC02_SRC_FACTURESFOURNISSEURS_010826-011220_ST_FAC02_639211435409480120_001
SOCIETE;0683;FAC02_SRC_FACTURESFOURNISSEURS_010826-011220_ST_FAC02_639211435409480120_001
NUMERO_PIECE;0688K2608ZWD5;FAC02_SRC_FACTURESFOURNISSEURS_010826-011220_ST_FAC02_639211435409480120_001
NUMERO_PIECE;0688K2608ZWD7;FAC02_SRC_FACTURESFOURNISSEURS_010826-011220_ST_FAC02_639211435409480120_001
NUMERO_PIECE;0688K2608ZWE3;FAC02_SRC_FACTURESFOURNISSEURS_010826-011220_ST_FAC02_639211435409480120_001
SOCIETE;0523;FAC02_SRC_FACTURESFOURNISSEURS_010826-011220_ST_FAC02_639211435409480120_001
NUMERO_PIECE;0688K2608ZWE0;FAC02_SRC_FACTURESFOURNISSEURS_010826-011220_ST_FAC02_639211435409480120_001
SOCIETE;0364;FAC02_SRC_FACTURESFOURNISSEURS_010826-011220_ST_FAC02_639211435409480120_001
NUMERO_PIECE;0688K2608ZWE1;FAC02_SRC_FACTURESFOURNISSEURS_010826-011220_ST_FAC02_639211435409480120_001
NUMERO_PIECE;0688K2608ZWD9;FAC02_SRC_FACTURESFOURNISSEURS_010826-011220_ST_FAC02_639211435409480120_001
SOCIETE;0628;FAC02_SRC_FACTURESFOURNISSEURS_010826-011220_ST_FAC02_639211435409480120_001
NUMERO_PIECE;0688K2608ZWD8;FAC02_SRC_FACTURESFOURNISSEURS_010826-011220_ST_FAC02_639211435409480120_001
NUMERO_PIECE;0688K2608ZWF1;FAC02_SRC_FACTURESFOURNISSEURS_010826-011220_ST_FAC02_639211435409480120_001
NUMERO_PIECE;0688K2608ZWG1;FAC02_SRC_FACTURESFOURNISSEURS_010826-011220_ST_FAC02_639211435409480120_001
NUMERO_PIECE;0688K2608ZWF3;FAC02_SRC_FACTURESFOURNISSEURS_010826-011220_ST_FAC02_639211435409480120_001
NUMERO_PIECE;0688K2608ZWF2;FAC02_SRC_FACTURESFOURNISSEURS_010826-011220_ST_FAC02_639211435409480120_001
NUMERO_PIECE;0688K2608ZWF0;FAC02_SRC_FACTURESFOURNISSEURS_010826-011220_ST_FAC02_639211435409480120_001
NUMERO_PIECE;0688K2608ZWD1;FAC02_SRC_FACTURESFOURNISSEURS_010826-011220_ST_FAC02_639211435409480120_001
NUMERO_PIECE;0551R26081609;FAC02_SRC_FACTURESFOURNISSEURS_010826-011220_ST_FAC02_639211435409480120_001
SOCIETE;0349;FAC02_SRC_FACTURESFOURNISSEURS_010826-011220_ST_FAC02_639211435409480120_001
NUMERO_PIECE;0804O2608RTH3;FAC02_SRC_FACTURESFOURNISSEURS_010826-011220_ST_FAC02_639211435409480120_001
NUMERO_PIECE;0688K2608ZWE9;FAC02_SRC_FACTURESFOURNISSEURS_010826-011220_ST_FAC02_639211435409480120_001
NUMERO_PIECE;0551R26081608;FAC02_SRC_FACTURESFOURNISSEURS_010826-011220_ST_FAC02_639211435409480120_001
NUMERO_PIECE;0551R26081598;FAC02_SRC_FACTURESFOURNISSEURS_010826-011220_ST_FAC02_639211435409480120_001
NUMERO_PIECE;0551R26081599;FAC02_SRC_FACTURESFOURNISSEURS_010826-011220_ST_FAC02_639211435409480120_001
NUMERO_PIECE;0551R26081600;FAC02_SRC_FACTURESFOURNISSEURS_010826-011220_ST_FAC02_639211435409480120_001
NUMERO_PIECE;0551R26081605;FAC02_SRC_FACTURESFOURNISSEURS_010826-011220_ST_FAC02_639211435409480120_001
NUMERO_PIECE;0551R26081606;FAC02_SRC_FACTURESFOURNISSEURS_010826-011220_ST_FAC02_639211435409480120_001
NUMERO_PIECE;0551R26081607;FAC02_SRC_FACTURESFOURNISSEURS_010826-011220_ST_FAC02_639211435409480120_001
NUMERO_PIECE;0551R26081610;FAC02_SRC_FACTURESFOURNISSEURS_010826-011220_ST_FAC02_639211435409480120_001
NUMERO_PIECE;0551R26081601;FAC02_SRC_FACTURESFOURNISSEURS_010826-011220_ST_FAC02_639211435409480120_001
NUMERO_PIECE;0804O2608RTG0;FAC02_SRC_FACTURESFOURNISSEURS_010826-011220_ST_FAC02_639211435409480120_001
NUMERO_PIECE;0804O2608RTF9;FAC02_SRC_FACTURESFOURNISSEURS_010826-011220_ST_FAC02_639211435409480120_001
SOCIETE;0800;FAC02_SRC_FACTURESFOURNISSEURS_010826-011220_ST_FAC02_639211435409480120_001
NUMERO_PIECE;0804O2608RTH1;FAC02_SRC_FACTURESFOURNISSEURS_010826-011220_ST_FAC02_639211435409480120_001
NUMERO_PIECE;0804O2608RTH4;FAC02_SRC_FACTURESFOURNISSEURS_010826-011220_ST_FAC02_639211435409480120_001
NUMERO_PIECE;0804O2608RTH2;FAC02_SRC_FACTURESFOURNISSEURS_010826-011220_ST_FAC02_639211435409480120_001
NUMERO_PIECE;0688K2608ZWC0;FAC02_SRC_FACTURESFOURNISSEURS_010826-011220_ST_FAC02_639211435409480120_001
NUMERO_PIECE;0688K2608ZWE8;FAC02_SRC_FACTURESFOURNISSEURS_010826-011220_ST_FAC02_639211435409480120_001
NUMERO_PIECE;0658K26082157;FAC02_SRC_FACTURESFOURNISSEURS_010826-011220_ST_FAC02_639211435409480120_001
NUMERO_PIECE;0688K2608ZWC2;FAC02_SRC_FACTURESFOURNISSEURS_010826-011220_ST_FAC02_639211435409480120_001
NUMERO_PIECE;0688K2608ZWE4;FAC02_SRC_FACTURESFOURNISSEURS_010826-011220_ST_FAC02_639211435409480120_001
NUMERO_PIECE;0688K2608ZWC3;FAC02_SRC_FACTURESFOURNISSEURS_010826-011220_ST_FAC02_639211435409480120_001
NUMERO_PIECE;0688K2608ZWE2;FAC02_SRC_FACTURESFOURNISSEURS_010826-011220_ST_FAC02_639211435409480120_001
NUMERO_PIECE;0688K2608ZWC4;FAC02_SRC_FACTURESFOURNISSEURS_010826-011220_ST_FAC02_639211435409480120_001
NUMERO_PIECE;0688K2608ZWC5;FAC02_SRC_FACTURESFOURNISSEURS_010826-011220_ST_FAC02_639211435409480120_001
NUMERO_PIECE;0688K2608ZWC6;FAC02_SRC_FACTURESFOURNISSEURS_010826-011220_ST_FAC02_639211435409480120_001
NUMERO_PIECE;0688K2608ZWC7;FAC02_SRC_FACTURESFOURNISSEURS_010826-011220_ST_FAC02_639211435409480120_001
NUMERO_PIECE;0688K2608ZWC8;FAC02_SRC_FACTURESFOURNISSEURS_010826-011220_ST_FAC02_639211435409480120_001
NUMERO_PIECE;0688K2608ZWC9;FAC02_SRC_FACTURESFOURNISSEURS_010826-011220_ST_FAC02_639211435409480120_001
NUMERO_PIECE;0551R26081597;FAC02_SRC_FACTURESFOURNISSEURS_010826-011220_ST_FAC02_639211435409480120_001
