411100;0298811Y;D;115486.00;+
704501;0298811Y;C;96238.00;+
445715;0298811Y;C;19248.00;+
411100;0117200K;D;2961964.00;+
704501;0117200K;C;792857.00;+
704501;0117200K;C;1980873.00;+
445715;0117200K;C;108948.00;+
445715;0117200K;C;79286.00;+
411150;0305698J;D;798506.00;+
704501;0305698J;C;665422.00;+
445715;0305698J;C;133084.00;+
411100;0605672L;D;6426.00;+
704501;0605672L;C;5842.00;+
445715;0605672L;C;584.00;+
411100;0118167H;D;97667.00;+
704501;0118167H;C;81389.00;+
445715;0118167H;C;16278.00;+
411100;0582047B;D;19267.00;+
704501;0582047B;C;17515.00;+
445715;0582047B;C;1752.00;+
411100;0004897T;D;53130.00;+
704501;0004897T;C;48300.00;+
445715;0004897T;C;4830.00;+
411100;0438488G;D;174600.00;+
704501;0438488G;C;145500.00;+
445715;0438488G;C;29100.00;+
411100;0483853S;D;146597.00;+
704501;0483853S;C;122164.00;+
445715;0483853S;C;24433.00;+
411150;0305698J;D;216600.00;+
704501;0305698J;C;180500.00;+
445715;0305698J;C;36100.00;+
411100;0605976L;D;31680.00;+
704501;0605976L;C;28800.00;+
445715;0605976L;C;2880.00;+
411150;0433418J;D;1924346.00;+
704501;0433418J;C;2405432.00;+
704501;0433418J;C;801810.00;-
445715;0433418J;C;160362.00;-
445715;0433418J;C;481086.00;+
411100;0605998P;D;40878.00;+
704501;0605998P;C;20500.00;+
704501;0605998P;C;17500.00;+
445715;0605998P;C;1128.00;+
445715;0605998P;C;1750.00;+
411100;0590867F;D;6875.00;+
704501;0590867F;C;6250.00;+
445715;0590867F;C;625.00;+
411100;0328523S;D;87090.00;+
704501;0328523S;C;72575.00;+
445715;0328523S;C;14515.00;+
411100;0328523S;D;135751.00;+
704501;0328523S;C;113126.00;+
445715;0328523S;C;22625.00;+
411100;0431097G;D;293733.00;+
704501;0431097G;C;267030.00;+
445715;0431097G;C;26703.00;+
411100;0557604L;D;119962.00;+
704501;0557604L;C;99968.00;+
445715;0557604L;C;19994.00;+
411100;0568496Q;D;2088029.00;+
704501;0568496Q;C;1064823.00;-
704501;0568496Q;C;2963031.00;+
445715;0568496Q;C;106482.00;-
445715;0568496Q;C;296303.00;+
411100;0420251J;D;188916.00;+
704501;0420251J;C;157430.00;+
445715;0420251J;C;31486.00;+
411100;0516291E;D;8832.00;+
704501;0516291E;C;8029.00;+
445715;0516291E;C;803.00;+
411100;0605249F;D;11520.00;+
704501;0605249F;C;9600.00;+
445715;0605249F;C;1920.00;+
411100;0558349P;D;114048.00;+
704501;0558349P;C;95040.00;+
445715;0558349P;C;19008.00;+
411100;0582568J;D;6784.00;+
704501;0582568J;C;6167.00;+
445715;0582568J;C;617.00;+
411100;0605999R;D;97588.00;+
704501;0605999R;C;92500.00;+
445715;0605999R;C;5088.00;+
411100;0021102R;D;1217172.00;+
704501;0021102R;C;829887.00;-
704501;0021102R;C;1936407.00;+
445715;0021102R;C;82989.00;-
445715;0021102R;C;193641.00;+
411100;0475462G;D;297704.00;+
704501;0475462G;C;248087.00;+
445715;0475462G;C;49617.00;+
411100;0605982T;D;12379.00;+
704501;0605982T;C;11254.00;+
445715;0605982T;C;1125.00;+
411150;0325339C;D;270400.00;+
704501;0325339C;C;225333.00;+
445715;0325339C;C;45067.00;+
411100;0328523S;D;155940.00;+
704501;0328523S;C;129950.00;+
445715;0328523S;C;25990.00;+
411100;0605983V;D;33000.00;+
704501;0605983V;C;30000.00;+
445715;0605983V;C;3000.00;+
411100;0605993J;D;6270.00;+
704501;0605993J;C;5700.00;+
445715;0605993J;C;570.00;+
411100;0605996M;D;24814.00;+
704501;0605996M;C;23520.00;+
445715;0605996M;C;1294.00;+
411150;0325339C;D;249948.00;+
704501;0325339C;C;208290.00;+
445715;0325339C;C;41658.00;+
411150;0570363C;D;2889062.00;+
704501;0570363C;C;2407552.00;+
445715;0570363C;C;481510.00;+
411150;0590080Q;D;8398242.00;+
704501;0590080Q;C;6998535.00;+
445715;0590080Q;C;1399707.00;+
411100;0584382S;D;526356.00;+
704501;0584382S;C;478505.00;+
445715;0584382S;C;47851.00;+
411100;0039682N;D;1489642.00;+
704501;0039682N;C;1411983.00;+
445715;0039682N;C;77659.00;+
411100;0567562N;D;115162.00;+
704501;0567562N;C;95968.00;+
445715;0567562N;C;19194.00;+
411100;0535011J;D;362011.00;+
704501;0535011J;C;301676.00;+
445715;0535011J;C;60335.00;+
411100;0486481F;D;353491.00;+
704501;0486481F;C;294576.00;+
445715;0486481F;C;58915.00;+
411100;0475462G;D;114000.00;+
704501;0475462G;C;95000.00;+
445715;0475462G;C;19000.00;+
411100;0449456L;D;42919.00;+
704501;0449456L;C;35766.00;+
445715;0449456L;C;7153.00;+
411100;0605981S;D;17116.00;+
704501;0605981S;C;15560.00;+
445715;0605981S;C;1556.00;+
411100;0328523S;D;95845.00;+
704501;0328523S;C;79871.00;+
445715;0328523S;C;15974.00;+
411100;0328523S;D;692916.00;+
704501;0328523S;C;577430.00;+
445715;0328523S;C;115486.00;+
411100;0571246L;D;927336.00;+
704501;0571246L;C;772780.00;+
445715;0571246L;C;154556.00;+
411100;0509693S;D;167608.00;+
704501;0509693S;C;139673.00;+
445715;0509693S;C;27935.00;+
411100;0232238B;D;111600.00;+
704501;0232238B;C;93000.00;+
445715;0232238B;C;18600.00;+
411100;0586124M;D;27500.00;+
704501;0586124M;C;25000.00;+
445715;0586124M;C;2500.00;+
411100;0118167H;D;797443.00;+
704501;0118167H;C;664536.00;+
445715;0118167H;C;132907.00;+
411150;0570363C;D;752400.00;+
704501;0570363C;C;627000.00;+
445715;0570363C;C;125400.00;+
411100;0415078E;D;375367.00;+
704501;0415078E;C;312806.00;+
445715;0415078E;C;62561.00;+
411100;0589297M;D;169162.00;+
704501;0589297M;C;140968.00;+
445715;0589297M;C;28194.00;+
411100;0234916A;D;1126843.00;+
704501;0234916A;C;939036.00;+
445715;0234916A;C;187807.00;+
411100;0592148N;D;114455.00;+
704501;0592148N;C;104050.00;+
445715;0592148N;C;10405.00;+
411100;0036103D;D;3136729.00;+
704501;0036103D;C;2851572.00;+
445715;0036103D;C;285157.00;+
411100;0328523S;D;142692.00;+
704501;0328523S;C;118910.00;+
445715;0328523S;C;23782.00;+
411100;0328523S;D;204907.00;+
704501;0328523S;C;170756.00;+
445715;0328523S;C;34151.00;+
411100;0501731R;D;14973142.00;+
704501;0501731R;C;12477618.00;+
445715;0501731R;C;2495524.00;+
411100;0449456L;D;96372.00;+
704501;0449456L;C;80310.00;+
445715;0449456L;C;16062.00;+
411100;0328523S;D;249892.00;+
704501;0328523S;C;208243.00;+
445715;0328523S;C;41649.00;+
411100;0525755G;C;17358235.00;+
704501;0525755G;D;14465196.00;+
445715;0525755G;D;2893039.00;+
411100;0525755G;D;17358235.00;+
704501;0525755G;C;14465196.00;+
445715;0525755G;C;2893039.00;+
411100;0605685E;D;54990.00;+
704501;0605685E;C;71415.00;+
704501;0605685E;C;21424.00;-
445715;0605685E;C;2142.00;-
445715;0605685E;C;7141.00;+
411100;0316948L;D;57200.00;+
704501;0316948L;C;52000.00;+
445715;0316948L;C;5200.00;+
411100;0421873Q;D;412636.00;+
704501;0421873Q;C;343863.00;+
445715;0421873Q;C;68773.00;+
411100;0487189K;D;165840.00;+
704501;0487189K;C;138200.00;+
445715;0487189K;C;27640.00;+
411100;0449456L;D;112337.00;+
704501;0449456L;C;93614.00;+
445715;0449456L;C;18723.00;+
411100;0588874H;D;24428.00;+
704501;0588874H;C;22207.00;+
445715;0588874H;C;2221.00;+
411100;0327650T;D;223560.00;+
704501;0327650T;C;186300.00;+
445715;0327650T;C;37260.00;+
411100;0328523S;D;1423800.00;+
704501;0328523S;C;1186500.00;+
445715;0328523S;C;237300.00;+
411100;0526148A;D;780600.00;+
704501;0526148A;C;650500.00;+
445715;0526148A;C;130100.00;+
411100;0509693S;D;43092.00;+
704501;0509693S;C;35910.00;+
445715;0509693S;C;7182.00;+
411100;0590590N;D;114290.00;+
704501;0590590N;C;103900.00;+
445715;0590590N;C;10390.00;+
411150;0570363C;D;1615904.00;+
704501;0570363C;C;1346587.00;+
445715;0570363C;C;269317.00;+
411100;0329207S;D;302400.00;+
704501;0329207S;C;252000.00;+
445715;0329207S;C;50400.00;+
411100;0487189K;D;272021.00;+
704501;0487189K;C;226684.00;+
445715;0487189K;C;45337.00;+
411100;0118167H;D;702463.00;+
704501;0118167H;C;585386.00;+
445715;0118167H;C;117077.00;+
411100;0580939O;D;129000.00;+
704501;0580939O;C;107500.00;+
445715;0580939O;C;21500.00;+
411100;0596746R;D;696025.00;+
704501;0596746R;C;632750.00;+
445715;0596746R;C;63275.00;+
411100;0604963E;D;19525.00;+
704501;0604963E;C;17750.00;-
704501;0604963E;C;35500.00;+
445715;0604963E;C;1775.00;-
445715;0604963E;C;3550.00;+
411100;0491934F;D;1481394.00;+
704501;0491934F;C;1234495.00;+
445715;0491934F;C;246899.00;+
411100;0439509B;C;842160.00;+
704501;0439509B;D;701800.00;+
445715;0439509B;D;140360.00;+
411100;0491934F;D;3226408.00;+
704501;0491934F;C;2688673.00;+
445715;0491934F;C;537735.00;+
411100;0008837C;D;1571580.00;+
704501;0008837C;C;1309650.00;+
445715;0008837C;C;261930.00;+
411100;0489950Q;D;2122288.00;+
704501;0489950Q;C;2947624.00;-
704501;0489950Q;C;4716197.00;+
445715;0489950Q;C;589525.00;-
445715;0489950Q;C;943240.00;+
411150;0591408O;D;2122288.00;+
704501;0591408O;C;2947624.00;-
704501;0591408O;C;4716197.00;+
445715;0591408O;C;589525.00;-
445715;0591408O;C;943240.00;+
411100;0523947D;D;1710000.00;+
704501;0523947D;C;1425000.00;+
445715;0523947D;C;285000.00;+
411100;0329207S;D;322020.00;+
704501;0329207S;C;268350.00;+
445715;0329207S;C;53670.00;+
411100;0574137O;D;720341.00;+
704501;0574137O;C;600284.00;+
445715;0574137O;C;120057.00;+
411100;0497874R;D;6222097.00;+
704501;0497874R;C;5185081.00;+
445715;0497874R;C;1037016.00;+
411100;0559952D;D;262900.00;+
704501;0559952D;C;239000.00;+
445715;0559952D;C;23900.00;+
411100;0491530A;D;514800.00;+
704501;0491530A;C;429000.00;+
445715;0491530A;C;85800.00;+
411100;0606004X;D;6875.00;+
704501;0606004X;C;6250.00;+
445715;0606004X;C;625.00;+
411100;0488711M;D;28992.00;+
704501;0488711M;C;26356.00;+
445715;0488711M;C;2636.00;+
411100;0491530A;D;435211.00;+
704501;0491530A;C;362676.00;+
445715;0491530A;C;72535.00;+
411100;0582269O;D;68632.00;+
704501;0582269O;C;57193.00;+
445715;0582269O;C;11439.00;+
411100;0069647R;D;38611.00;+
704501;0069647R;C;32176.00;+
445715;0069647R;C;6435.00;+
411100;0605395W;D;39729.00;+
704501;0605395W;C;36117.00;-
704501;0605395W;C;72234.00;+
445715;0605395W;C;3612.00;-
445715;0605395W;C;7224.00;+
411150;0570363C;D;135600.00;+
704501;0570363C;C;113000.00;+
445715;0570363C;C;22600.00;+
411100;0491530A;D;273840.00;+
704501;0491530A;C;228200.00;+
445715;0491530A;C;45640.00;+
411150;0570363C;D;300960.00;+
704501;0570363C;C;250800.00;+
445715;0570363C;C;50160.00;+
411100;0576974B;D;96493.00;+
704501;0576974B;C;80411.00;+
445715;0576974B;C;16082.00;+
411100;0449456L;D;101532.00;+
704501;0449456L;C;84610.00;+
445715;0449456L;C;16922.00;+
411100;0511647P;D;372900.00;+
704501;0511647P;C;310750.00;+
445715;0511647P;C;62150.00;+
411150;0570363C;D;182400.00;+
704501;0570363C;C;152000.00;+
445715;0570363C;C;30400.00;+
411100;0592244O;D;2674.00;+
704501;0592244O;C;4862.00;+
704501;0592244O;C;2431.00;-
445715;0592244O;C;243.00;-
445715;0592244O;C;486.00;+
411150;0570363C;D;142200.00;+
704501;0570363C;C;118500.00;+
445715;0570363C;C;23700.00;+
411100;0588269K;D;6875.00;+
704501;0588269K;C;12500.00;+
704501;0588269K;C;6250.00;-
445715;0588269K;C;625.00;-
445715;0588269K;C;1250.00;+
411100;0421873Q;D;81408.00;+
704501;0421873Q;C;67840.00;+
445715;0421873Q;C;13568.00;+
411100;0580939O;C;81450.00;+
704501;0580939O;D;67875.00;+
445715;0580939O;D;13575.00;+
411100;0552071H;D;59327.00;+
704501;0552071H;C;53934.00;+
445715;0552071H;C;5393.00;+
411150;0570363C;D;1132560.00;+
704501;0570363C;C;943800.00;+
445715;0570363C;C;188760.00;+
411100;0088824Z;D;70680.00;+
704501;0088824Z;C;58900.00;+
445715;0088824Z;C;11780.00;+
411100;0565127K;D;48180.00;+
704501;0565127K;C;43800.00;+
445715;0565127K;C;4380.00;+
411150;0570363C;D;553488.00;+
704501;0570363C;C;461240.00;+
445715;0570363C;C;92248.00;+
411100;0283084D;D;55440.00;+
704501;0283084D;C;50400.00;+
445715;0283084D;C;5040.00;+
411100;0313275D;D;45228.00;+
704501;0313275D;C;37690.00;+
445715;0313275D;C;7538.00;+
411100;0491530A;D;158094.00;+
704501;0491530A;C;131745.00;+
445715;0491530A;C;26349.00;+
411100;0557604L;D;141712.00;+
704501;0557604L;C;118093.00;+
445715;0557604L;C;23619.00;+
411100;0449456L;D;109802.00;+
704501;0449456L;C;91502.00;+
445715;0449456L;C;18300.00;+
411100;0491934F;D;1225673.00;+
704501;0491934F;C;1021394.00;+
445715;0491934F;C;204279.00;+
411150;0570363C;D;1053960.00;+
704501;0570363C;C;878300.00;+
445715;0570363C;C;175660.00;+
411100;0232245K;D;24046.00;+
704501;0232245K;C;21860.00;+
445715;0232245K;C;2186.00;+
411100;0250227X;D;682756.00;+
704501;0250227X;C;568963.00;+
445715;0250227X;C;113793.00;+
411100;0580939O;C;234600.00;+
704501;0580939O;D;195500.00;+
445715;0580939O;D;39100.00;+
411100;0580939O;D;234600.00;+
704501;0580939O;C;195500.00;+
445715;0580939O;C;39100.00;+
411100;0589023E;D;45117.00;+
704501;0589023E;C;41015.00;+
445715;0589023E;C;4102.00;+
411100;0119477F;D;88275.00;+
704501;0119477F;C;80250.00;+
445715;0119477F;C;8025.00;+
411100;0437407I;D;6216096.00;+
704501;0437407I;C;5180080.00;+
445715;0437407I;C;1036016.00;+
411100;0451668A;D;115200.00;+
704501;0451668A;C;96000.00;+
445715;0451668A;C;19200.00;+
411100;0541272A;D;48180.00;+
704501;0541272A;C;43800.00;+
445715;0541272A;C;4380.00;+
411150;0570363C;D;875040.00;+
704501;0570363C;C;729200.00;+
445715;0570363C;C;145840.00;+
411100;0605691L;D;148270.00;+
704501;0605691L;C;63818.00;+
704501;0605691L;C;74000.00;+
445715;0605691L;C;4070.00;+
445715;0605691L;C;6382.00;+
411150;0570363C;D;111600.00;+
704501;0570363C;C;93000.00;+
445715;0570363C;C;18600.00;+
411100;0541956A;D;20757.00;+
704501;0541956A;C;18870.00;+
445715;0541956A;C;1887.00;+
411100;0479038K;D;53010.00;+
704501;0479038K;C;44175.00;+
445715;0479038K;C;8835.00;+
411100;0015725R;D;24860.00;+
704501;0015725R;C;22600.00;+
445715;0015725R;C;2260.00;+
411100;0491530A;D;107796.00;+
704501;0491530A;C;89830.00;+
445715;0491530A;C;17966.00;+
411100;0245365Z;D;48176.00;+
704501;0245365Z;C;40147.00;+
445715;0245365Z;C;8029.00;+
411100;0554709E;D;85030.00;+
704501;0554709E;C;77300.00;+
445715;0554709E;C;7730.00;+
411100;0313363W;D;39672.00;+
704501;0313363W;C;33060.00;+
445715;0313363W;C;6612.00;+
411150;0570363C;D;127440.00;+
704501;0570363C;C;106200.00;+
445715;0570363C;C;21240.00;+
411100;0329207S;D;552960.00;+
704501;0329207S;C;460800.00;+
445715;0329207S;C;92160.00;+
411100;0221783W;D;3015266.00;+
704501;0221783W;C;2512722.00;+
445715;0221783W;C;502544.00;+
411150;0305698J;D;232560.00;+
704501;0305698J;C;193800.00;+
445715;0305698J;C;38760.00;+
411100;0329207S;D;418800.00;+
704501;0329207S;C;349000.00;+
445715;0329207S;C;69800.00;+
411100;0330266K;D;189900.00;+
704501;0330266K;C;158250.00;+
445715;0330266K;C;31650.00;+
411100;0587500B;D;154238.00;+
704501;0587500B;C;128532.00;+
445715;0587500B;C;25706.00;+
411100;0541253A;D;9570.00;+
704501;0541253A;C;7975.00;+
445715;0541253A;C;1595.00;+
411150;0305698J;D;22336.00;+
704501;0305698J;C;18613.00;+
445715;0305698J;C;3723.00;+
411100;0075221A;D;174686.00;+
704501;0075221A;C;145572.00;+
445715;0075221A;C;29114.00;+
411100;0580939O;D;81450.00;+
704501;0580939O;C;67875.00;+
445715;0580939O;C;13575.00;+
411100;0586642R;D;2454.00;+
704501;0586642R;C;4462.00;+
704501;0586642R;C;2231.00;-
445715;0586642R;C;223.00;-
445715;0586642R;C;446.00;+
411100;0134179B;D;2694068.00;+
704501;0134179B;C;2245057.00;+
445715;0134179B;C;449011.00;+
411150;0570363C;D;132240.00;+
704501;0570363C;C;110200.00;+
445715;0570363C;C;22040.00;+
411100;0491530A;D;464880.00;+
704501;0491530A;C;387400.00;+
445715;0491530A;C;77480.00;+
411150;0588369P;D;24881088.00;+
704501;0588369P;C;20734240.00;+
445715;0588369P;C;4146848.00;+
411100;0574730S;D;97790.00;+
704501;0574730S;C;88900.00;+
445715;0574730S;C;8890.00;+
411100;0329207S;D;348000.00;+
704501;0329207S;C;290000.00;+
445715;0329207S;C;58000.00;+
411100;0268297Y;D;177790.00;+
704501;0268297Y;C;148158.00;+
445715;0268297Y;C;29632.00;+
411100;0000470T;D;24881088.00;+
704501;0000470T;C;20734240.00;+
445715;0000470T;C;4146848.00;+
411150;0305698J;D;63665.00;+
704501;0305698J;C;53054.00;+
445715;0305698J;C;10611.00;+
411100;0317004K;D;19487.00;+
704501;0317004K;C;16239.00;+
445715;0317004K;C;3248.00;+
411100;0121100S;D;25566.00;+
704501;0121100S;C;21305.00;+
445715;0121100S;C;4261.00;+
411150;0478584M;D;357466.00;+
704501;0478584M;C;297888.00;+
445715;0478584M;C;59578.00;+
411100;0162649L;D;1909908.00;+
704501;0162649L;C;2273700.00;+
704501;0162649L;C;682110.00;-
445715;0162649L;C;136422.00;-
445715;0162649L;C;454740.00;+
411100;0441162B;D;15339898.00;+
704501;0441162B;C;12851996.00;+
704501;0441162B;C;1484202.00;+
445715;0441162B;C;706860.00;+
445715;0441162B;C;296840.00;+
411100;0000470T;D;3449953.00;+
709450;0000470T;C;3449953.00;+
411100;0536432F;D;9570.00;+
704501;0536432F;C;7975.00;+
445715;0536432F;C;1595.00;+
411100;0606003W;D;25320.00;+
704501;0606003W;C;24000.00;+
445715;0606003W;C;1320.00;+
411100;0000113Z;D;73572.00;+
704501;0000113Z;C;61310.00;+
445715;0000113Z;C;12262.00;+
411100;0314090B;D;243000.00;+
704501;0314090B;C;202500.00;+
445715;0314090B;C;40500.00;+
411150;0478584M;D;1350330.00;+
704501;0478584M;C;482261.00;-
704501;0478584M;C;1607536.00;+
445715;0478584M;C;96452.00;-
445715;0478584M;C;321507.00;+
411100;0605814X;C;27480.00;+
704501;0605814X;D;22900.00;+
445715;0605814X;D;4580.00;+
411100;0605814X;D;27480.00;+
704501;0605814X;C;22900.00;+
445715;0605814X;C;4580.00;+
411100;0313363W;D;76944.00;+
704501;0313363W;C;64120.00;+
445715;0313363W;C;12824.00;+
411100;0589297M;D;109216.00;+
704501;0589297M;C;91013.00;+
445715;0589297M;C;18203.00;+
411150;0305698J;D;672000.00;+
704501;0305698J;C;560000.00;+
445715;0305698J;C;112000.00;+
411100;0491530A;D;53040.00;+
704501;0491530A;C;44200.00;+
445715;0491530A;C;8840.00;+
411100;0486003C;D;165617.00;+
704501;0486003C;C;138014.00;+
445715;0486003C;C;27603.00;+
411100;0491530A;D;308804.00;+
704501;0491530A;C;257337.00;+
445715;0491530A;C;51467.00;+
411100;0605683C;D;43120.00;+
704501;0605683C;C;16800.00;-
704501;0605683C;C;56000.00;+
445715;0605683C;C;1680.00;-
445715;0605683C;C;5600.00;+
411150;0570363C;D;870840.00;+
704501;0570363C;C;725700.00;+
445715;0570363C;C;145140.00;+
411150;0305698J;D;34412.00;+
704501;0305698J;C;28677.00;+
445715;0305698J;C;5735.00;+
411100;0593810D;C;1909908.00;+
704501;0593810D;D;682110.00;-
704501;0593810D;D;2273700.00;+
445715;0593810D;D;136422.00;-
445715;0593810D;D;454740.00;+
411100;0441162B;D;481554.00;+
704501;0441162B;C;88466.00;+
704501;0441162B;C;323518.00;+
445715;0441162B;C;4866.00;+
445715;0441162B;C;64704.00;+
411150;0305698J;D;283868.00;+
704501;0305698J;C;236557.00;+
445715;0305698J;C;47311.00;+
411100;0476942E;D;47700.00;+
704501;0476942E;C;39750.00;+
445715;0476942E;C;7950.00;+
411100;0605814X;C;103106.00;+
704501;0605814X;D;85922.00;+
445715;0605814X;D;17184.00;+
411100;0491530A;D;146952.00;+
704501;0491530A;C;122460.00;+
445715;0491530A;C;24492.00;+
411100;0039966L;D;25669.00;+
704501;0039966L;C;23335.00;+
445715;0039966L;C;2334.00;+
411150;0570363C;D;597600.00;+
704501;0570363C;C;498000.00;+
445715;0570363C;C;99600.00;+
411100;0450754R;D;12685.00;+
704501;0450754R;C;11532.00;+
445715;0450754R;C;1153.00;+
411100;0301803J;D;263244.00;+
704501;0301803J;C;219370.00;+
445715;0301803J;C;43874.00;+
411100;0152036Y;D;139650.00;+
704501;0152036Y;C;116375.00;+
445715;0152036Y;C;23275.00;+
411100;0605683C;D;83025.00;+
704501;0605683C;C;65800.00;+
704501;0605683C;C;19740.00;-
704501;0605683C;C;11558.00;-
704501;0605683C;C;38524.00;+
445715;0605683C;C;1974.00;-
445715;0605683C;C;6580.00;+
445715;0605683C;C;2312.00;-
445715;0605683C;C;7705.00;+
411100;0501835H;D;42637.00;+
704501;0501835H;C;35531.00;+
445715;0501835H;C;7106.00;+
411150;0417942S;D;512590.00;+
704501;0417942S;C;427158.00;+
445715;0417942S;C;85432.00;+
411100;0129614W;D;48972.00;+
704501;0129614W;C;40810.00;+
445715;0129614W;C;8162.00;+
411100;0605814X;C;256198.00;+
704501;0605814X;D;213498.00;+
445715;0605814X;D;42700.00;+
411100;0605814X;D;256198.00;+
704501;0605814X;C;213498.00;+
445715;0605814X;C;42700.00;+
411100;0323283Y;D;19800.00;+
704501;0323283Y;C;18000.00;+
445715;0323283Y;C;1800.00;+
411100;0587553Q;D;33492.00;+
704501;0587553Q;C;27910.00;+
445715;0587553Q;C;5582.00;+
411100;0301803J;D;46232.00;+
704501;0301803J;C;38527.00;+
445715;0301803J;C;7705.00;+
411100;0491530A;D;281662.00;+
704501;0491530A;C;234718.00;+
445715;0491530A;C;46944.00;+
411100;0597319V;D;25210.00;+
704501;0597319V;C;21008.00;+
445715;0597319V;C;4202.00;+
411100;0301803J;D;350904.00;+
704501;0301803J;C;292420.00;+
445715;0301803J;C;58484.00;+
411100;0596619B;D;379249.00;+
704501;0596619B;C;316041.00;+
445715;0596619B;C;63208.00;+
411150;0472764G;D;96838.00;+
704501;0472764G;C;80698.00;+
445715;0472764G;C;16140.00;+
411150;0472764G;D;97321.00;+
704501;0472764G;C;81101.00;+
445715;0472764G;C;16220.00;+
411100;0526290J;D;524150.00;+
704501;0526290J;C;436792.00;+
445715;0526290J;C;87358.00;+
411100;0599214N;D;1960200.00;+
704501;0599214N;C;1633500.00;+
445715;0599214N;C;326700.00;+
411100;0329207S;D;1360918.00;+
704501;0329207S;C;1701147.00;+
704501;0329207S;C;567049.00;-
445715;0329207S;C;113410.00;-
445715;0329207S;C;340230.00;+
411100;0200896L;D;32250.00;+
704501;0200896L;C;26875.00;+
445715;0200896L;C;5375.00;+
411100;0554709E;D;48180.00;+
704501;0554709E;C;43800.00;+
445715;0554709E;C;4380.00;+
411100;0229731C;D;5752529.00;+
704501;0229731C;C;2054474.00;-
704501;0229731C;C;6848248.00;+
445715;0229731C;C;410895.00;-
445715;0229731C;C;1369650.00;+
411100;0491530A;D;122120.00;+
704501;0491530A;C;101767.00;+
445715;0491530A;C;20353.00;+
411100;0023508F;C;243000.00;+
704501;0023508F;D;202500.00;+
445715;0023508F;D;40500.00;+
411100;0605814X;D;103106.00;+
704501;0605814X;C;85922.00;+
445715;0605814X;C;17184.00;+
411100;0075221A;D;233546.00;+
704501;0075221A;C;194622.00;+
445715;0075221A;C;38924.00;+
411100;0035345F;D;256931.00;+
704501;0035345F;C;214109.00;+
445715;0035345F;C;42822.00;+
411100;0301803J;D;250879.00;+
704501;0301803J;C;209066.00;+
445715;0301803J;C;41813.00;+
411100;0502760B;D;191393.00;+
704501;0502760B;C;159494.00;+
445715;0502760B;C;31899.00;+
411100;0301803J;D;33718.00;+
704501;0301803J;C;28098.00;+
445715;0301803J;C;5620.00;+
411100;0110302J;D;47400.00;+
704501;0110302J;C;39500.00;+
445715;0110302J;C;7900.00;+
411100;0303217W;D;357932.00;+
704501;0303217W;C;325393.00;+
445715;0303217W;C;32539.00;+
411100;0301803J;D;487942.00;+
704501;0301803J;C;406618.00;+
445715;0301803J;C;81324.00;+
411100;0326160H;D;2888267.00;+
704501;0326160H;C;2406889.00;+
445715;0326160H;C;481378.00;+
411100;0583941O;D;22939709.00;+
704501;0583941O;C;27309173.00;+
704501;0583941O;C;8192749.00;-
445715;0583941O;C;1638550.00;-
445715;0583941O;C;5461835.00;+
411100;0556487P;D;25920.00;+
704501;0556487P;C;21600.00;+
445715;0556487P;C;4320.00;+
411100;0021999X;D;252000.00;+
704501;0021999X;C;210000.00;+
445715;0021999X;C;42000.00;+
411100;0541909K;D;35860.00;+
704501;0541909K;C;32600.00;+
445715;0541909K;C;3260.00;+
411100;0301803J;D;599794.00;+
704501;0301803J;C;499828.00;+
445715;0301803J;C;99966.00;+
411150;0305698J;D;105792.00;+
704501;0305698J;C;88160.00;+
445715;0305698J;C;17632.00;+
411100;0301803J;D;454728.00;+
704501;0301803J;C;378940.00;+
445715;0301803J;C;75788.00;+
411100;0301803J;D;202154.00;+
704501;0301803J;C;168462.00;+
445715;0301803J;C;33692.00;+
411100;0597466N;D;181608.00;+
704501;0597466N;C;151340.00;+
445715;0597466N;C;30268.00;+
411100;0320529Z;D;1038720.00;+
704501;0320529Z;C;865600.00;+
445715;0320529Z;C;173120.00;+
411100;0597466N;D;454020.00;+
704501;0597466N;C;378350.00;+
445715;0597466N;C;75670.00;+
411100;0441315C;D;265200.00;+
704501;0441315C;C;221000.00;+
445715;0441315C;C;44200.00;+
411100;0270976Y;D;22255.00;+
704501;0270976Y;C;18546.00;+
445715;0270976Y;C;3709.00;+
411100;0599342H;D;433605.00;+
704501;0599342H;C;411000.00;+
445715;0599342H;C;22605.00;+
411100;0255715S;D;32100.00;+
704501;0255715S;C;26750.00;+
445715;0255715S;C;5350.00;+
411100;0599167D;D;195580.00;+
704501;0599167D;C;254000.00;+
704501;0599167D;C;76200.00;-
445715;0599167D;C;7620.00;-
445715;0599167D;C;25400.00;+
411100;0502760B;D;580991.00;+
704501;0502760B;C;484159.00;+
445715;0502760B;C;96832.00;+
411100;0414531I;D;567076.00;+
704501;0414531I;C;472563.00;+
445715;0414531I;C;94513.00;+
411100;0576974B;D;301388.00;+
704501;0576974B;C;251157.00;+
445715;0576974B;C;50231.00;+
411150;0305698J;D;43662.00;+
704501;0305698J;C;36385.00;+
445715;0305698J;C;7277.00;+
411100;0604139T;D;65450.00;+
704501;0604139T;C;59500.00;+
445715;0604139T;C;5950.00;+
411100;0576974B;D;77531.00;+
704501;0576974B;C;64609.00;+
445715;0576974B;C;12922.00;+
411100;0511414K;D;73596.00;+
704501;0511414K;C;61330.00;+
445715;0511414K;C;12266.00;+
411100;0301803J;D;67838.00;+
704501;0301803J;C;56532.00;+
445715;0301803J;C;11306.00;+
411100;0288209Y;D;969923.00;+
704501;0288209Y;C;808269.00;+
445715;0288209Y;C;161654.00;+
411100;0054239S;D;149875.00;+
704501;0054239S;C;136250.00;+
445715;0054239S;C;13625.00;+
411100;0152481H;D;104193.00;+
704501;0152481H;C;94721.00;+
445715;0152481H;C;9472.00;+
411100;0589023E;D;62095.00;+
704501;0589023E;C;56450.00;+
445715;0589023E;C;5645.00;+
411100;0200896L;D;79980.00;+
704501;0200896L;C;66650.00;+
445715;0200896L;C;13330.00;+
411100;0605133D;D;56100.00;+
704501;0605133D;C;51000.00;+
445715;0605133D;C;5100.00;+
411100;0098823E;D;33660.00;+
704501;0098823E;C;30600.00;+
445715;0098823E;C;3060.00;+
411100;0590906G;D;74430.00;+
704501;0590906G;C;62025.00;+
445715;0590906G;C;12405.00;+
411100;0152481H;D;99751.00;+
704501;0152481H;C;90683.00;+
445715;0152481H;C;9068.00;+
411100;0574240D;D;157542.00;+
704501;0574240D;C;204600.00;+
704501;0574240D;C;61380.00;-
445715;0574240D;C;6138.00;-
445715;0574240D;C;20460.00;+
411100;0576974B;D;250853.00;+
704501;0576974B;C;209044.00;+
445715;0576974B;C;41809.00;+
411100;0125426J;D;51960.00;+
704501;0125426J;C;43300.00;+
445715;0125426J;C;8660.00;+
411100;0084790R;D;936727.00;+
704501;0084790R;C;780606.00;+
445715;0084790R;C;156121.00;+
411100;0073011S;D;205187.00;+
704501;0073011S;C;186534.00;+
445715;0073011S;C;18653.00;+
411100;0586860H;D;109670.00;+
704501;0586860H;C;99700.00;+
445715;0586860H;C;9970.00;+
411100;0326988Y;D;317404.00;+
704501;0326988Y;C;264503.00;+
445715;0326988Y;C;52901.00;+
411100;0557587N;C;250853.00;+
704501;0557587N;D;209044.00;+
445715;0557587N;D;41809.00;+
411100;0605814X;D;128581.00;+
704501;0605814X;C;107151.00;+
445715;0605814X;C;21430.00;+
411100;0598930P;D;149611.00;+
704501;0598930P;C;194300.00;+
704501;0598930P;C;58290.00;-
445715;0598930P;C;5829.00;-
445715;0598930P;C;19430.00;+
411100;0107070F;D;361430.00;+
704501;0107070F;C;301192.00;+
445715;0107070F;C;60238.00;+
411100;0326988Y;D;123264.00;+
704501;0326988Y;C;102720.00;+
445715;0326988Y;C;20544.00;+
411100;0020828E;D;253558.00;+
704501;0020828E;C;230507.00;+
445715;0020828E;C;23051.00;+
411100;0301683B;D;50050.00;+
704501;0301683B;C;45500.00;+
445715;0301683B;C;4550.00;+
411100;0084790R;D;592224.00;+
704501;0084790R;C;493520.00;+
445715;0084790R;C;98704.00;+
411100;0317992K;D;242419.00;+
704501;0317992K;C;202016.00;+
445715;0317992K;C;40403.00;+
411150;0305698J;D;287480.00;+
704501;0305698J;C;239567.00;+
445715;0305698J;C;47913.00;+
411100;0253750F;D;637654.00;+
704501;0253750F;C;531378.00;+
445715;0253750F;C;106276.00;+
411100;0000113Z;D;83842.00;+
704501;0000113Z;C;69868.00;+
445715;0000113Z;C;13974.00;+
411150;0305698J;D;101237.00;+
704501;0305698J;C;84364.00;+
445715;0305698J;C;16873.00;+
411100;0253750F;D;29484.00;+
704501;0253750F;C;24570.00;+
445715;0253750F;C;4914.00;+
411100;0054239S;D;48708.00;+
704501;0054239S;C;44280.00;+
445715;0054239S;C;4428.00;+
411100;0538532P;D;169400.00;+
704501;0538532P;C;66000.00;-
704501;0538532P;C;220000.00;+
445715;0538532P;C;6600.00;-
445715;0538532P;C;22000.00;+
411100;0084790R;D;112898.00;+
704501;0084790R;C;94082.00;+
445715;0084790R;C;18816.00;+
411100;0288760Y;D;237600.00;+
704501;0288760Y;C;198000.00;+
445715;0288760Y;C;39600.00;+
411100;0082782Z;D;48981.00;+
704501;0082782Z;C;44528.00;+
445715;0082782Z;C;4453.00;+
411100;0288760Y;D;170400.00;+
704501;0288760Y;C;142000.00;+
445715;0288760Y;C;28400.00;+
411100;0434144N;D;43320.00;+
704501;0434144N;C;36100.00;+
445715;0434144N;C;7220.00;+
411100;0577116K;D;2099393.00;+
704501;0577116K;C;1749494.00;+
445715;0577116K;C;349899.00;+
411100;0326988Y;D;212760.00;+
704501;0326988Y;C;177300.00;+
445715;0326988Y;C;35460.00;+
411100;0000113Z;D;98442.00;+
704501;0000113Z;C;82035.00;+
445715;0000113Z;C;16407.00;+
411100;0000113Z;D;357389.00;+
704501;0000113Z;C;297824.00;+
445715;0000113Z;C;59565.00;+
411100;0579627N;D;856878.00;+
704501;0579627N;C;778980.00;+
445715;0579627N;C;77898.00;+
411100;0499623S;D;96327.00;+
704501;0499623S;C;87570.00;+
445715;0499623S;C;8757.00;+
411100;0084790R;D;78632.00;+
704501;0084790R;C;65527.00;+
445715;0084790R;C;13105.00;+
411100;0605963T;D;13200.00;+
704501;0605963T;C;11000.00;+
445715;0605963T;C;2200.00;+
411100;0330300E;D;95719.00;+
704501;0330300E;C;79766.00;+
445715;0330300E;C;15953.00;+
411100;0253750F;D;37267.00;+
704501;0253750F;C;31056.00;+
445715;0253750F;C;6211.00;+
411100;0545967C;D;41580.00;+
704501;0545967C;C;37800.00;+
445715;0545967C;C;3780.00;+
411100;0576974B;D;81360.00;+
704501;0576974B;C;67800.00;+
445715;0576974B;C;13560.00;+
411100;0576974B;D;78044.00;+
704501;0576974B;C;65037.00;+
445715;0576974B;C;13007.00;+
411100;0605814X;C;128581.00;+
704501;0605814X;D;107151.00;+
445715;0605814X;D;21430.00;+
411100;0604451F;D;194136.00;+
704501;0604451F;C;252124.00;+
704501;0604451F;C;75637.00;-
445715;0604451F;C;7564.00;-
445715;0604451F;C;25213.00;+
411100;0328542S;D;137500.00;+
704501;0328542S;C;125000.00;+
445715;0328542S;C;12500.00;+
411100;0253750F;D;7081042.00;+
704501;0253750F;C;5900868.00;+
445715;0253750F;C;1180174.00;+
411100;0085715H;D;207900.00;+
704501;0085715H;C;189000.00;+
445715;0085715H;C;18900.00;+
411100;0084790R;D;2417152.00;+
704501;0084790R;C;2014293.00;+
445715;0084790R;C;402859.00;+
411100;0084790R;D;369354.00;+
704501;0084790R;C;307795.00;+
445715;0084790R;C;61559.00;+
411150;0305698J;D;32110.00;+
704501;0305698J;C;26758.00;+
445715;0305698J;C;5352.00;+
411100;0551568R;D;41800.00;+
704501;0551568R;C;38000.00;+
445715;0551568R;C;3800.00;+
411100;0311482W;D;221401.00;+
704501;0311482W;C;201274.00;+
445715;0311482W;C;20127.00;+
411100;0433933L;D;289399.00;+
704501;0433933L;C;241166.00;+
445715;0433933L;C;48233.00;+
411100;0606010G;D;6227381.00;+
704501;0606010G;C;5189484.00;+
445715;0606010G;C;1037897.00;+
411100;0330264H;C;542472.00;+
704501;0330264H;D;452060.00;+
445715;0330264H;D;90412.00;+
411100;0312909Y;D;46400.00;+
704501;0312909Y;C;42182.00;+
445715;0312909Y;C;4218.00;+
411150;0435146I;D;67500.00;+
704501;0435146I;C;56250.00;+
445715;0435146I;C;11250.00;+
411100;0084790R;D;136894.00;+
704501;0084790R;C;114078.00;+
445715;0084790R;C;22816.00;+
411150;0305698J;D;6854929.00;+
704501;0305698J;C;5712441.00;+
445715;0305698J;C;1142488.00;+
411100;0578704C;D;53820.00;+
704501;0578704C;C;44850.00;+
445715;0578704C;C;8970.00;+
411150;0305698J;D;1877802.00;+
704501;0305698J;C;1564835.00;+
445715;0305698J;C;312967.00;+
411100;0084790R;D;393736.00;+
704501;0084790R;C;328113.00;+
445715;0084790R;C;65623.00;+
411100;0253750F;D;395824.00;+
704501;0253750F;C;329853.00;+
445715;0253750F;C;65971.00;+
411150;0305698J;D;20435.00;+
704501;0305698J;C;17029.00;+
445715;0305698J;C;3406.00;+
411100;0311440P;D;2302696.00;+
704501;0311440P;C;1918913.00;+
445715;0311440P;C;383783.00;+
411100;0000470T;D;542472.00;+
704501;0000470T;C;452060.00;+
445715;0000470T;C;90412.00;+
411100;0551874A;D;49800.00;+
704501;0551874A;C;41500.00;+
445715;0551874A;C;8300.00;+
411100;0273608K;D;176237.00;+
704501;0273608K;C;146864.00;+
445715;0273608K;C;29373.00;+
411100;0584382S;C;425088.00;+
709450;0584382S;D;425088.00;+
411100;0162649L;D;42372.00;+
704501;0162649L;C;35310.00;+
445715;0162649L;C;7062.00;+
411100;0569221A;D;70956.00;+
704501;0569221A;C;27645.00;-
704501;0569221A;C;92150.00;+
445715;0569221A;C;2765.00;-
445715;0569221A;C;9216.00;+
411100;0599619W;D;164395.00;+
704501;0599619W;C;64050.00;-
704501;0599619W;C;213500.00;+
445715;0599619W;C;6405.00;-
445715;0599619W;C;21350.00;+
411150;0305698J;D;150356.00;+
704501;0305698J;C;125297.00;+
445715;0305698J;C;25059.00;+
411100;0004221D;D;5301642.00;+
704501;0004221D;C;4418035.00;+
445715;0004221D;C;883607.00;+
411100;0221157X;C;40634.00;+
704501;0221157X;D;33862.00;+
445715;0221157X;D;6772.00;+
411150;0305698J;D;148860.00;+
704501;0305698J;C;124050.00;+
445715;0305698J;C;24810.00;+
411100;0561614M;D;300239.00;+
704501;0561614M;C;250199.00;+
445715;0561614M;C;50040.00;+
411100;0004221D;D;3092986.00;+
704501;0004221D;C;2577488.00;+
445715;0004221D;C;515498.00;+
411100;0254114K;D;137014.00;+
704501;0254114K;C;124558.00;+
445715;0254114K;C;12456.00;+
411100;0316330Z;D;3015734.00;+
704501;0316330Z;C;2513112.00;+
445715;0316330Z;C;502622.00;+
411100;0004221D;D;2583668.00;+
704501;0004221D;C;2153057.00;+
445715;0004221D;C;430611.00;+
411100;0589219K;C;48182.00;+
704501;0589219K;D;43802.00;+
445715;0589219K;D;4380.00;+
411150;0305698J;D;415744.00;+
704501;0305698J;C;346453.00;+
445715;0305698J;C;69291.00;+
411100;0253750F;D;127846.00;+
704501;0253750F;C;106538.00;+
445715;0253750F;C;21308.00;+
411100;0318312F;C;87010.00;+
704501;0318312F;D;79100.00;+
445715;0318312F;D;7910.00;+
411100;0589023E;D;83451.00;+
704501;0589023E;C;79100.00;+
445715;0589023E;C;4351.00;+
411100;0576974B;D;108808.00;+
704501;0576974B;C;90673.00;+
445715;0576974B;C;18135.00;+
411100;0499623S;D;85200.00;+
704501;0499623S;C;71000.00;+
445715;0499623S;C;14200.00;+
411100;0006233B;D;609499.00;+
704501;0006233B;C;507916.00;+
445715;0006233B;C;101583.00;+
411100;0576974B;D;190511.00;+
704501;0576974B;C;158759.00;+
445715;0576974B;C;31752.00;+
411100;0233937L;D;90684.00;+
704501;0233937L;C;75570.00;+
445715;0233937L;C;15114.00;+
411100;0162649L;D;85754.00;+
704501;0162649L;C;71462.00;+
445715;0162649L;C;14292.00;+
411100;0253750F;D;141199.00;+
704501;0253750F;C;117666.00;+
445715;0253750F;C;23533.00;+
411100;0006233B;D;286979.00;+
704501;0006233B;C;111810.00;-
704501;0006233B;C;372700.00;+
445715;0006233B;C;11181.00;-
445715;0006233B;C;37270.00;+
411100;0004419P;D;56779.00;+
704501;0004419P;C;51617.00;+
445715;0004419P;C;5162.00;+
411100;0602262B;D;20020.00;+
704501;0602262B;C;7800.00;-
704501;0602262B;C;26000.00;+
445715;0602262B;C;780.00;-
445715;0602262B;C;2600.00;+
411150;0570358Q;D;3329999.00;+
704501;0570358Q;C;2774999.00;+
445715;0570358Q;C;555000.00;+
411100;0589023E;D;113212.00;+
704501;0589023E;C;107310.00;+
445715;0589023E;C;5902.00;+
411100;0000041D;D;57691.00;+
704501;0000041D;C;48076.00;+
445715;0000041D;C;9615.00;+
411150;0305698J;D;282326.00;+
704501;0305698J;C;235272.00;+
445715;0305698J;C;47054.00;+
411100;0000052T;D;47604.00;+
704501;0000052T;C;39670.00;+
445715;0000052T;C;7934.00;+
411100;0604469E;D;40768.00;+
704501;0604469E;C;15884.00;-
704501;0604469E;C;52946.00;+
445715;0604469E;C;1588.00;-
445715;0604469E;C;5294.00;+
411100;0000113Z;D;332039.00;+
704501;0000113Z;C;276699.00;+
445715;0000113Z;C;55340.00;+
411150;0305698J;D;198750.00;+
704501;0305698J;C;165625.00;+
445715;0305698J;C;33125.00;+
411100;0003700T;D;584839.00;+
704501;0003700T;C;487366.00;+
445715;0003700T;C;97473.00;+
411100;0233937L;D;162060.00;+
704501;0233937L;C;135050.00;+
445715;0233937L;C;27010.00;+
411100;0511712E;D;1434168.00;+
704501;0511712E;C;1195140.00;+
445715;0511712E;C;239028.00;+
411100;0606007D;D;248400.00;+
704501;0606007D;C;207000.00;+
445715;0606007D;C;41400.00;+
411100;0562220K;D;16894.00;+
704501;0562220K;C;14078.00;+
445715;0562220K;C;2816.00;+
411100;0562220K;D;32478.00;+
704501;0562220K;C;27065.00;+
445715;0562220K;C;5413.00;+
411100;0562220K;D;43176.00;+
704501;0562220K;C;35980.00;+
445715;0562220K;C;7196.00;+
411100;0253750F;D;367284.00;+
704501;0253750F;C;306070.00;+
445715;0253750F;C;61214.00;+
411100;0487189K;D;61530.00;+
704501;0487189K;C;51275.00;+
445715;0487189K;C;10255.00;+
411100;0004221D;D;10390674.00;+
704501;0004221D;C;8658895.00;+
445715;0004221D;C;1731779.00;+
411100;0421873Q;D;123366.00;+
704501;0421873Q;C;102805.00;+
445715;0421873Q;C;20561.00;+
411100;0000041D;D;452160.00;+
704501;0000041D;C;376800.00;+
445715;0000041D;C;75360.00;+
411100;0237619F;D;30960.00;+
704501;0237619F;C;25800.00;+
445715;0237619F;C;5160.00;+
411100;0604359J;D;24108.00;+
704501;0604359J;C;9392.00;-
704501;0604359J;C;31308.00;+
445715;0604359J;C;939.00;-
445715;0604359J;C;3131.00;+
411100;0019592D;D;117600.00;+
704501;0019592D;C;98000.00;+
445715;0019592D;C;19600.00;+
411100;0004221D;D;4668572.00;+
704501;0004221D;C;3890477.00;+
445715;0004221D;C;778095.00;+
411100;0039207N;C;118041.00;+
704501;0039207N;D;107310.00;+
445715;0039207N;D;10731.00;+
411100;0253750F;D;141815.00;+
704501;0253750F;C;118179.00;+
445715;0253750F;C;23636.00;+
411100;0328542S;D;131080.00;+
704501;0328542S;C;119164.00;+
445715;0328542S;C;11916.00;+
411100;0242051N;D;103800.00;+
704501;0242051N;C;86500.00;+
445715;0242051N;C;17300.00;+
411100;0253750F;D;202079.00;+
704501;0253750F;C;168399.00;+
445715;0253750F;C;33680.00;+
411100;0604419M;D;78568.00;+
704501;0604419M;C;30610.00;-
704501;0604419M;C;102035.00;+
445715;0604419M;C;3061.00;-
445715;0604419M;C;10204.00;+
411100;0071063D;D;1663357.00;+
704501;0071063D;C;1386131.00;+
445715;0071063D;C;277226.00;+
