SOCIETE;0001;FAC02_SRC_FACTURESFOURNISSEURS_190826-004600_ST_FAC02_639226971609923513_001
NUMERO_PIECE;0688K2608AXFQ;FAC02_SRC_FACTURESFOURNISSEURS_190826-004600_ST_FAC02_639226971609923513_001
NUMERO_PIECE;0688K2608AWVS;FAC02_SRC_FACTURESFOURNISSEURS_190826-004600_ST_FAC02_639226971609923513_001
NUMERO_PIECE;0688K2608AWVR;FAC02_SRC_FACTURESFOURNISSEURS_190826-004600_ST_FAC02_639226971609923513_001
NUMERO_PIECE;0688K2608AXJW;FAC02_SRC_FACTURESFOURNISSEURS_190826-004600_ST_FAC02_639226971609923513_001
NUMERO_PIECE;0688K2608AXCT;FAC02_SRC_FACTURESFOURNISSEURS_190826-004600_ST_FAC02_639226971609923513_001
NUMERO_PIECE;0688K2608AXFA;FAC02_SRC_FACTURESFOURNISSEURS_190826-004600_ST_FAC02_639226971609923513_001
NUMERO_PIECE;0688K2608AXFG;FAC02_SRC_FACTURESFOURNISSEURS_190826-004600_ST_FAC02_639226971609923513_001
NUMERO_PIECE;0688K2608AXFE;FAC02_SRC_FACTURESFOURNISSEURS_190826-004600_ST_FAC02_639226971609923513_001
NUMERO_PIECE;0688K2608AXFD;FAC02_SRC_FACTURESFOURNISSEURS_190826-004600_ST_FAC02_639226971609923513_001
NUMERO_PIECE;0688K2608AXAW;FAC02_SRC_FACTURESFOURNISSEURS_190826-004600_ST_FAC02_639226971609923513_001
NUMERO_PIECE;0688K2608AXAX;FAC02_SRC_FACTURESFOURNISSEURS_190826-004600_ST_FAC02_639226971609923513_001
NUMERO_PIECE;0688K2608AXAA;FAC02_SRC_FACTURESFOURNISSEURS_190826-004600_ST_FAC02_639226971609923513_001
NUMERO_PIECE;0688K2608AXJR;FAC02_SRC_FACTURESFOURNISSEURS_190826-004600_ST_FAC02_639226971609923513_001
NUMERO_PIECE;0688K2608AXAY;FAC02_SRC_FACTURESFOURNISSEURS_190826-004600_ST_FAC02_639226971609923513_001
NUMERO_PIECE;0688K2608AXET;FAC02_SRC_FACTURESFOURNISSEURS_190826-004600_ST_FAC02_639226971609923513_001
NUMERO_PIECE;0688K2608AWYB;FAC02_SRC_FACTURESFOURNISSEURS_190826-004600_ST_FAC02_639226971609923513_001
NUMERO_PIECE;0688K2608AXJY;FAC02_SRC_FACTURESFOURNISSEURS_190826-004600_ST_FAC02_639226971609923513_001
NUMERO_PIECE;0688K2608AXAC;FAC02_SRC_FACTURESFOURNISSEURS_190826-004600_ST_FAC02_639226971609923513_001
NUMERO_PIECE;0688K2608AXGX;FAC02_SRC_FACTURESFOURNISSEURS_190826-004600_ST_FAC02_639226971609923513_001
NUMERO_PIECE;0688K2608AXEN;FAC02_SRC_FACTURESFOURNISSEURS_190826-004600_ST_FAC02_639226971609923513_001
NUMERO_PIECE;0688K2608AXCN;FAC02_SRC_FACTURESFOURNISSEURS_190826-004600_ST_FAC02_639226971609923513_001
NUMERO_PIECE;0688K2608AXKD;FAC02_SRC_FACTURESFOURNISSEURS_190826-004600_ST_FAC02_639226971609923513_001
NUMERO_PIECE;0688K2608AXKC;FAC02_SRC_FACTURESFOURNISSEURS_190826-004600_ST_FAC02_639226971609923513_001
NUMERO_PIECE;0688K2608AXBG;FAC02_SRC_FACTURESFOURNISSEURS_190826-004600_ST_FAC02_639226971609923513_001
NUMERO_PIECE;0688K2608AXDE;FAC02_SRC_FACTURESFOURNISSEURS_190826-004600_ST_FAC02_639226971609923513_001
NUMERO_PIECE;0688K2608AXCZ;FAC02_SRC_FACTURESFOURNISSEURS_190826-004600_ST_FAC02_639226971609923513_001
NUMERO_PIECE;0688K2608AXKJ;FAC02_SRC_FACTURESFOURNISSEURS_190826-004600_ST_FAC02_639226971609923513_001
NUMERO_PIECE;0688K2608AXLA;FAC02_SRC_FACTURESFOURNISSEURS_190826-004600_ST_FAC02_639226971609923513_001
NUMERO_PIECE;0688K2608AWWW;FAC02_SRC_FACTURESFOURNISSEURS_190826-004600_ST_FAC02_639226971609923513_001
NUMERO_PIECE;0688K2608AXGQ;FAC02_SRC_FACTURESFOURNISSEURS_190826-004600_ST_FAC02_639226971609923513_001
NUMERO_PIECE;0688K2608AXGR;FAC02_SRC_FACTURESFOURNISSEURS_190826-004600_ST_FAC02_639226971609923513_001
NUMERO_PIECE;0688K2608AXGP;FAC02_SRC_FACTURESFOURNISSEURS_190826-004600_ST_FAC02_639226971609923513_001
NUMERO_PIECE;0688K2608AXEV;FAC02_SRC_FACTURESFOURNISSEURS_190826-004600_ST_FAC02_639226971609923513_001
NUMERO_PIECE;0688K2608AWVP;FAC02_SRC_FACTURESFOURNISSEURS_190826-004600_ST_FAC02_639226971609923513_001
NUMERO_PIECE;0688K2608AWVL;FAC02_SRC_FACTURESFOURNISSEURS_190826-004600_ST_FAC02_639226971609923513_001
NUMERO_PIECE;0688K2608AWWX;FAC02_SRC_FACTURESFOURNISSEURS_190826-004600_ST_FAC02_639226971609923513_001
NUMERO_PIECE;0688K2608AXDJ;FAC02_SRC_FACTURESFOURNISSEURS_190826-004600_ST_FAC02_639226971609923513_001
NUMERO_PIECE;0688K2608AWWF;FAC02_SRC_FACTURESFOURNISSEURS_190826-004600_ST_FAC02_639226971609923513_001
NUMERO_PIECE;0688K2608AXHW;FAC02_SRC_FACTURESFOURNISSEURS_190826-004600_ST_FAC02_639226971609923513_001
SOCIETE;0800;FAC02_SRC_FACTURESFOURNISSEURS_190826-004600_ST_FAC02_639226971609923513_001
NUMERO_PIECE;0688K2608AWVJ;FAC02_SRC_FACTURESFOURNISSEURS_190826-004600_ST_FAC02_639226971609923513_001
NUMERO_PIECE;0688K2608AWVK;FAC02_SRC_FACTURESFOURNISSEURS_190826-004600_ST_FAC02_639226971609923513_001
NUMERO_PIECE;0688K2608AWXY;FAC02_SRC_FACTURESFOURNISSEURS_190826-004600_ST_FAC02_639226971609923513_001
NUMERO_PIECE;0688K2608AXGJ;FAC02_SRC_FACTURESFOURNISSEURS_190826-004600_ST_FAC02_639226971609923513_001
NUMERO_PIECE;0688K2608AXEA;FAC02_SRC_FACTURESFOURNISSEURS_190826-004600_ST_FAC02_639226971609923513_001
NUMERO_PIECE;0688K2608AXKZ;FAC02_SRC_FACTURESFOURNISSEURS_190826-004600_ST_FAC02_639226971609923513_001
NUMERO_PIECE;0688K2608AXKW;FAC02_SRC_FACTURESFOURNISSEURS_190826-004600_ST_FAC02_639226971609923513_001
NUMERO_PIECE;0688K2608AWZT;FAC02_SRC_FACTURESFOURNISSEURS_190826-004600_ST_FAC02_639226971609923513_001
NUMERO_PIECE;0688K2608AXJF;FAC02_SRC_FACTURESFOURNISSEURS_190826-004600_ST_FAC02_639226971609923513_001
NUMERO_PIECE;0688K2608AXGT;FAC02_SRC_FACTURESFOURNISSEURS_190826-004600_ST_FAC02_639226971609923513_001
NUMERO_PIECE;0688K2608AXGB;FAC02_SRC_FACTURESFOURNISSEURS_190826-004600_ST_FAC02_639226971609923513_001
NUMERO_PIECE;0688K2608AXFS;FAC02_SRC_FACTURESFOURNISSEURS_190826-004600_ST_FAC02_639226971609923513_001
NUMERO_PIECE;0688K2608AWZR;FAC02_SRC_FACTURESFOURNISSEURS_190826-004600_ST_FAC02_639226971609923513_001
NUMERO_PIECE;0688K2608AWYV;FAC02_SRC_FACTURESFOURNISSEURS_190826-004600_ST_FAC02_639226971609923513_001
NUMERO_PIECE;0688K2608AXBU;FAC02_SRC_FACTURESFOURNISSEURS_190826-004600_ST_FAC02_639226971609923513_001
NUMERO_PIECE;0688K2608AXHX;FAC02_SRC_FACTURESFOURNISSEURS_190826-004600_ST_FAC02_639226971609923513_001
NUMERO_PIECE;0688K2608AXHS;FAC02_SRC_FACTURESFOURNISSEURS_190826-004600_ST_FAC02_639226971609923513_001
NUMERO_PIECE;0688K2608AWZW;FAC02_SRC_FACTURESFOURNISSEURS_190826-004600_ST_FAC02_639226971609923513_001
NUMERO_PIECE;0688K2608AXKX;FAC02_SRC_FACTURESFOURNISSEURS_190826-004600_ST_FAC02_639226971609923513_001
NUMERO_PIECE;0688K2608AXKY;FAC02_SRC_FACTURESFOURNISSEURS_190826-004600_ST_FAC02_639226971609923513_001
NUMERO_PIECE;0688K2608AXDX;FAC02_SRC_FACTURESFOURNISSEURS_190826-004600_ST_FAC02_639226971609923513_001
NUMERO_PIECE;0688K2608AXDQ;FAC02_SRC_FACTURESFOURNISSEURS_190826-004600_ST_FAC02_639226971609923513_001
NUMERO_PIECE;0688K2608AXFL;FAC02_SRC_FACTURESFOURNISSEURS_190826-004600_ST_FAC02_639226971609923513_001
NUMERO_PIECE;0688K2608AWWM;FAC02_SRC_FACTURESFOURNISSEURS_190826-004600_ST_FAC02_639226971609923513_001
NUMERO_PIECE;0688K2608AWWJ;FAC02_SRC_FACTURESFOURNISSEURS_190826-004600_ST_FAC02_639226971609923513_001
NUMERO_PIECE;0688K2608AXAV;FAC02_SRC_FACTURESFOURNISSEURS_190826-004600_ST_FAC02_639226971609923513_001
NUMERO_PIECE;0688K2608AXAS;FAC02_SRC_FACTURESFOURNISSEURS_190826-004600_ST_FAC02_639226971609923513_001
NUMERO_PIECE;0688K2608AXAU;FAC02_SRC_FACTURESFOURNISSEURS_190826-004600_ST_FAC02_639226971609923513_001
NUMERO_PIECE;0688K2608AXDH;FAC02_SRC_FACTURESFOURNISSEURS_190826-004600_ST_FAC02_639226971609923513_001
NUMERO_PIECE;0688K2608AWWL;FAC02_SRC_FACTURESFOURNISSEURS_190826-004600_ST_FAC02_639226971609923513_001
NUMERO_PIECE;0688K2608AXEE;FAC02_SRC_FACTURESFOURNISSEURS_190826-004600_ST_FAC02_639226971609923513_001
NUMERO_PIECE;0688K2608AXLC;FAC02_SRC_FACTURESFOURNISSEURS_190826-004600_ST_FAC02_639226971609923513_001
NUMERO_PIECE;0688K2608AXDY;FAC02_SRC_FACTURESFOURNISSEURS_190826-004600_ST_FAC02_639226971609923513_001
NUMERO_PIECE;0688K2608AXBH;FAC02_SRC_FACTURESFOURNISSEURS_190826-004600_ST_FAC02_639226971609923513_001
NUMERO_PIECE;0688K2608AXDW;FAC02_SRC_FACTURESFOURNISSEURS_190826-004600_ST_FAC02_639226971609923513_001
NUMERO_PIECE;0688K2608AXFM;FAC02_SRC_FACTURESFOURNISSEURS_190826-004600_ST_FAC02_639226971609923513_001
NUMERO_PIECE;0688K2608AXBN;FAC02_SRC_FACTURESFOURNISSEURS_190826-004600_ST_FAC02_639226971609923513_001
NUMERO_PIECE;0688K2608AXCM;FAC02_SRC_FACTURESFOURNISSEURS_190826-004600_ST_FAC02_639226971609923513_001
NUMERO_PIECE;0688K2608AXKB;FAC02_SRC_FACTURESFOURNISSEURS_190826-004600_ST_FAC02_639226971609923513_001
NUMERO_PIECE;0688K2608AXJV;FAC02_SRC_FACTURESFOURNISSEURS_190826-004600_ST_FAC02_639226971609923513_001
NUMERO_PIECE;0367M26084921;FAC02_SRC_FACTURESFOURNISSEURS_190826-004600_ST_FAC02_639226971609923513_001
NUMERO_PIECE;0688K2608AXJC;FAC02_SRC_FACTURESFOURNISSEURS_190826-004600_ST_FAC02_639226971609923513_001
NUMERO_PIECE;0688K2608AXHN;FAC02_SRC_FACTURESFOURNISSEURS_190826-004600_ST_FAC02_639226971609923513_001
NUMERO_PIECE;0688K2608AXHJ;FAC02_SRC_FACTURESFOURNISSEURS_190826-004600_ST_FAC02_639226971609923513_001
NUMERO_PIECE;0688K2608AXHG;FAC02_SRC_FACTURESFOURNISSEURS_190826-004600_ST_FAC02_639226971609923513_001
NUMERO_PIECE;0688K2608AXGV;FAC02_SRC_FACTURESFOURNISSEURS_190826-004600_ST_FAC02_639226971609923513_001
NUMERO_PIECE;0688K2608AXDU;FAC02_SRC_FACTURESFOURNISSEURS_190826-004600_ST_FAC02_639226971609923513_001
NUMERO_PIECE;0688K2608AXEB;FAC02_SRC_FACTURESFOURNISSEURS_190826-004600_ST_FAC02_639226971609923513_001
NUMERO_PIECE;0688K2608AXJZ;FAC02_SRC_FACTURESFOURNISSEURS_190826-004600_ST_FAC02_639226971609923513_001
NUMERO_PIECE;0688K2608AXKS;FAC02_SRC_FACTURESFOURNISSEURS_190826-004600_ST_FAC02_639226971609923513_001
NUMERO_PIECE;0688K2608AWWG;FAC02_SRC_FACTURESFOURNISSEURS_190826-004600_ST_FAC02_639226971609923513_001
NUMERO_PIECE;0688K2608AXAR;FAC02_SRC_FACTURESFOURNISSEURS_190826-004600_ST_FAC02_639226971609923513_001
NUMERO_PIECE;0688K2608AXKE;FAC02_SRC_FACTURESFOURNISSEURS_190826-004600_ST_FAC02_639226971609923513_001
NUMERO_PIECE;0688K2608AXHR;FAC02_SRC_FACTURESFOURNISSEURS_190826-004600_ST_FAC02_639226971609923513_001
NUMERO_PIECE;0688K2608AXHT;FAC02_SRC_FACTURESFOURNISSEURS_190826-004600_ST_FAC02_639226971609923513_001
NUMERO_PIECE;0688K2608AXHM;FAC02_SRC_FACTURESFOURNISSEURS_190826-004600_ST_FAC02_639226971609923513_001
NUMERO_PIECE;0688K2608AXHP;FAC02_SRC_FACTURESFOURNISSEURS_190826-004600_ST_FAC02_639226971609923513_001
NUMERO_PIECE;0688K2608AXGF;FAC02_SRC_FACTURESFOURNISSEURS_190826-004600_ST_FAC02_639226971609923513_001
NUMERO_PIECE;0688K2608AXKH;FAC02_SRC_FACTURESFOURNISSEURS_190826-004600_ST_FAC02_639226971609923513_001
NUMERO_PIECE;0688K2608AXKK;FAC02_SRC_FACTURESFOURNISSEURS_190826-004600_ST_FAC02_639226971609923513_001
NUMERO_PIECE;0688K2608AXEU;FAC02_SRC_FACTURESFOURNISSEURS_190826-004600_ST_FAC02_639226971609923513_001
NUMERO_PIECE;0688K2608AXGA;FAC02_SRC_FACTURESFOURNISSEURS_190826-004600_ST_FAC02_639226971609923513_001
SOCIETE;0102;FAC02_SRC_FACTURESFOURNISSEURS_190826-004600_ST_FAC02_639226971609923513_001
NUMERO_PIECE;0367M26084918;FAC02_SRC_FACTURESFOURNISSEURS_190826-004600_ST_FAC02_639226971609923513_001
NUMERO_PIECE;0688K2608AXGS;FAC02_SRC_FACTURESFOURNISSEURS_190826-004600_ST_FAC02_639226971609923513_001
NUMERO_PIECE;0688K2608AXFY;FAC02_SRC_FACTURESFOURNISSEURS_190826-004600_ST_FAC02_639226971609923513_001
NUMERO_PIECE;0688K2608AXFZ;FAC02_SRC_FACTURESFOURNISSEURS_190826-004600_ST_FAC02_639226971609923513_001
NUMERO_PIECE;0688K2608AXFR;FAC02_SRC_FACTURESFOURNISSEURS_190826-004600_ST_FAC02_639226971609923513_001
NUMERO_PIECE;0688K2608AXFX;FAC02_SRC_FACTURESFOURNISSEURS_190826-004600_ST_FAC02_639226971609923513_001
NUMERO_PIECE;0688K2608AXGM;FAC02_SRC_FACTURESFOURNISSEURS_190826-004600_ST_FAC02_639226971609923513_001
NUMERO_PIECE;0688K2608AXGN;FAC02_SRC_FACTURESFOURNISSEURS_190826-004600_ST_FAC02_639226971609923513_001
NUMERO_PIECE;0688K2608AXJD;FAC02_SRC_FACTURESFOURNISSEURS_190826-004600_ST_FAC02_639226971609923513_001
NUMERO_PIECE;0688K2608AXAP;FAC02_SRC_FACTURESFOURNISSEURS_190826-004600_ST_FAC02_639226971609923513_001
NUMERO_PIECE;0688K2608AXBD;FAC02_SRC_FACTURESFOURNISSEURS_190826-004600_ST_FAC02_639226971609923513_001
NUMERO_PIECE;0688K2608AWZV;FAC02_SRC_FACTURESFOURNISSEURS_190826-004600_ST_FAC02_639226971609923513_001
NUMERO_PIECE;0688K2608AVZC;FAC02_SRC_FACTURESFOURNISSEURS_190826-004600_ST_FAC02_639226971609923513_001
NUMERO_PIECE;0688K2608AXFP;FAC02_SRC_FACTURESFOURNISSEURS_190826-004600_ST_FAC02_639226971609923513_001
NUMERO_PIECE;0688K2608AXGG;FAC02_SRC_FACTURESFOURNISSEURS_190826-004600_ST_FAC02_639226971609923513_001
NUMERO_PIECE;0688K2608AXGU;FAC02_SRC_FACTURESFOURNISSEURS_190826-004600_ST_FAC02_639226971609923513_001
NUMERO_PIECE;0688K2608AXHA;FAC02_SRC_FACTURESFOURNISSEURS_190826-004600_ST_FAC02_639226971609923513_001
NUMERO_PIECE;0688K2608AXKV;FAC02_SRC_FACTURESFOURNISSEURS_190826-004600_ST_FAC02_639226971609923513_001
NUMERO_PIECE;0688K2608AWZS;FAC02_SRC_FACTURESFOURNISSEURS_190826-004600_ST_FAC02_639226971609923513_001
NUMERO_PIECE;0688K2608AXCW;FAC02_SRC_FACTURESFOURNISSEURS_190826-004600_ST_FAC02_639226971609923513_001
NUMERO_PIECE;0804O2608RUG1;FAC02_SRC_FACTURESFOURNISSEURS_190826-004600_ST_FAC02_639226971609923513_001
NUMERO_PIECE;0688K2608AWVW;FAC02_SRC_FACTURESFOURNISSEURS_190826-004600_ST_FAC02_639226971609923513_001
NUMERO_PIECE;0688K2608AXBW;FAC02_SRC_FACTURESFOURNISSEURS_190826-004600_ST_FAC02_639226971609923513_001
NUMERO_PIECE;0688K2608AXCG;FAC02_SRC_FACTURESFOURNISSEURS_190826-004600_ST_FAC02_639226971609923513_001
NUMERO_PIECE;0688K2608AXBX;FAC02_SRC_FACTURESFOURNISSEURS_190826-004600_ST_FAC02_639226971609923513_001
NUMERO_PIECE;0688K2608AXCB;FAC02_SRC_FACTURESFOURNISSEURS_190826-004600_ST_FAC02_639226971609923513_001
NUMERO_PIECE;0688K2608AXBY;FAC02_SRC_FACTURESFOURNISSEURS_190826-004600_ST_FAC02_639226971609923513_001
NUMERO_PIECE;0688K2608AXBZ;FAC02_SRC_FACTURESFOURNISSEURS_190826-004600_ST_FAC02_639226971609923513_001
NUMERO_PIECE;0688K2608AXFK;FAC02_SRC_FACTURESFOURNISSEURS_190826-004600_ST_FAC02_639226971609923513_001
SOCIETE;0756;FAC02_SRC_FACTURESFOURNISSEURS_190826-004600_ST_FAC02_639226971609923513_001
NUMERO_PIECE;0367M26084919;FAC02_SRC_FACTURESFOURNISSEURS_190826-004600_ST_FAC02_639226971609923513_001
NUMERO_PIECE;0688K2608AXCS;FAC02_SRC_FACTURESFOURNISSEURS_190826-004600_ST_FAC02_639226971609923513_001
NUMERO_PIECE;0688K2608AXHD;FAC02_SRC_FACTURESFOURNISSEURS_190826-004600_ST_FAC02_639226971609923513_001
NUMERO_PIECE;0688K2608AWVM;FAC02_SRC_FACTURESFOURNISSEURS_190826-004600_ST_FAC02_639226971609923513_001
NUMERO_PIECE;0688K2608AXJB;FAC02_SRC_FACTURESFOURNISSEURS_190826-004600_ST_FAC02_639226971609923513_001
NUMERO_PIECE;0688K2608AXHZ;FAC02_SRC_FACTURESFOURNISSEURS_190826-004600_ST_FAC02_639226971609923513_001
NUMERO_PIECE;0688K2608AXHQ;FAC02_SRC_FACTURESFOURNISSEURS_190826-004600_ST_FAC02_639226971609923513_001
NUMERO_PIECE;0688K2608AWZN;FAC02_SRC_FACTURESFOURNISSEURS_190826-004600_ST_FAC02_639226971609923513_001
NUMERO_PIECE;0688K2608AXHB;FAC02_SRC_FACTURESFOURNISSEURS_190826-004600_ST_FAC02_639226971609923513_001
NUMERO_PIECE;0688K2608AWWV;FAC02_SRC_FACTURESFOURNISSEURS_190826-004600_ST_FAC02_639226971609923513_001
NUMERO_PIECE;0688K2608AXFU;FAC02_SRC_FACTURESFOURNISSEURS_190826-004600_ST_FAC02_639226971609923513_001
NUMERO_PIECE;0688K2608AXFV;FAC02_SRC_FACTURESFOURNISSEURS_190826-004600_ST_FAC02_639226971609923513_001
NUMERO_PIECE;0688K2608AXJK;FAC02_SRC_FACTURESFOURNISSEURS_190826-004600_ST_FAC02_639226971609923513_001
NUMERO_PIECE;0688K2608AXBB;FAC02_SRC_FACTURESFOURNISSEURS_190826-004600_ST_FAC02_639226971609923513_001
NUMERO_PIECE;0688K2608AXDN;FAC02_SRC_FACTURESFOURNISSEURS_190826-004600_ST_FAC02_639226971609923513_001
NUMERO_PIECE;0688K2608AXLL;FAC02_SRC_FACTURESFOURNISSEURS_190826-004600_ST_FAC02_639226971609923513_001
NUMERO_PIECE;0688K2608AXLM;FAC02_SRC_FACTURESFOURNISSEURS_190826-004600_ST_FAC02_639226971609923513_001
NUMERO_PIECE;0688K2608AWVN;FAC02_SRC_FACTURESFOURNISSEURS_190826-004600_ST_FAC02_639226971609923513_001
NUMERO_PIECE;0688K2608AWXX;FAC02_SRC_FACTURESFOURNISSEURS_190826-004600_ST_FAC02_639226971609923513_001
NUMERO_PIECE;0688K2608AWZP;FAC02_SRC_FACTURESFOURNISSEURS_190826-004600_ST_FAC02_639226971609923513_001
NUMERO_PIECE;0688K2608AXEW;FAC02_SRC_FACTURESFOURNISSEURS_190826-004600_ST_FAC02_639226971609923513_001
NUMERO_PIECE;0688K2608AXEP;FAC02_SRC_FACTURESFOURNISSEURS_190826-004600_ST_FAC02_639226971609923513_001
NUMERO_PIECE;0688K2608AXER;FAC02_SRC_FACTURESFOURNISSEURS_190826-004600_ST_FAC02_639226971609923513_001
NUMERO_PIECE;0688K2608AXJH;FAC02_SRC_FACTURESFOURNISSEURS_190826-004600_ST_FAC02_639226971609923513_001
NUMERO_PIECE;0688K2608AWWK;FAC02_SRC_FACTURESFOURNISSEURS_190826-004600_ST_FAC02_639226971609923513_001
NUMERO_PIECE;0367M26084922;FAC02_SRC_FACTURESFOURNISSEURS_190826-004600_ST_FAC02_639226971609923513_001
NUMERO_PIECE;0688K2608AXJL;FAC02_SRC_FACTURESFOURNISSEURS_190826-004600_ST_FAC02_639226971609923513_001
NUMERO_PIECE;0688K2608AXFW;FAC02_SRC_FACTURESFOURNISSEURS_190826-004600_ST_FAC02_639226971609923513_001
NUMERO_PIECE;0688K2608AXHV;FAC02_SRC_FACTURESFOURNISSEURS_190826-004600_ST_FAC02_639226971609923513_001
NUMERO_PIECE;0688K2608AXKU;FAC02_SRC_FACTURESFOURNISSEURS_190826-004600_ST_FAC02_639226971609923513_001
NUMERO_PIECE;0688K2608AWVY;FAC02_SRC_FACTURESFOURNISSEURS_190826-004600_ST_FAC02_639226971609923513_001
NUMERO_PIECE;0688K2608AXDT;FAC02_SRC_FACTURESFOURNISSEURS_190826-004600_ST_FAC02_639226971609923513_001
SOCIETE;0560;FAC02_SRC_FACTURESFOURNISSEURS_190826-004600_ST_FAC02_639226971609923513_001
NUMERO_PIECE;0688K2608AXFF;FAC02_SRC_FACTURESFOURNISSEURS_190826-004600_ST_FAC02_639226971609923513_001
NUMERO_PIECE;0688K2608AXFB;FAC02_SRC_FACTURESFOURNISSEURS_190826-004600_ST_FAC02_639226971609923513_001
NUMERO_PIECE;0688K2608AXBM;FAC02_SRC_FACTURESFOURNISSEURS_190826-004600_ST_FAC02_639226971609923513_001
NUMERO_PIECE;0688K2608AXDL;FAC02_SRC_FACTURESFOURNISSEURS_190826-004600_ST_FAC02_639226971609923513_001
NUMERO_PIECE;0688K2608AXJE;FAC02_SRC_FACTURESFOURNISSEURS_190826-004600_ST_FAC02_639226971609923513_001
NUMERO_PIECE;0688K2608AXJQ;FAC02_SRC_FACTURESFOURNISSEURS_190826-004600_ST_FAC02_639226971609923513_001
NUMERO_PIECE;0688K2608AXJM;FAC02_SRC_FACTURESFOURNISSEURS_190826-004600_ST_FAC02_639226971609923513_001
NUMERO_PIECE;0688K2608AXHK;FAC02_SRC_FACTURESFOURNISSEURS_190826-004600_ST_FAC02_639226971609923513_001
NUMERO_PIECE;0688K2608AXFN;FAC02_SRC_FACTURESFOURNISSEURS_190826-004600_ST_FAC02_639226971609923513_001
NUMERO_PIECE;0688K2608AXJA;FAC02_SRC_FACTURESFOURNISSEURS_190826-004600_ST_FAC02_639226971609923513_001
NUMERO_PIECE;0688K2608AXHF;FAC02_SRC_FACTURESFOURNISSEURS_190826-004600_ST_FAC02_639226971609923513_001
NUMERO_PIECE;0688K2608AWVX;FAC02_SRC_FACTURESFOURNISSEURS_190826-004600_ST_FAC02_639226971609923513_001
NUMERO_PIECE;0688K2608AWWD;FAC02_SRC_FACTURESFOURNISSEURS_190826-004600_ST_FAC02_639226971609923513_001
NUMERO_PIECE;0688K2608AXEL;FAC02_SRC_FACTURESFOURNISSEURS_190826-004600_ST_FAC02_639226971609923513_001
NUMERO_PIECE;0688K2608AXEM;FAC02_SRC_FACTURESFOURNISSEURS_190826-004600_ST_FAC02_639226971609923513_001
NUMERO_PIECE;0688K2608AXES;FAC02_SRC_FACTURESFOURNISSEURS_190826-004600_ST_FAC02_639226971609923513_001
NUMERO_PIECE;0688K2608AXBJ;FAC02_SRC_FACTURESFOURNISSEURS_190826-004600_ST_FAC02_639226971609923513_001
NUMERO_PIECE;0688K2608AXBC;FAC02_SRC_FACTURESFOURNISSEURS_190826-004600_ST_FAC02_639226971609923513_001
NUMERO_PIECE;0688K2608AXDR;FAC02_SRC_FACTURESFOURNISSEURS_190826-004600_ST_FAC02_639226971609923513_001
NUMERO_PIECE;0688K2608AXDS;FAC02_SRC_FACTURESFOURNISSEURS_190826-004600_ST_FAC02_639226971609923513_001
NUMERO_PIECE;0688K2608AXAB;FAC02_SRC_FACTURESFOURNISSEURS_190826-004600_ST_FAC02_639226971609923513_001
NUMERO_PIECE;0688K2608AXAG;FAC02_SRC_FACTURESFOURNISSEURS_190826-004600_ST_FAC02_639226971609923513_001
NUMERO_PIECE;0688K2608AXAD;FAC02_SRC_FACTURESFOURNISSEURS_190826-004600_ST_FAC02_639226971609923513_001
NUMERO_PIECE;0688K2608AXAE;FAC02_SRC_FACTURESFOURNISSEURS_190826-004600_ST_FAC02_639226971609923513_001
NUMERO_PIECE;0688K2608AXCU;FAC02_SRC_FACTURESFOURNISSEURS_190826-004600_ST_FAC02_639226971609923513_001
NUMERO_PIECE;0688K2608AXHH;FAC02_SRC_FACTURESFOURNISSEURS_190826-004600_ST_FAC02_639226971609923513_001
SOCIETE;0356;FAC02_SRC_FACTURESFOURNISSEURS_190826-004600_ST_FAC02_639226971609923513_001
NUMERO_PIECE;0367M26084917;FAC02_SRC_FACTURESFOURNISSEURS_190826-004600_ST_FAC02_639226971609923513_001
NUMERO_PIECE;0688K2608AWZQ;FAC02_SRC_FACTURESFOURNISSEURS_190826-004600_ST_FAC02_639226971609923513_001
NUMERO_PIECE;0688K2608AXCE;FAC02_SRC_FACTURESFOURNISSEURS_190826-004600_ST_FAC02_639226971609923513_001
NUMERO_PIECE;0688K2608AXJS;FAC02_SRC_FACTURESFOURNISSEURS_190826-004600_ST_FAC02_639226971609923513_001
NUMERO_PIECE;0688K2608AXJN;FAC02_SRC_FACTURESFOURNISSEURS_190826-004600_ST_FAC02_639226971609923513_001
NUMERO_PIECE;0688K2608AXGD;FAC02_SRC_FACTURESFOURNISSEURS_190826-004600_ST_FAC02_639226971609923513_001
NUMERO_PIECE;0688K2608AWLX;FAC02_SRC_FACTURESFOURNISSEURS_190826-004600_ST_FAC02_639226971609923513_001
NUMERO_PIECE;0688K2608AXKP;FAC02_SRC_FACTURESFOURNISSEURS_190826-004600_ST_FAC02_639226971609923513_001
NUMERO_PIECE;0688K2608AXKT;FAC02_SRC_FACTURESFOURNISSEURS_190826-004600_ST_FAC02_639226971609923513_001
NUMERO_PIECE;0688K2608AXDG;FAC02_SRC_FACTURESFOURNISSEURS_190826-004600_ST_FAC02_639226971609923513_001
NUMERO_PIECE;0688K2608AXEQ;FAC02_SRC_FACTURESFOURNISSEURS_190826-004600_ST_FAC02_639226971609923513_001
NUMERO_PIECE;0688K2608AWZX;FAC02_SRC_FACTURESFOURNISSEURS_190826-004600_ST_FAC02_639226971609923513_001
NUMERO_PIECE;0688K2608AWZU;FAC02_SRC_FACTURESFOURNISSEURS_190826-004600_ST_FAC02_639226971609923513_001
NUMERO_PIECE;0688K2608AWWU;FAC02_SRC_FACTURESFOURNISSEURS_190826-004600_ST_FAC02_639226971609923513_001
NUMERO_PIECE;0688K2608AXDV;FAC02_SRC_FACTURESFOURNISSEURS_190826-004600_ST_FAC02_639226971609923513_001
NUMERO_PIECE;0688K2608AXHY;FAC02_SRC_FACTURESFOURNISSEURS_190826-004600_ST_FAC02_639226971609923513_001
NUMERO_PIECE;0688K2608AWZZ;FAC02_SRC_FACTURESFOURNISSEURS_190826-004600_ST_FAC02_639226971609923513_001
NUMERO_PIECE;0688K2608AWWZ;FAC02_SRC_FACTURESFOURNISSEURS_190826-004600_ST_FAC02_639226971609923513_001
NUMERO_PIECE;0688K2608AXCX;FAC02_SRC_FACTURESFOURNISSEURS_190826-004600_ST_FAC02_639226971609923513_001
NUMERO_PIECE;0688K2608AXJG;FAC02_SRC_FACTURESFOURNISSEURS_190826-004600_ST_FAC02_639226971609923513_001
NUMERO_PIECE;0688K2608AXFC;FAC02_SRC_FACTURESFOURNISSEURS_190826-004600_ST_FAC02_639226971609923513_001
NUMERO_PIECE;0367M26084920;FAC02_SRC_FACTURESFOURNISSEURS_190826-004600_ST_FAC02_639226971609923513_001
NUMERO_PIECE;0688K2608AXKA;FAC02_SRC_FACTURESFOURNISSEURS_190826-004600_ST_FAC02_639226971609923513_001
NUMERO_PIECE;0688K2608AXKN;FAC02_SRC_FACTURESFOURNISSEURS_190826-004600_ST_FAC02_639226971609923513_001
NUMERO_PIECE;0688K2608AXHL;FAC02_SRC_FACTURESFOURNISSEURS_190826-004600_ST_FAC02_639226971609923513_001
NUMERO_PIECE;0688K2608AXGZ;FAC02_SRC_FACTURESFOURNISSEURS_190826-004600_ST_FAC02_639226971609923513_001
NUMERO_PIECE;0688K2608AXFT;FAC02_SRC_FACTURESFOURNISSEURS_190826-004600_ST_FAC02_639226971609923513_001
NUMERO_PIECE;0688K2608AXJP;FAC02_SRC_FACTURESFOURNISSEURS_190826-004600_ST_FAC02_639226971609923513_001
NUMERO_PIECE;0688K2608AXJU;FAC02_SRC_FACTURESFOURNISSEURS_190826-004600_ST_FAC02_639226971609923513_001
NUMERO_PIECE;0688K2608AXGE;FAC02_SRC_FACTURESFOURNISSEURS_190826-004600_ST_FAC02_639226971609923513_001
NUMERO_PIECE;0688K2608AXGC;FAC02_SRC_FACTURESFOURNISSEURS_190826-004600_ST_FAC02_639226971609923513_001
NUMERO_PIECE;0688K2608AXGH;FAC02_SRC_FACTURESFOURNISSEURS_190826-004600_ST_FAC02_639226971609923513_001
NUMERO_PIECE;0688K2608AXGK;FAC02_SRC_FACTURESFOURNISSEURS_190826-004600_ST_FAC02_639226971609923513_001
NUMERO_PIECE;0688K2608AXLF;FAC02_SRC_FACTURESFOURNISSEURS_190826-004600_ST_FAC02_639226971609923513_001
NUMERO_PIECE;0688K2608AXBQ;FAC02_SRC_FACTURESFOURNISSEURS_190826-004600_ST_FAC02_639226971609923513_001
NUMERO_PIECE;0688K2608AXBL;FAC02_SRC_FACTURESFOURNISSEURS_190826-004600_ST_FAC02_639226971609923513_001
NUMERO_PIECE;0688K2608AWYA;FAC02_SRC_FACTURESFOURNISSEURS_190826-004600_ST_FAC02_639226971609923513_001
NUMERO_PIECE;0688K2608AWXZ;FAC02_SRC_FACTURESFOURNISSEURS_190826-004600_ST_FAC02_639226971609923513_001
NUMERO_PIECE;0688K2608AXCP;FAC02_SRC_FACTURESFOURNISSEURS_190826-004600_ST_FAC02_639226971609923513_001
NUMERO_PIECE;0688K2608AXBE;FAC02_SRC_FACTURESFOURNISSEURS_190826-004600_ST_FAC02_639226971609923513_001
NUMERO_PIECE;0688K2608AXDM;FAC02_SRC_FACTURESFOURNISSEURS_190826-004600_ST_FAC02_639226971609923513_001
NUMERO_PIECE;0688K2608AXKR;FAC02_SRC_FACTURESFOURNISSEURS_190826-004600_ST_FAC02_639226971609923513_001
NUMERO_PIECE;0688K2608AXAZ;FAC02_SRC_FACTURESFOURNISSEURS_190826-004600_ST_FAC02_639226971609923513_001
NUMERO_PIECE;0688K2608AXEH;FAC02_SRC_FACTURESFOURNISSEURS_190826-004600_ST_FAC02_639226971609923513_001
NUMERO_PIECE;0688K2608AXEF;FAC02_SRC_FACTURESFOURNISSEURS_190826-004600_ST_FAC02_639226971609923513_001
NUMERO_PIECE;0688K2608AXEG;FAC02_SRC_FACTURESFOURNISSEURS_190826-004600_ST_FAC02_639226971609923513_001
NUMERO_PIECE;0688K2608AXEC;FAC02_SRC_FACTURESFOURNISSEURS_190826-004600_ST_FAC02_639226971609923513_001
NUMERO_PIECE;0688K2608AXEY;FAC02_SRC_FACTURESFOURNISSEURS_190826-004600_ST_FAC02_639226971609923513_001
NUMERO_PIECE;0688K2608AXDZ;FAC02_SRC_FACTURESFOURNISSEURS_190826-004600_ST_FAC02_639226971609923513_001
NUMERO_PIECE;0688K2608AXEJ;FAC02_SRC_FACTURESFOURNISSEURS_190826-004600_ST_FAC02_639226971609923513_001
NUMERO_PIECE;0688K2608AXDP;FAC02_SRC_FACTURESFOURNISSEURS_190826-004600_ST_FAC02_639226971609923513_001
NUMERO_PIECE;0688K2608AXBF;FAC02_SRC_FACTURESFOURNISSEURS_190826-004600_ST_FAC02_639226971609923513_001
NUMERO_PIECE;0367M26084923;FAC02_SRC_FACTURESFOURNISSEURS_190826-004600_ST_FAC02_639226971609923513_001
NUMERO_PIECE;0688K2608AXAH;FAC02_SRC_FACTURESFOURNISSEURS_190826-004600_ST_FAC02_639226971609923513_001
NUMERO_PIECE;0688K2608AXAJ;FAC02_SRC_FACTURESFOURNISSEURS_190826-004600_ST_FAC02_639226971609923513_001
NUMERO_PIECE;0688K2608AXLH;FAC02_SRC_FACTURESFOURNISSEURS_190826-004600_ST_FAC02_639226971609923513_001
NUMERO_PIECE;0688K2608AXLJ;FAC02_SRC_FACTURESFOURNISSEURS_190826-004600_ST_FAC02_639226971609923513_001
NUMERO_PIECE;0688K2608AXHC;FAC02_SRC_FACTURESFOURNISSEURS_190826-004600_ST_FAC02_639226971609923513_001
NUMERO_PIECE;0688K2608AXGW;FAC02_SRC_FACTURESFOURNISSEURS_190826-004600_ST_FAC02_639226971609923513_001
NUMERO_PIECE;0688K2608AXHE;FAC02_SRC_FACTURESFOURNISSEURS_190826-004600_ST_FAC02_639226971609923513_001
NUMERO_PIECE;0688K2608AXGY;FAC02_SRC_FACTURESFOURNISSEURS_190826-004600_ST_FAC02_639226971609923513_001
NUMERO_PIECE;0688K2608AXCV;FAC02_SRC_FACTURESFOURNISSEURS_190826-004600_ST_FAC02_639226971609923513_001
NUMERO_PIECE;0688K2608AXDC;FAC02_SRC_FACTURESFOURNISSEURS_190826-004600_ST_FAC02_639226971609923513_001
NUMERO_PIECE;0688K2608AXCY;FAC02_SRC_FACTURESFOURNISSEURS_190826-004600_ST_FAC02_639226971609923513_001
NUMERO_PIECE;0688K2608AXCQ;FAC02_SRC_FACTURESFOURNISSEURS_190826-004600_ST_FAC02_639226971609923513_001
NUMERO_PIECE;0688K2608AXDA;FAC02_SRC_FACTURESFOURNISSEURS_190826-004600_ST_FAC02_639226971609923513_001
NUMERO_PIECE;0688K2608AXCR;FAC02_SRC_FACTURESFOURNISSEURS_190826-004600_ST_FAC02_639226971609923513_001
NUMERO_PIECE;0688K2608AXKG;FAC02_SRC_FACTURESFOURNISSEURS_190826-004600_ST_FAC02_639226971609923513_001
NUMERO_PIECE;0688K2608AWWH;FAC02_SRC_FACTURESFOURNISSEURS_190826-004600_ST_FAC02_639226971609923513_001
NUMERO_PIECE;0688K2608AXBT;FAC02_SRC_FACTURESFOURNISSEURS_190826-004600_ST_FAC02_639226971609923513_001
SOCIETE;0691;FAC02_SRC_FACTURESFOURNISSEURS_190826-004600_ST_FAC02_639226971609923513_001
NUMERO_PIECE;0688K2608AWVT;FAC02_SRC_FACTURESFOURNISSEURS_190826-004600_ST_FAC02_639226971609923513_001
NUMERO_PIECE;0688K2608AWVU;FAC02_SRC_FACTURESFOURNISSEURS_190826-004600_ST_FAC02_639226971609923513_001
NUMERO_PIECE;0688K2608AXED;FAC02_SRC_FACTURESFOURNISSEURS_190826-004600_ST_FAC02_639226971609923513_001
NUMERO_PIECE;0688K2608AXHU;FAC02_SRC_FACTURESFOURNISSEURS_190826-004600_ST_FAC02_639226971609923513_001
SOCIETE;0378;FAC02_SRC_FACTURESFOURNISSEURS_190826-004600_ST_FAC02_639226971609923513_001
NUMERO_PIECE;0688K2608AXCC;FAC02_SRC_FACTURESFOURNISSEURS_190826-004600_ST_FAC02_639226971609923513_001
NUMERO_PIECE;0688K2608AXKF;FAC02_SRC_FACTURESFOURNISSEURS_190826-004600_ST_FAC02_639226971609923513_001
NUMERO_PIECE;0688K2608AXJT;FAC02_SRC_FACTURESFOURNISSEURS_190826-004600_ST_FAC02_639226971609923513_001
NUMERO_PIECE;0688K2608AXAT;FAC02_SRC_FACTURESFOURNISSEURS_190826-004600_ST_FAC02_639226971609923513_001
NUMERO_PIECE;0688K2608AXFH;FAC02_SRC_FACTURESFOURNISSEURS_190826-004600_ST_FAC02_639226971609923513_001
NUMERO_PIECE;0688K2608AXEZ;FAC02_SRC_FACTURESFOURNISSEURS_190826-004600_ST_FAC02_639226971609923513_001
NUMERO_PIECE;0688K2608AXBR;FAC02_SRC_FACTURESFOURNISSEURS_190826-004600_ST_FAC02_639226971609923513_001
NUMERO_PIECE;0688K2608AXBP;FAC02_SRC_FACTURESFOURNISSEURS_190826-004600_ST_FAC02_639226971609923513_001
NUMERO_PIECE;0688K2608AXDF;FAC02_SRC_FACTURESFOURNISSEURS_190826-004600_ST_FAC02_639226971609923513_001
NUMERO_PIECE;0688K2608AXDB;FAC02_SRC_FACTURESFOURNISSEURS_190826-004600_ST_FAC02_639226971609923513_001
NUMERO_PIECE;0688K2608AXDD;FAC02_SRC_FACTURESFOURNISSEURS_190826-004600_ST_FAC02_639226971609923513_001
NUMERO_PIECE;0688K2608AXJJ;FAC02_SRC_FACTURESFOURNISSEURS_190826-004600_ST_FAC02_639226971609923513_001
NUMERO_PIECE;0688K2608AXCK;FAC02_SRC_FACTURESFOURNISSEURS_190826-004600_ST_FAC02_639226971609923513_001
NUMERO_PIECE;0688K2608AWVV;FAC02_SRC_FACTURESFOURNISSEURS_190826-004600_ST_FAC02_639226971609923513_001
NUMERO_PIECE;0688K2608AWVQ;FAC02_SRC_FACTURESFOURNISSEURS_190826-004600_ST_FAC02_639226971609923513_001
NUMERO_PIECE;0688K2608AXKL;FAC02_SRC_FACTURESFOURNISSEURS_190826-004600_ST_FAC02_639226971609923513_001
NUMERO_PIECE;0688K2608AXKM;FAC02_SRC_FACTURESFOURNISSEURS_190826-004600_ST_FAC02_639226971609923513_001
NUMERO_PIECE;0688K2608AXGL;FAC02_SRC_FACTURESFOURNISSEURS_190826-004600_ST_FAC02_639226971609923513_001
NUMERO_PIECE;0688K2608AXJX;FAC02_SRC_FACTURESFOURNISSEURS_190826-004600_ST_FAC02_639226971609923513_001
NUMERO_PIECE;0688K2608AXKQ;FAC02_SRC_FACTURESFOURNISSEURS_190826-004600_ST_FAC02_639226971609923513_001
NUMERO_PIECE;0688K2608AXEK;FAC02_SRC_FACTURESFOURNISSEURS_190826-004600_ST_FAC02_639226971609923513_001
NUMERO_PIECE;0688K2608AXEX;FAC02_SRC_FACTURESFOURNISSEURS_190826-004600_ST_FAC02_639226971609923513_001
NUMERO_PIECE;0688K2608AXDK;FAC02_SRC_FACTURESFOURNISSEURS_190826-004600_ST_FAC02_639226971609923513_001
NUMERO_PIECE;0688K2608AXFJ;FAC02_SRC_FACTURESFOURNISSEURS_190826-004600_ST_FAC02_639226971609923513_001
NUMERO_PIECE;0688K2608AWXS;FAC02_SRC_FACTURESFOURNISSEURS_190826-004600_ST_FAC02_639226971609923513_001
NUMERO_PIECE;0688K2608AWXM;FAC02_SRC_FACTURESFOURNISSEURS_190826-004600_ST_FAC02_639226971609923513_001
NUMERO_PIECE;0688K2608AXLK;FAC02_SRC_FACTURESFOURNISSEURS_190826-004600_ST_FAC02_639226971609923513_001
NUMERO_PIECE;0688K2608AXLG;FAC02_SRC_FACTURESFOURNISSEURS_190826-004600_ST_FAC02_639226971609923513_001
NUMERO_PIECE;0688K2608AXLE;FAC02_SRC_FACTURESFOURNISSEURS_190826-004600_ST_FAC02_639226971609923513_001
NUMERO_PIECE;0688K2608AXLD;FAC02_SRC_FACTURESFOURNISSEURS_190826-004600_ST_FAC02_639226971609923513_001
NUMERO_PIECE;0688K2608AXLB;FAC02_SRC_FACTURESFOURNISSEURS_190826-004600_ST_FAC02_639226971609923513_001
NUMERO_PIECE;0695M26080476;FAC02_SRC_FACTURESFOURNISSEURS_190826-004600_ST_FAC02_639226971609923513_001
NUMERO_PIECE;0695M26080477;FAC02_SRC_FACTURESFOURNISSEURS_190826-004600_ST_FAC02_639226971609923513_001
NUMERO_PIECE;0695M26080478;FAC02_SRC_FACTURESFOURNISSEURS_190826-004600_ST_FAC02_639226971609923513_001
NUMERO_PIECE;0695M26080479;FAC02_SRC_FACTURESFOURNISSEURS_190826-004600_ST_FAC02_639226971609923513_001
NUMERO_PIECE;0695M26080480;FAC02_SRC_FACTURESFOURNISSEURS_190826-004600_ST_FAC02_639226971609923513_001
NUMERO_PIECE;0688K2608AWXE;FAC02_SRC_FACTURESFOURNISSEURS_190826-004600_ST_FAC02_639226971609923513_001
NUMERO_PIECE;0688K2608AXCF;FAC02_SRC_FACTURESFOURNISSEURS_190826-004600_ST_FAC02_639226971609923513_001
NUMERO_PIECE;0688K2608AWYZ;FAC02_SRC_FACTURESFOURNISSEURS_190826-004600_ST_FAC02_639226971609923513_001
NUMERO_PIECE;0688K2608AWZF;FAC02_SRC_FACTURESFOURNISSEURS_190826-004600_ST_FAC02_639226971609923513_001
NUMERO_PIECE;0688K2608AWYU;FAC02_SRC_FACTURESFOURNISSEURS_190826-004600_ST_FAC02_639226971609923513_001
NUMERO_PIECE;0688K2608AWZC;FAC02_SRC_FACTURESFOURNISSEURS_190826-004600_ST_FAC02_639226971609923513_001
NUMERO_PIECE;0688K2608AWYM;FAC02_SRC_FACTURESFOURNISSEURS_190826-004600_ST_FAC02_639226971609923513_001
NUMERO_PIECE;0688K2608AWZG;FAC02_SRC_FACTURESFOURNISSEURS_190826-004600_ST_FAC02_639226971609923513_001
NUMERO_PIECE;0688K2608AWXR;FAC02_SRC_FACTURESFOURNISSEURS_190826-004600_ST_FAC02_639226971609923513_001
NUMERO_PIECE;0688K2608AWXC;FAC02_SRC_FACTURESFOURNISSEURS_190826-004600_ST_FAC02_639226971609923513_001
NUMERO_PIECE;0688K2608AWZE;FAC02_SRC_FACTURESFOURNISSEURS_190826-004600_ST_FAC02_639226971609923513_001
NUMERO_PIECE;0688K2608AWXH;FAC02_SRC_FACTURESFOURNISSEURS_190826-004600_ST_FAC02_639226971609923513_001
NUMERO_PIECE;0688K2608AWYR;FAC02_SRC_FACTURESFOURNISSEURS_190826-004600_ST_FAC02_639226971609923513_001
NUMERO_PIECE;0688K2608AWXD;FAC02_SRC_FACTURESFOURNISSEURS_190826-004600_ST_FAC02_639226971609923513_001
NUMERO_PIECE;0688K2608AWXG;FAC02_SRC_FACTURESFOURNISSEURS_190826-004600_ST_FAC02_639226971609923513_001
NUMERO_PIECE;0688K2608AWYH;FAC02_SRC_FACTURESFOURNISSEURS_190826-004600_ST_FAC02_639226971609923513_001
NUMERO_PIECE;0688K2608AWYN;FAC02_SRC_FACTURESFOURNISSEURS_190826-004600_ST_FAC02_639226971609923513_001
NUMERO_PIECE;0688K2608AWYJ;FAC02_SRC_FACTURESFOURNISSEURS_190826-004600_ST_FAC02_639226971609923513_001
NUMERO_PIECE;0688K2608AWXP;FAC02_SRC_FACTURESFOURNISSEURS_190826-004600_ST_FAC02_639226971609923513_001
NUMERO_PIECE;0688K2608AWYQ;FAC02_SRC_FACTURESFOURNISSEURS_190826-004600_ST_FAC02_639226971609923513_001
NUMERO_PIECE;0688K2608AWZK;FAC02_SRC_FACTURESFOURNISSEURS_190826-004600_ST_FAC02_639226971609923513_001
NUMERO_PIECE;0688K2608AWYY;FAC02_SRC_FACTURESFOURNISSEURS_190826-004600_ST_FAC02_639226971609923513_001
NUMERO_PIECE;0688K2608AWXV;FAC02_SRC_FACTURESFOURNISSEURS_190826-004600_ST_FAC02_639226971609923513_001
NUMERO_PIECE;0688K2608AWXL;FAC02_SRC_FACTURESFOURNISSEURS_190826-004600_ST_FAC02_639226971609923513_001
NUMERO_PIECE;0688K2608AWXF;FAC02_SRC_FACTURESFOURNISSEURS_190826-004600_ST_FAC02_639226971609923513_001
NUMERO_PIECE;0688K2608AWZJ;FAC02_SRC_FACTURESFOURNISSEURS_190826-004600_ST_FAC02_639226971609923513_001
NUMERO_PIECE;0688K2608AWXJ;FAC02_SRC_FACTURESFOURNISSEURS_190826-004600_ST_FAC02_639226971609923513_001
NUMERO_PIECE;0688K2608AWXB;FAC02_SRC_FACTURESFOURNISSEURS_190826-004600_ST_FAC02_639226971609923513_001
NUMERO_PIECE;0688K2608AWYE;FAC02_SRC_FACTURESFOURNISSEURS_190826-004600_ST_FAC02_639226971609923513_001
NUMERO_PIECE;0688K2608AWXT;FAC02_SRC_FACTURESFOURNISSEURS_190826-004600_ST_FAC02_639226971609923513_001
NUMERO_PIECE;0688K2608AWXK;FAC02_SRC_FACTURESFOURNISSEURS_190826-004600_ST_FAC02_639226971609923513_001
NUMERO_PIECE;0688K2608AWYL;FAC02_SRC_FACTURESFOURNISSEURS_190826-004600_ST_FAC02_639226971609923513_001
NUMERO_PIECE;0688K2608AWYT;FAC02_SRC_FACTURESFOURNISSEURS_190826-004600_ST_FAC02_639226971609923513_001
NUMERO_PIECE;0688K2608AWYP;FAC02_SRC_FACTURESFOURNISSEURS_190826-004600_ST_FAC02_639226971609923513_001
NUMERO_PIECE;0688K2608AWXU;FAC02_SRC_FACTURESFOURNISSEURS_190826-004600_ST_FAC02_639226971609923513_001
NUMERO_PIECE;0688K2608AWYX;FAC02_SRC_FACTURESFOURNISSEURS_190826-004600_ST_FAC02_639226971609923513_001
NUMERO_PIECE;0688K2608AWYG;FAC02_SRC_FACTURESFOURNISSEURS_190826-004600_ST_FAC02_639226971609923513_001
NUMERO_PIECE;0688K2608AWZB;FAC02_SRC_FACTURESFOURNISSEURS_190826-004600_ST_FAC02_639226971609923513_001
NUMERO_PIECE;0688K2608AXCD;FAC02_SRC_FACTURESFOURNISSEURS_190826-004600_ST_FAC02_639226971609923513_001
NUMERO_PIECE;0688K2608AWWY;FAC02_SRC_FACTURESFOURNISSEURS_190826-004600_ST_FAC02_639226971609923513_001
NUMERO_PIECE;0688K2608AWYD;FAC02_SRC_FACTURESFOURNISSEURS_190826-004600_ST_FAC02_639226971609923513_001
NUMERO_PIECE;0688K2608AWXQ;FAC02_SRC_FACTURESFOURNISSEURS_190826-004600_ST_FAC02_639226971609923513_001
NUMERO_PIECE;0688K2608AWYC;FAC02_SRC_FACTURESFOURNISSEURS_190826-004600_ST_FAC02_639226971609923513_001
NUMERO_PIECE;0688K2608AWZD;FAC02_SRC_FACTURESFOURNISSEURS_190826-004600_ST_FAC02_639226971609923513_001
NUMERO_PIECE;0688K2608AXCJ;FAC02_SRC_FACTURESFOURNISSEURS_190826-004600_ST_FAC02_639226971609923513_001
NUMERO_PIECE;0688K2608AWYW;FAC02_SRC_FACTURESFOURNISSEURS_190826-004600_ST_FAC02_639226971609923513_001
NUMERO_PIECE;0688K2608AWZM;FAC02_SRC_FACTURESFOURNISSEURS_190826-004600_ST_FAC02_639226971609923513_001
NUMERO_PIECE;0688K2608AWZH;FAC02_SRC_FACTURESFOURNISSEURS_190826-004600_ST_FAC02_639226971609923513_001
NUMERO_PIECE;0688K2608AWYS;FAC02_SRC_FACTURESFOURNISSEURS_190826-004600_ST_FAC02_639226971609923513_001
NUMERO_PIECE;0688K2608AWYK;FAC02_SRC_FACTURESFOURNISSEURS_190826-004600_ST_FAC02_639226971609923513_001
NUMERO_PIECE;0688K2608AWYF;FAC02_SRC_FACTURESFOURNISSEURS_190826-004600_ST_FAC02_639226971609923513_001
NUMERO_PIECE;0688K2608AWXA;FAC02_SRC_FACTURESFOURNISSEURS_190826-004600_ST_FAC02_639226971609923513_001
NUMERO_PIECE;0688K2608AWXN;FAC02_SRC_FACTURESFOURNISSEURS_190826-004600_ST_FAC02_639226971609923513_001
NUMERO_PIECE;0688K2608AWXW;FAC02_SRC_FACTURESFOURNISSEURS_190826-004600_ST_FAC02_639226971609923513_001
NUMERO_PIECE;0688K2608AWZL;FAC02_SRC_FACTURESFOURNISSEURS_190826-004600_ST_FAC02_639226971609923513_001
NUMERO_PIECE;0688K2608AXCH;FAC02_SRC_FACTURESFOURNISSEURS_190826-004600_ST_FAC02_639226971609923513_001
NUMERO_PIECE;0688K2608AWZA;FAC02_SRC_FACTURESFOURNISSEURS_190826-004600_ST_FAC02_639226971609923513_001
NUMERO_PIECE;0688K2608AWWS;FAC02_SRC_FACTURESFOURNISSEURS_190826-004600_ST_FAC02_639226971609923513_001
SOCIETE;0388;FAC02_SRC_FACTURESFOURNISSEURS_190826-004600_ST_FAC02_639226971609923513_001
NUMERO_PIECE;0001C2608ATTF;FAC02_SRC_FACTURESFOURNISSEURS_190826-004600_ST_FAC02_639226971609923513_001
NUMERO_PIECE;0804O2608RUF0;FAC02_SRC_FACTURESFOURNISSEURS_190826-004600_ST_FAC02_639226971609923513_001
NUMERO_PIECE;0804O2608RUF2;FAC02_SRC_FACTURESFOURNISSEURS_190826-004600_ST_FAC02_639226971609923513_001
NUMERO_PIECE;0804O2608RUF1;FAC02_SRC_FACTURESFOURNISSEURS_190826-004600_ST_FAC02_639226971609923513_001
NUMERO_PIECE;0804O2608RUE9;FAC02_SRC_FACTURESFOURNISSEURS_190826-004600_ST_FAC02_639226971609923513_001
NUMERO_PIECE;0804O2608RUE8;FAC02_SRC_FACTURESFOURNISSEURS_190826-004600_ST_FAC02_639226971609923513_001
NUMERO_PIECE;0804O2608RUF3;FAC02_SRC_FACTURESFOURNISSEURS_190826-004600_ST_FAC02_639226971609923513_001
NUMERO_PIECE;0804O2608RUG0;FAC02_SRC_FACTURESFOURNISSEURS_190826-004600_ST_FAC02_639226971609923513_001
NUMERO_PIECE;0804O2608RUF4;FAC02_SRC_FACTURESFOURNISSEURS_190826-004600_ST_FAC02_639226971609923513_001
NUMERO_PIECE;0804O2608RUG2;FAC02_SRC_FACTURESFOURNISSEURS_190826-004600_ST_FAC02_639226971609923513_001
NUMERO_PIECE;0804O2608RUF5;FAC02_SRC_FACTURESFOURNISSEURS_190826-004600_ST_FAC02_639226971609923513_001
NUMERO_PIECE;0804O2608RUG3;FAC02_SRC_FACTURESFOURNISSEURS_190826-004600_ST_FAC02_639226971609923513_001
NUMERO_PIECE;0804O2608RUF6;FAC02_SRC_FACTURESFOURNISSEURS_190826-004600_ST_FAC02_639226971609923513_001
NUMERO_PIECE;0804O2608RUF8;FAC02_SRC_FACTURESFOURNISSEURS_190826-004600_ST_FAC02_639226971609923513_001
NUMERO_PIECE;0804O2608RUF7;FAC02_SRC_FACTURESFOURNISSEURS_190826-004600_ST_FAC02_639226971609923513_001
NUMERO_PIECE;0804O2608RUF9;FAC02_SRC_FACTURESFOURNISSEURS_190826-004600_ST_FAC02_639226971609923513_001
SOCIETE;0360;FAC02_SRC_FACTURESFOURNISSEURS_190826-004600_ST_FAC02_639226971609923513_001
NUMERO_PIECE;0367C26084907;FAC02_SRC_FACTURESFOURNISSEURS_190826-004600_ST_FAC02_639226971609923513_001
NUMERO_PIECE;0367C26084914;FAC02_SRC_FACTURESFOURNISSEURS_190826-004600_ST_FAC02_639226971609923513_001
SOCIETE;0348;FAC02_SRC_FACTURESFOURNISSEURS_190826-004600_ST_FAC02_639226971609923513_001
NUMERO_PIECE;0367C26084908;FAC02_SRC_FACTURESFOURNISSEURS_190826-004600_ST_FAC02_639226971609923513_001
NUMERO_PIECE;0367C26084915;FAC02_SRC_FACTURESFOURNISSEURS_190826-004600_ST_FAC02_639226971609923513_001
SOCIETE;0479;FAC02_SRC_FACTURESFOURNISSEURS_190826-004600_ST_FAC02_639226971609923513_001
NUMERO_PIECE;0367C26084909;FAC02_SRC_FACTURESFOURNISSEURS_190826-004600_ST_FAC02_639226971609923513_001
NUMERO_PIECE;0367C26084912;FAC02_SRC_FACTURESFOURNISSEURS_190826-004600_ST_FAC02_639226971609923513_001
SOCIETE;0413;FAC02_SRC_FACTURESFOURNISSEURS_190826-004600_ST_FAC02_639226971609923513_001
NUMERO_PIECE;0367C26084910;FAC02_SRC_FACTURESFOURNISSEURS_190826-004600_ST_FAC02_639226971609923513_001
NUMERO_PIECE;0367C26084916;FAC02_SRC_FACTURESFOURNISSEURS_190826-004600_ST_FAC02_639226971609923513_001
NUMERO_PIECE;0688K2608AWVE;FAC02_SRC_FACTURESFOURNISSEURS_190826-004600_ST_FAC02_639226971609923513_001
SOCIETE;0693;FAC02_SRC_FACTURESFOURNISSEURS_190826-004600_ST_FAC02_639226971609923513_001
NUMERO_PIECE;0688K2608AWVF;FAC02_SRC_FACTURESFOURNISSEURS_190826-004600_ST_FAC02_639226971609923513_001
NUMERO_PIECE;0688K2608AWZY;FAC02_SRC_FACTURESFOURNISSEURS_190826-004600_ST_FAC02_639226971609923513_001
NUMERO_PIECE;0688K2608AWVG;FAC02_SRC_FACTURESFOURNISSEURS_190826-004600_ST_FAC02_639226971609923513_001
NUMERO_PIECE;0367C26084911;FAC02_SRC_FACTURESFOURNISSEURS_190826-004600_ST_FAC02_639226971609923513_001
NUMERO_PIECE;0367C26084913;FAC02_SRC_FACTURESFOURNISSEURS_190826-004600_ST_FAC02_639226971609923513_001
SOCIETE;0631;FAC02_SRC_FACTURESFOURNISSEURS_190826-004600_ST_FAC02_639226971609923513_001
NUMERO_PIECE;0688K2608AWVH;FAC02_SRC_FACTURESFOURNISSEURS_190826-004600_ST_FAC02_639226971609923513_001
NUMERO_PIECE;0688K2608AXCL;FAC02_SRC_FACTURESFOURNISSEURS_190826-004600_ST_FAC02_639226971609923513_001
