12570105;49102002;1;TAX;1;899.85;2026-08-26T00:00:00;STANDARD - 2986;;Y;DED_10.00D;;;;;;;;;;;;;;;;;;;;;;1277;2026-08-27T09:02:34;1277;1277;2026-08-27T09:02:34;;;;;;;;;;HAF;PRN01_SRC_FACTURESFOURNISSEURS_20260826_205624;;;;;;;;;;;;;;;;;;;;;;;;;;;;;;;;;;;;;;;;;;;;;;265;;;;;;;;;;;100;;Y;;;;;;;;;;;;;;;;;;;;;;;;;;;;;;;;;;;;;;;;;;;;;;;FR-TAX;TVA;FR_JURIDICTION;STANDARD;;DED_10.00D;;;;;;;;;;;;;;;;;;;;;;;;;;
12570105;49102003;2;ITEM;1;8998.46;2026-08-26T00:00:00;STANDARD - 2986;;;;;;;;;;;;;;;;;;;;;;;;;1277;2026-08-27T09:02:34;1277;1277;2026-08-27T09:02:34;;;;;;;;;;HAF;PRN01_SRC_FACTURESFOURNISSEURS_20260826_205624;;;;;;;;;;;;;;;;;;;;;;;;;;;;;;;;3364842;3955100;UC ACHAT BIOMASSE;2026-08-26T00:00:00;10210;;;91.96000;;;;;;;265;;;;;;;;;;;;;;;;;;;;;;;;;;;;;;;;;;;;;;;;;;;;;;;;;;;;;;;;;;;;;;;;;;;;;;;;;;;;;;;;;;;;;;;;;;;
12570106;49102004;1;TAX;1;1743.45;2026-08-26T00:00:00;STANDARD - FA2791;;Y;DED_10.00D;;;;;;;;;;;;;;;;;;;;;;1277;2026-08-27T09:02:34;1277;1277;2026-08-27T09:02:34;;;;;;;;;;HAF;PRN01_SRC_FACTURESFOURNISSEURS_20260826_205624;;;;;;;;;;;;;;;;;;;;;;;;;;;;;;;;;;;;;;;;;;;;;;265;;;;;;;;;;;100;;Y;;;;;;;;;;;;;;;;;;;;;;;;;;;;;;;;;;;;;;;;;;;;;;;FR-TAX;TVA;FR_JURIDICTION;STANDARD;;DED_10.00D;;;;;;;;;;;;;;;;;;;;;;;;;;
12570106;49102005;2;ITEM;1;17434.52;2026-08-26T00:00:00;STANDARD - FA2791;;;;;;;;;;;;;;;;;;;;;;;;;1277;2026-08-27T09:02:34;1277;1277;2026-08-27T09:02:34;;;;;;;;;;HAF;PRN01_SRC_FACTURESFOURNISSEURS_20260826_205624;;;;;;;;;;;;;;;;;;;;;;;;;;;;;;;;3364850;3955116;UC ACHAT BIOMASSE;2026-08-26T00:00:00;10210;;;191.10000;;;;;;;265;;;;;;;;;;;;;;;;;;;;;;;;;;;;;;;;;;;;;;;;;;;;;;;;;;;;;;;;;;;;;;;;;;;;;;;;;;;;;;;;;;;;;;;;;;;
12570107;49102006;1;TAX;1;308.96;2026-08-26T00:00:00;STANDARD - 26070238;;Y;DED_20.00E;;;;;;;;;;;;;;;;;;;;;;1277;2026-08-27T09:02:34;1277;1277;2026-08-27T09:02:34;;;;;;;;;;HAF;PRN01_SRC_FACTURESFOURNISSEURS_20260826_205624;;;;;;;;;;;;;;;;;;;;;;;;;;;;;;;;;;;;;;;;;;;;;;265;;;;;;;;;;;100;;Y;;;;;;;;;;;;;;;;;;;;;;;;;;;;;;;;;;;;;;;;;;;;;;;FR-TAX;TVA;FR_JURIDICTION;STANDARD;;DED_20.00E;;;;;;;;;;;;;;;;;;;;;;;;;;
12570107;49102007;2;ITEM;1;1544.80;2026-08-26T00:00:00;STANDARD - 26070238;;;;;;;;;;;;;;;;;;;;;;;;;1277;2026-08-27T09:02:34;1277;1277;2026-08-27T09:02:34;;;;;;;;;;HAF;PRN01_SRC_FACTURESFOURNISSEURS_20260826_205624;;;;;;;;;;;;;;;;;;;;;;;;;;;;;;;;3365025;3955537;COUTS CENDRES;2026-08-26T00:00:00;10211;;;9.04000;;;;;;;265;;;;;;;;;;;;;;;;;;;;;;;;;;;;;;;;;;;;;;;;;;;;;;;;;;;;;;;;;;;;;;;;;;;;;;;;;;;;;;;;;;;;;;;;;;;
12570109;49102010;1;TAX;1;485.34;2026-08-26T00:00:00;STANDARD - 260801940;;Y;DED_20.00E;;;;;;;;;;;;;;;;;;;;;;1277;2026-08-27T09:02:34;1277;1277;2026-08-27T09:02:34;;;;;;;;;;HAF;PRN01_SRC_FACTURESFOURNISSEURS_20260826_205624;;;;;;;;;;;;;;;;;;;;;;;;;;;;;;;;;;;;;;;;;;;;;;265;;;;;;;;;;;100;;Y;;;;;;;;;;;;;;;;;;;;;;;;;;;;;;;;;;;;;;;;;;;;;;;FR-TAX;TVA;FR_JURIDICTION;STANDARD;;DED_20.00E;;;;;;;;;;;;;;;;;;;;;;;;;;
12570109;49102011;2;ITEM;1;2426.68;2026-08-26T00:00:00;STANDARD - 260801940;;;;;;;;;;;;;;;;;;;;;;;;;1277;2026-08-27T09:02:34;1277;1277;2026-08-27T09:02:34;;;;;;;;;;HAF;PRN01_SRC_FACTURESFOURNISSEURS_20260826_205624;;;;;;;;;;;;;;;;;;;;;;;;;;;;;;;;3365227;3956018;COUTS CENDRES;2026-08-26T00:00:00;10211;;;27.60000;;;;;;;265;;;;;;;;;;;;;;;;;;;;;;;;;;;;;;;;;;;;;;;;;;;;;;;;;;;;;;;;;;;;;;;;;;;;;;;;;;;;;;;;;;;;;;;;;;;
12570110;49102012;1;TAX;1;323.00;2026-08-26T00:00:00;STANDARD - 260801941;;Y;DED_20.00E;;;;;;;;;;;;;;;;;;;;;;1277;2026-08-27T09:02:34;1277;1277;2026-08-27T09:02:34;;;;;;;;;;HAF;PRN01_SRC_FACTURESFOURNISSEURS_20260826_205624;;;;;;;;;;;;;;;;;;;;;;;;;;;;;;;;;;;;;;;;;;;;;;265;;;;;;;;;;;100;;Y;;;;;;;;;;;;;;;;;;;;;;;;;;;;;;;;;;;;;;;;;;;;;;;FR-TAX;TVA;FR_JURIDICTION;STANDARD;;DED_20.00E;;;;;;;;;;;;;;;;;;;;;;;;;;
12570110;49102013;2;TAX;1;41.00;2026-08-26T00:00:00;STANDARD - 260801941;;Y;DED_20.00E;;;;;;;;;;;;;;;;;;;;;;1277;2026-08-27T09:02:34;1277;1277;2026-08-27T09:02:34;;;;;;;;;;HAF;PRN01_SRC_FACTURESFOURNISSEURS_20260826_205624;;;;;;;;;;;;;;;;;;;;;;;;;;;;;;;;;;;;;;;;;;;;;;265;;;;;;;;;;;100;;Y;;;;;;;;;;;;;;;;;;;;;;;;;;;;;;;;;;;;;;;;;;;;;;;FR-TAX;TVA;FR_JURIDICTION;STANDARD;;DED_20.00E;;;;;;;;;;;;;;;;;;;;;;;;;;
12570110;49102014;3;ITEM;1;1615.00;2026-08-26T00:00:00;STANDARD - 260801941;;;;;;;;;;;;;;;;;;;;;;;;;1277;2026-08-27T09:02:34;1277;1277;2026-08-27T09:02:34;;;;;;;;;;HAF;PRN01_SRC_FACTURESFOURNISSEURS_20260826_205624;;;;;;;;;;;;;;;;;;;;;;;;;;;;;;;;3364780;3954968;COUTS CENDRES;2026-08-26T00:00:00;10211;;;3.04000;;;;;;;265;;;;;;;;;;;;;;;;;;;;;;;;;;;;;;;;;;;;;;;;;;;;;;;;;;;;;;;;;;;;;;;;;;;;;;;;;;;;;;;;;;;;;;;;;;;
12570110;49102015;4;ITEM;1;205.00;2026-08-26T00:00:00;STANDARD - 260801941;;;;;;;;;;;;;;;;;;;;;;;;;1277;2026-08-27T09:02:34;1277;1277;2026-08-27T09:02:34;;2852667;;;;;;3415497;;HAF;PRN01_SRC_FACTURESFOURNISSEURS_20260826_205624;;;;;;;;;;;;;;;;;;;;;;;;;;;;;;;;1379;8408;COUTS CENDRES;2026-08-26T00:00:00;114;;;1.00000;;;;;;;265;;;;;;;;;;;;;;;;;;;;;;;;;;;;;;;;;;;;;;;;;;;;;;;;;;;;;;;;;;;;;;;;;;;;;;;;;;;;;;;;;;;;;;;;;;;
12570111;49102016;1;TAX;1;39.60;2026-08-26T00:00:00;STANDARD - 260801928;;Y;DED_20.00E;;;;;;;;;;;;;;;;;;;;;;1277;2026-08-27T09:02:34;1277;1277;2026-08-27T09:02:34;;;;;;;;;;HAF;PRN01_SRC_FACTURESFOURNISSEURS_20260826_205624;;;;;;;;;;;;;;;;;;;;;;;;;;;;;;;;;;;;;;;;;;;;;;385;;;;;;;;;;;100;;Y;;;;;;;;;;;;;;;;;;;;;;;;;;;;;;;;;;;;;;;;;;;;;;;FR-TAX;TVA;FR_JURIDICTION;STANDARD;;DED_20.00E;;;;;;;;;;;;;;;;;;;;;;;;;;
12570111;49102017;2;ITEM;1;198.00;2026-08-26T00:00:00;STANDARD - 260801928;;;;;;;;;;;;;;;;;;;;;;;;;1277;2026-08-27T09:02:34;1277;1277;2026-08-27T09:02:34;;3284671;;;;;;3882737;;HAF;PRN01_SRC_FACTURESFOURNISSEURS_20260826_205624;;;;;;;;;;;;;;;;;;;;;;;;;;;;;;;;1381;8412;COUTS CENDRES;2026-08-26T00:00:00;111;;;2.00000;;;;;;;385;;;;;;;;;;;;;;;;;;;;;;;;;;;;;;;;;;;;;;;;;;;;;;;;;;;;;;;;;;;;;;;;;;;;;;;;;;;;;;;;;;;;;;;;;;;
12570112;49102018;1;TAX;1;24.00;2026-08-26T00:00:00;STANDARD - 260801926;;Y;DED_20.00E;;;;;;;;;;;;;;;;;;;;;;1277;2026-08-27T09:02:34;1277;1277;2026-08-27T09:02:34;;;;;;;;;;HAF;PRN01_SRC_FACTURESFOURNISSEURS_20260826_205624;;;;;;;;;;;;;;;;;;;;;;;;;;;;;;;;;;;;;;;;;;;;;;385;;;;;;;;;;;100;;Y;;;;;;;;;;;;;;;;;;;;;;;;;;;;;;;;;;;;;;;;;;;;;;;FR-TAX;TVA;FR_JURIDICTION;STANDARD;;DED_20.00E;;;;;;;;;;;;;;;;;;;;;;;;;;
12570112;49102019;2;ITEM;1;120.00;2026-08-26T00:00:00;STANDARD - 260801926;;;;;;;;;;;;;;;;;;;;;;;;;1277;2026-08-27T09:02:34;1277;1277;2026-08-27T09:02:34;;23465;;;;;;143685;;HAF;PRN01_SRC_FACTURESFOURNISSEURS_20260826_205624;;;;;;;;;;;;;;;;;;;;;;;;;;;;;;;;1381;8412;COUTS CENDRES;2026-08-26T00:00:00;111;;;1.00000;;;;;;;385;;;;;;;;;;;;;;;;;;;;;;;;;;;;;;;;;;;;;;;;;;;;;;;;;;;;;;;;;;;;;;;;;;;;;;;;;;;;;;;;;;;;;;;;;;;
12570113;49102020;1;TAX;1;139.77;2026-08-26T00:00:00;STANDARD - 5932;;Y;DED_10.00D;;;;;;;;;;;;;;;;;;;;;;1277;2026-08-27T09:02:34;1277;1277;2026-08-27T09:02:34;;;;;;;;;;HAF;PRN01_SRC_FACTURESFOURNISSEURS_20260826_205624;;;;;;;;;;;;;;;;;;;;;;;;;;;;;;;;;;;;;;;;;;;;;;265;;;;;;;;;;;100;;Y;;;;;;;;;;;;;;;;;;;;;;;;;;;;;;;;;;;;;;;;;;;;;;;FR-TAX;TVA;FR_JURIDICTION;STANDARD;;DED_10.00D;;;;;;;;;;;;;;;;;;;;;;;;;;
12570113;49102021;2;ITEM;1;1397.70;2026-08-26T00:00:00;STANDARD - 5932;;;;;;;;;;;;;;;;;;;;;;;;;1277;2026-08-27T09:02:34;1277;1277;2026-08-27T09:02:34;;;;;;;;;;HAF;PRN01_SRC_FACTURESFOURNISSEURS_20260826_205624;;;;;;;;;;;;;;;;;;;;;;;;;;;;;;;;3364896;3955214;UC ACHAT BIOMASSE;2026-08-26T00:00:00;10226;;;8.80000;;;;;;;265;;;;;;;;;;;;;;;;;;;;;;;;;;;;;;;;;;;;;;;;;;;;;;;;;;;;;;;;;;;;;;;;;;;;;;;;;;;;;;;;;;;;;;;;;;;
12570114;49102022;1;TAX;1;144.06;2026-08-26T00:00:00;STANDARD - 5933;;Y;DED_10.00D;;;;;;;;;;;;;;;;;;;;;;1277;2026-08-27T09:02:34;1277;1277;2026-08-27T09:02:34;;;;;;;;;;HAF;PRN01_SRC_FACTURESFOURNISSEURS_20260826_205624;;;;;;;;;;;;;;;;;;;;;;;;;;;;;;;;;;;;;;;;;;;;;;265;;;;;;;;;;;100;;Y;;;;;;;;;;;;;;;;;;;;;;;;;;;;;;;;;;;;;;;;;;;;;;;FR-TAX;TVA;FR_JURIDICTION;STANDARD;;DED_10.00D;;;;;;;;;;;;;;;;;;;;;;;;;;
12570114;49102023;2;ITEM;1;1440.59;2026-08-26T00:00:00;STANDARD - 5933;;;;;;;;;;;;;;;;;;;;;;;;;1277;2026-08-27T09:02:34;1277;1277;2026-08-27T09:02:34;;;;;;;;;;HAF;PRN01_SRC_FACTURESFOURNISSEURS_20260826_205624;;;;;;;;;;;;;;;;;;;;;;;;;;;;;;;;3364897;3955216;UC ACHAT BIOMASSE;2026-08-26T00:00:00;10226;;;9.07000;;;;;;;265;;;;;;;;;;;;;;;;;;;;;;;;;;;;;;;;;;;;;;;;;;;;;;;;;;;;;;;;;;;;;;;;;;;;;;;;;;;;;;;;;;;;;;;;;;;
12570115;49102024;1;TAX;1;90.53;2026-08-26T00:00:00;STANDARD - 5934;;Y;DED_10.00D;;;;;;;;;;;;;;;;;;;;;;1277;2026-08-27T09:02:34;1277;1277;2026-08-27T09:02:34;;;;;;;;;;HAF;PRN01_SRC_FACTURESFOURNISSEURS_20260826_205624;;;;;;;;;;;;;;;;;;;;;;;;;;;;;;;;;;;;;;;;;;;;;;265;;;;;;;;;;;100;;Y;;;;;;;;;;;;;;;;;;;;;;;;;;;;;;;;;;;;;;;;;;;;;;;FR-TAX;TVA;FR_JURIDICTION;STANDARD;;DED_10.00D;;;;;;;;;;;;;;;;;;;;;;;;;;
12570115;49102025;2;ITEM;1;905.33;2026-08-26T00:00:00;STANDARD - 5934;;;;;;;;;;;;;;;;;;;;;;;;;1277;2026-08-27T09:02:34;1277;1277;2026-08-27T09:02:34;;;;;;;;;;HAF;PRN01_SRC_FACTURESFOURNISSEURS_20260826_205624;;;;;;;;;;;;;;;;;;;;;;;;;;;;;;;;3364890;3955202;UC ACHAT BIOMASSE;2026-08-26T00:00:00;10226;;;5.70000;;;;;;;265;;;;;;;;;;;;;;;;;;;;;;;;;;;;;;;;;;;;;;;;;;;;;;;;;;;;;;;;;;;;;;;;;;;;;;;;;;;;;;;;;;;;;;;;;;;
12570116;49102026;1;TAX;1;96.25;2026-08-26T00:00:00;STANDARD - 5935;;Y;DED_10.00D;;;;;;;;;;;;;;;;;;;;;;1277;2026-08-27T09:02:34;1277;1277;2026-08-27T09:02:34;;;;;;;;;;HAF;PRN01_SRC_FACTURESFOURNISSEURS_20260826_205624;;;;;;;;;;;;;;;;;;;;;;;;;;;;;;;;;;;;;;;;;;;;;;265;;;;;;;;;;;100;;Y;;;;;;;;;;;;;;;;;;;;;;;;;;;;;;;;;;;;;;;;;;;;;;;FR-TAX;TVA;FR_JURIDICTION;STANDARD;;DED_10.00D;;;;;;;;;;;;;;;;;;;;;;;;;;
12570116;49102027;2;ITEM;1;962.51;2026-08-26T00:00:00;STANDARD - 5935;;;;;;;;;;;;;;;;;;;;;;;;;1277;2026-08-27T09:02:34;1277;1277;2026-08-27T09:02:34;;;;;;;;;;HAF;PRN01_SRC_FACTURESFOURNISSEURS_20260826_205624;;;;;;;;;;;;;;;;;;;;;;;;;;;;;;;;3364889;3955200;UC ACHAT BIOMASSE;2026-08-26T00:00:00;10226;;;6.06000;;;;;;;265;;;;;;;;;;;;;;;;;;;;;;;;;;;;;;;;;;;;;;;;;;;;;;;;;;;;;;;;;;;;;;;;;;;;;;;;;;;;;;;;;;;;;;;;;;;
12570117;49102028;1;TAX;1;105.46;2026-08-26T00:00:00;STANDARD - 5936;;Y;DED_10.00D;;;;;;;;;;;;;;;;;;;;;;1277;2026-08-27T09:02:34;1277;1277;2026-08-27T09:02:34;;;;;;;;;;HAF;PRN01_SRC_FACTURESFOURNISSEURS_20260826_205624;;;;;;;;;;;;;;;;;;;;;;;;;;;;;;;;;;;;;;;;;;;;;;265;;;;;;;;;;;100;;Y;;;;;;;;;;;;;;;;;;;;;;;;;;;;;;;;;;;;;;;;;;;;;;;FR-TAX;TVA;FR_JURIDICTION;STANDARD;;DED_10.00D;;;;;;;;;;;;;;;;;;;;;;;;;;
12570117;49102029;2;ITEM;1;1054.63;2026-08-26T00:00:00;STANDARD - 5936;;;;;;;;;;;;;;;;;;;;;;;;;1277;2026-08-27T09:02:34;1277;1277;2026-08-27T09:02:34;;;;;;;;;;HAF;PRN01_SRC_FACTURESFOURNISSEURS_20260826_205624;;;;;;;;;;;;;;;;;;;;;;;;;;;;;;;;3364830;3955075;UC ACHAT BIOMASSE;2026-08-26T00:00:00;10226;;;6.64000;;;;;;;265;;;;;;;;;;;;;;;;;;;;;;;;;;;;;;;;;;;;;;;;;;;;;;;;;;;;;;;;;;;;;;;;;;;;;;;;;;;;;;;;;;;;;;;;;;;
12570118;49102030;1;TAX;1;2767.05;2026-08-26T00:00:00;STANDARD - 9100000465;;Y;DED_INTRACOM_10.00;;;;;;;;;;;;;;;;;;;;;;1277;2026-08-27T09:02:34;1277;1277;2026-08-27T09:02:34;;;;;;;;;;HAF;PRN01_SRC_FACTURESFOURNISSEURS_20260826_205624;;;;;;;;;;;;;;;;;;;;;;;;;;;;;;;;;;;;;;;;;;;;;;265;;;;;;;;;;;100;;Y;;;;;;;;;;;;;;;;;;;;;;;;;;;;;;;;;;;;;;;;;;;;;;;FR-TAX;TVA;FR_JURIDICTION;STANDARD;;DED_INTRACOM_10.00;;;;;;;;;;;;;;;;;;;;;;;;;;
12570118;49102031;2;TAX;1;-2767.05;2026-08-26T00:00:00;STANDARD - 9100000465;;Y;DED_OFFSET_10.00;;;;;;;;;;;;;;;;;;;;;;1277;2026-08-27T09:02:34;1277;1277;2026-08-27T09:02:34;;;;;;;;;;HAF;PRN01_SRC_FACTURESFOURNISSEURS_20260826_205624;;;;;;;;;;;;;;;;;;;;;;;;;;;;;;;;;;;;;;;;;;;;;;265;;;;;;;;;;;100;;Y;;;;;;;;;;;;;;;;;;;;;;;;;;;;;;;;;;;;;;;;;;;;;;;FR-TAX;TVA-OFFSET;;OFFSET;;DED_OFFSET_10.00;;;;;;;;;;;;;;;;;;;;;;;;;;
12570118;49102032;3;ITEM;1;27670.50;2026-08-26T00:00:00;STANDARD - 9100000465;;;;;;;;;;;;;;;;;;;;;;;;;1277;2026-08-27T09:02:34;1277;1277;2026-08-27T09:02:34;;;;;;;;;;HAF;PRN01_SRC_FACTURESFOURNISSEURS_20260826_205624;;;;;;;;;;;;;;;;;;;;;;;;;;;;;;;;3367674;3957845;UC ACHAT BIOMASSE;2026-08-26T00:00:00;10210;;;503.10000;;;;;;;265;;;;;;;;;;;;;;;;;;;;;;;;;;;;;;;;;;;;;;;;;;;;;;;;;;;;;;;;;;;;;;;;;;;;;;;;;;;;;;;;;;;;;;;;;;;
12570119;49102033;1;TAX;1;492.31;2026-08-26T00:00:00;STANDARD - 26/07/19;;Y;DED_10.00D;;;;;;;;;;;;;;;;;;;;;;1277;2026-08-27T09:02:34;1277;1277;2026-08-27T09:02:34;;;;;;;;;;HAF;PRN01_SRC_FACTURESFOURNISSEURS_20260826_205624;;;;;;;;;;;;;;;;;;;;;;;;;;;;;;;;;;;;;;;;;;;;;;265;;;;;;;;;;;100;;Y;;;;;;;;;;;;;;;;;;;;;;;;;;;;;;;;;;;;;;;;;;;;;;;FR-TAX;TVA;FR_JURIDICTION;STANDARD;;DED_10.00D;;;;;;;;;;;;;;;;;;;;;;;;;;
12570119;49102034;2;ITEM;1;4923.07;2026-08-26T00:00:00;STANDARD - 26/07/19;;;;;;;;;;;;;;;;;;;;;;;;;1277;2026-08-27T09:02:34;1277;1277;2026-08-27T09:02:34;;;;;;;;;;HAF;PRN01_SRC_FACTURESFOURNISSEURS_20260826_205624;;;;;;;;;;;;;;;;;;;;;;;;;;;;;;;;3366682;3956645;UC ACHAT BIOMASSE;2026-08-26T00:00:00;10226;;;60.02000;;;;;;;265;;;;;;;;;;;;;;;;;;;;;;;;;;;;;;;;;;;;;;;;;;;;;;;;;;;;;;;;;;;;;;;;;;;;;;;;;;;;;;;;;;;;;;;;;;;
12570120;49102035;1;TAX;1;2281.90;2026-08-26T00:00:00;STANDARD - 202607036;;Y;DED_10.00D;;;;;;;;;;;;;;;;;;;;;;1277;2026-08-27T09:02:34;1277;1277;2026-08-27T09:02:34;;;;;;;;;;HAF;PRN01_SRC_FACTURESFOURNISSEURS_20260826_205624;;;;;;;;;;;;;;;;;;;;;;;;;;;;;;;;;;;;;;;;;;;;;;265;;;;;;;;;;;100;;Y;;;;;;;;;;;;;;;;;;;;;;;;;;;;;;;;;;;;;;;;;;;;;;;FR-TAX;TVA;FR_JURIDICTION;STANDARD;;DED_10.00D;;;;;;;;;;;;;;;;;;;;;;;;;;
12570120;49102036;2;ITEM;1;22818.95;2026-08-26T00:00:00;STANDARD - 202607036;;;;;;;;;;;;;;;;;;;;;;;;;1277;2026-08-27T09:02:34;1277;1277;2026-08-27T09:02:34;;;;;;;;;;HAF;PRN01_SRC_FACTURESFOURNISSEURS_20260826_205624;;;;;;;;;;;;;;;;;;;;;;;;;;;;;;;;3364811;3955031;UC ACHAT BIOMASSE;2026-08-26T00:00:00;10226;;;215.50000;;;;;;;265;;;;;;;;;;;;;;;;;;;;;;;;;;;;;;;;;;;;;;;;;;;;;;;;;;;;;;;;;;;;;;;;;;;;;;;;;;;;;;;;;;;;;;;;;;;
12570121;49102037;1;TAX;1;258.60;2026-08-26T00:00:00;STANDARD - 202607035;;Y;DED_10.00D;;;;;;;;;;;;;;;;;;;;;;1277;2026-08-27T09:02:34;1277;1277;2026-08-27T09:02:34;;;;;;;;;;HAF;PRN01_SRC_FACTURESFOURNISSEURS_20260826_205624;;;;;;;;;;;;;;;;;;;;;;;;;;;;;;;;;;;;;;;;;;;;;;265;;;;;;;;;;;100;;Y;;;;;;;;;;;;;;;;;;;;;;;;;;;;;;;;;;;;;;;;;;;;;;;FR-TAX;TVA;FR_JURIDICTION;STANDARD;;DED_10.00D;;;;;;;;;;;;;;;;;;;;;;;;;;
12570121;49102038;2;ITEM;1;2585.98;2026-08-26T00:00:00;STANDARD - 202607035;;;;;;;;;;;;;;;;;;;;;;;;;1277;2026-08-27T09:02:34;1277;1277;2026-08-27T09:02:34;;;;;;;;;;HAF;PRN01_SRC_FACTURESFOURNISSEURS_20260826_205624;;;;;;;;;;;;;;;;;;;;;;;;;;;;;;;;3510680;4097941;UC ACHAT BIOMASSE;2026-08-26T00:00:00;10226;;;25.00000;;;;;;;265;;;;;;;;;;;;;;;;;;;;;;;;;;;;;;;;;;;;;;;;;;;;;;;;;;;;;;;;;;;;;;;;;;;;;;;;;;;;;;;;;;;;;;;;;;;
12570122;49102039;1;TAX;1;584.85;2026-08-26T00:00:00;STANDARD - 202607034;;Y;DED_10.00D;;;;;;;;;;;;;;;;;;;;;;1277;2026-08-27T09:02:34;1277;1277;2026-08-27T09:02:34;;;;;;;;;;HAF;PRN01_SRC_FACTURESFOURNISSEURS_20260826_205624;;;;;;;;;;;;;;;;;;;;;;;;;;;;;;;;;;;;;;;;;;;;;;265;;;;;;;;;;;100;;Y;;;;;;;;;;;;;;;;;;;;;;;;;;;;;;;;;;;;;;;;;;;;;;;FR-TAX;TVA;FR_JURIDICTION;STANDARD;;DED_10.00D;;;;;;;;;;;;;;;;;;;;;;;;;;
12570122;49102040;2;ITEM;1;5848.52;2026-08-26T00:00:00;STANDARD - 202607034;;;;;;;;;;;;;;;;;;;;;;;;;1277;2026-08-27T09:02:34;1277;1277;2026-08-27T09:02:34;;;;;;;;;;HAF;PRN01_SRC_FACTURESFOURNISSEURS_20260826_205624;;;;;;;;;;;;;;;;;;;;;;;;;;;;;;;;3364810;3955029;UC ACHAT BIOMASSE;2026-08-26T00:00:00;10226;;;53.32000;;;;;;;265;;;;;;;;;;;;;;;;;;;;;;;;;;;;;;;;;;;;;;;;;;;;;;;;;;;;;;;;;;;;;;;;;;;;;;;;;;;;;;;;;;;;;;;;;;;
12570123;49102041;1;TAX;1;124.19;2026-08-26T00:00:00;STANDARD - 5926;;Y;DED_10.00D;;;;;;;;;;;;;;;;;;;;;;1277;2026-08-27T09:02:34;1277;1277;2026-08-27T09:02:34;;;;;;;;;;HAF;PRN01_SRC_FACTURESFOURNISSEURS_20260826_205624;;;;;;;;;;;;;;;;;;;;;;;;;;;;;;;;;;;;;;;;;;;;;;265;;;;;;;;;;;100;;Y;;;;;;;;;;;;;;;;;;;;;;;;;;;;;;;;;;;;;;;;;;;;;;;FR-TAX;TVA;FR_JURIDICTION;STANDARD;;DED_10.00D;;;;;;;;;;;;;;;;;;;;;;;;;;
12570123;49102042;2;ITEM;1;1241.94;2026-08-26T00:00:00;STANDARD - 5926;;;;;;;;;;;;;;;;;;;;;;;;;1277;2026-08-27T09:02:34;1277;1277;2026-08-27T09:02:34;;;;;;;;;;HAF;PRN01_SRC_FACTURESFOURNISSEURS_20260826_205624;;;;;;;;;;;;;;;;;;;;;;;;;;;;;;;;3364895;3955212;UC ACHAT BIOMASSE;2026-08-26T00:00:00;10226;;;7.92000;;;;;;;265;;;;;;;;;;;;;;;;;;;;;;;;;;;;;;;;;;;;;;;;;;;;;;;;;;;;;;;;;;;;;;;;;;;;;;;;;;;;;;;;;;;;;;;;;;;
12570124;49102043;1;TAX;1;81.54;2026-08-26T00:00:00;STANDARD - 5927;;Y;DED_10.00D;;;;;;;;;;;;;;;;;;;;;;1277;2026-08-27T09:02:34;1277;1277;2026-08-27T09:02:34;;;;;;;;;;HAF;PRN01_SRC_FACTURESFOURNISSEURS_20260826_205624;;;;;;;;;;;;;;;;;;;;;;;;;;;;;;;;;;;;;;;;;;;;;;386;;;;;;;;;;;100;;Y;;;;;;;;;;;;;;;;;;;;;;;;;;;;;;;;;;;;;;;;;;;;;;;FR-TAX;TVA;FR_JURIDICTION;STANDARD;;DED_10.00D;;;;;;;;;;;;;;;;;;;;;;;;;;
12570124;49102044;2;ITEM;1;815.41;2026-08-26T00:00:00;STANDARD - 5927;;;;;;;;;;;;;;;;;;;;;;;;;1277;2026-08-27T09:02:34;1277;1277;2026-08-27T09:02:34;;;;;;;;;;HAF;PRN01_SRC_FACTURESFOURNISSEURS_20260826_205624;;;;;;;;;;;;;;;;;;;;;;;;;;;;;;;;22461;138158;UC ACHAT BIOMASSE;2026-08-26T00:00:00;929;;;5.20000;;;;;;;386;;;;;;;;;;;;;;;;;;;;;;;;;;;;;;;;;;;;;;;;;;;;;;;;;;;;;;;;;;;;;;;;;;;;;;;;;;;;;;;;;;;;;;;;;;;
12570125;49102045;1;TAX;1;133.59;2026-08-26T00:00:00;STANDARD - 5928;;Y;DED_10.00D;;;;;;;;;;;;;;;;;;;;;;1277;2026-08-27T09:02:34;1277;1277;2026-08-27T09:02:34;;;;;;;;;;HAF;PRN01_SRC_FACTURESFOURNISSEURS_20260826_205624;;;;;;;;;;;;;;;;;;;;;;;;;;;;;;;;;;;;;;;;;;;;;;386;;;;;;;;;;;100;;Y;;;;;;;;;;;;;;;;;;;;;;;;;;;;;;;;;;;;;;;;;;;;;;;FR-TAX;TVA;FR_JURIDICTION;STANDARD;;DED_10.00D;;;;;;;;;;;;;;;;;;;;;;;;;;
12570125;49102046;2;ITEM;1;1335.94;2026-08-26T00:00:00;STANDARD - 5928;;;;;;;;;;;;;;;;;;;;;;;;;1277;2026-08-27T09:02:34;1277;1277;2026-08-27T09:02:34;;;;;;;;;;HAF;PRN01_SRC_FACTURESFOURNISSEURS_20260826_205624;;;;;;;;;;;;;;;;;;;;;;;;;;;;;;;;2734644;3273835;UC ACHAT BIOMASSE;2026-08-26T00:00:00;929;;;8.06000;;;;;;;386;;;;;;;;;;;;;;;;;;;;;;;;;;;;;;;;;;;;;;;;;;;;;;;;;;;;;;;;;;;;;;;;;;;;;;;;;;;;;;;;;;;;;;;;;;;
12570126;49102047;1;TAX;1;2495.25;2026-08-26T00:00:00;STANDARD - 739-1182;;Y;DED_10.00D;;;;;;;;;;;;;;;;;;;;;;1277;2026-08-27T09:02:34;1277;1277;2026-08-27T09:02:34;;;;;;;;;;HAF;PRN01_SRC_FACTURESFOURNISSEURS_20260826_205624;;;;;;;;;;;;;;;;;;;;;;;;;;;;;;;;;;;;;;;;;;;;;;265;;;;;;;;;;;100;;Y;;;;;;;;;;;;;;;;;;;;;;;;;;;;;;;;;;;;;;;;;;;;;;;FR-TAX;TVA;FR_JURIDICTION;STANDARD;;DED_10.00D;;;;;;;;;;;;;;;;;;;;;;;;;;
12570126;49102048;2;ITEM;1;24952.48;2026-08-26T00:00:00;STANDARD - 739-1182;;;;;;;;;;;;;;;;;;;;;;;;;1277;2026-08-27T09:02:34;1277;1277;2026-08-27T09:02:34;;;;;;;;;;HAF;PRN01_SRC_FACTURESFOURNISSEURS_20260826_205624;;;;;;;;;;;;;;;;;;;;;;;;;;;;;;;;3366682;3956645;UC ACHAT BIOMASSE;2026-08-26T00:00:00;10226;;;284.66000;;;;;;;265;;;;;;;;;;;;;;;;;;;;;;;;;;;;;;;;;;;;;;;;;;;;;;;;;;;;;;;;;;;;;;;;;;;;;;;;;;;;;;;;;;;;;;;;;;;
12570127;49102049;1;TAX;1;1199.01;2026-08-26T00:00:00;STANDARD - 202607033;;Y;DED_10.00D;;;;;;;;;;;;;;;;;;;;;;1277;2026-08-27T09:02:34;1277;1277;2026-08-27T09:02:34;;;;;;;;;;HAF;PRN01_SRC_FACTURESFOURNISSEURS_20260826_205624;;;;;;;;;;;;;;;;;;;;;;;;;;;;;;;;;;;;;;;;;;;;;;265;;;;;;;;;;;100;;Y;;;;;;;;;;;;;;;;;;;;;;;;;;;;;;;;;;;;;;;;;;;;;;;FR-TAX;TVA;FR_JURIDICTION;STANDARD;;DED_10.00D;;;;;;;;;;;;;;;;;;;;;;;;;;
12570127;49102050;2;ITEM;1;11990.13;2026-08-26T00:00:00;STANDARD - 202607033;;;;;;;;;;;;;;;;;;;;;;;;;1277;2026-08-27T09:02:34;1277;1277;2026-08-27T09:02:34;;;;;;;;;;HAF;PRN01_SRC_FACTURESFOURNISSEURS_20260826_205624;;;;;;;;;;;;;;;;;;;;;;;;;;;;;;;;3364831;3955077;UC ACHAT BIOMASSE;2026-08-26T00:00:00;10226;;;113.38000;;;;;;;265;;;;;;;;;;;;;;;;;;;;;;;;;;;;;;;;;;;;;;;;;;;;;;;;;;;;;;;;;;;;;;;;;;;;;;;;;;;;;;;;;;;;;;;;;;;
12570128;49102051;1;TAX;1;4761.65;2026-08-26T00:00:00;STANDARD - 2026-07-VCOM7073;;Y;DED_10.00D;;;;;;;;;;;;;;;;;;;;;;1277;2026-08-27T09:02:34;1277;1277;2026-08-27T09:02:34;;;;;;;;;;HAF;PRN01_SRC_FACTURESFOURNISSEURS_20260826_205624;;;;;;;;;;;;;;;;;;;;;;;;;;;;;;;;;;;;;;;;;;;;;;265;;;;;;;;;;;100;;Y;;;;;;;;;;;;;;;;;;;;;;;;;;;;;;;;;;;;;;;;;;;;;;;FR-TAX;TVA;FR_JURIDICTION;STANDARD;;DED_10.00D;;;;;;;;;;;;;;;;;;;;;;;;;;
12570128;49102052;2;ITEM;1;47616.21;2026-08-26T00:00:00;STANDARD - 2026-07-VCOM7073;;;;;;;;;;;;;;;;;;;;;;;;;1277;2026-08-27T09:02:34;1277;1277;2026-08-27T09:02:34;;;;;;;;;;HAF;PRN01_SRC_FACTURESFOURNISSEURS_20260826_205624;;;;;;;;;;;;;;;;;;;;;;;;;;;;;;;;3366681;3956643;UC ACHAT BIOMASSE;2026-08-26T00:00:00;10226;;;577.26000;;;;;;;265;;;;;;;;;;;;;;;;;;;;;;;;;;;;;;;;;;;;;;;;;;;;;;;;;;;;;;;;;;;;;;;;;;;;;;;;;;;;;;;;;;;;;;;;;;;
12570129;49102053;1;TAX;1;1452.99;2026-08-26T00:00:00;STANDARD - VENTE-2026-0000075;;Y;DED_10.00D;;;;;;;;;;;;;;;;;;;;;;1277;2026-08-27T09:02:34;1277;1277;2026-08-27T09:02:34;;;;;;;;;;HAF;PRN01_SRC_FACTURESFOURNISSEURS_20260826_205624;;;;;;;;;;;;;;;;;;;;;;;;;;;;;;;;;;;;;;;;;;;;;;265;;;;;;;;;;;100;;Y;;;;;;;;;;;;;;;;;;;;;;;;;;;;;;;;;;;;;;;;;;;;;;;FR-TAX;TVA;FR_JURIDICTION;STANDARD;;DED_10.00D;;;;;;;;;;;;;;;;;;;;;;;;;;
12570129;49102054;2;ITEM;1;14529.91;2026-08-26T00:00:00;STANDARD - VENTE-2026-0000075;;;;;;;;;;;;;;;;;;;;;;;;;1277;2026-08-27T09:02:34;1277;1277;2026-08-27T09:02:34;;;;;;;;;;HAF;PRN01_SRC_FACTURESFOURNISSEURS_20260826_205624;;;;;;;;;;;;;;;;;;;;;;;;;;;;;;;;3364814;3955037;UC ACHAT BIOMASSE;2026-08-26T00:00:00;10226;;;131.48000;;;;;;;265;;;;;;;;;;;;;;;;;;;;;;;;;;;;;;;;;;;;;;;;;;;;;;;;;;;;;;;;;;;;;;;;;;;;;;;;;;;;;;;;;;;;;;;;;;;
12570130;49102055;1;TAX;1;1186.81;2026-08-26T00:00:00;STANDARD - 2026-07-VCOM7024;;Y;DED_10.00D;;;;;;;;;;;;;;;;;;;;;;1277;2026-08-27T09:02:34;1277;1277;2026-08-27T09:02:34;;;;;;;;;;HAF;PRN01_SRC_FACTURESFOURNISSEURS_20260826_205624;;;;;;;;;;;;;;;;;;;;;;;;;;;;;;;;;;;;;;;;;;;;;;265;;;;;;;;;;;100;;Y;;;;;;;;;;;;;;;;;;;;;;;;;;;;;;;;;;;;;;;;;;;;;;;FR-TAX;TVA;FR_JURIDICTION;STANDARD;;DED_10.00D;;;;;;;;;;;;;;;;;;;;;;;;;;
12570130;49102056;2;ITEM;1;11868.03;2026-08-26T00:00:00;STANDARD - 2026-07-VCOM7024;;;;;;;;;;;;;;;;;;;;;;;;;1277;2026-08-27T09:02:34;1277;1277;2026-08-27T09:02:34;;;;;;;;;;HAF;PRN01_SRC_FACTURESFOURNISSEURS_20260826_205624;;;;;;;;;;;;;;;;;;;;;;;;;;;;;;;;3364831;3955077;UC ACHAT BIOMASSE;2026-08-26T00:00:00;10226;;;111.74000;;;;;;;265;;;;;;;;;;;;;;;;;;;;;;;;;;;;;;;;;;;;;;;;;;;;;;;;;;;;;;;;;;;;;;;;;;;;;;;;;;;;;;;;;;;;;;;;;;;
12570131;49102057;1;TAX;1;708.19;2026-08-26T00:00:00;STANDARD - 2026-07-VCOM7035;;Y;DED_10.00D;;;;;;;;;;;;;;;;;;;;;;1277;2026-08-27T09:02:34;1277;1277;2026-08-27T09:02:34;;;;;;;;;;HAF;PRN01_SRC_FACTURESFOURNISSEURS_20260826_205624;;;;;;;;;;;;;;;;;;;;;;;;;;;;;;;;;;;;;;;;;;;;;;265;;;;;;;;;;;100;;Y;;;;;;;;;;;;;;;;;;;;;;;;;;;;;;;;;;;;;;;;;;;;;;;FR-TAX;TVA;FR_JURIDICTION;STANDARD;;DED_10.00D;;;;;;;;;;;;;;;;;;;;;;;;;;
12570131;49102058;2;ITEM;1;7081.91;2026-08-26T00:00:00;STANDARD - 2026-07-VCOM7035;;;;;;;;;;;;;;;;;;;;;;;;;1277;2026-08-27T09:02:34;1277;1277;2026-08-27T09:02:34;;;;;;;;;;HAF;PRN01_SRC_FACTURESFOURNISSEURS_20260826_205624;;;;;;;;;;;;;;;;;;;;;;;;;;;;;;;;3365203;3955971;UC ACHAT BIOMASSE;2026-08-26T00:00:00;10226;;;80.12000;;;;;;;265;;;;;;;;;;;;;;;;;;;;;;;;;;;;;;;;;;;;;;;;;;;;;;;;;;;;;;;;;;;;;;;;;;;;;;;;;;;;;;;;;;;;;;;;;;;
12570132;49102059;1;TAX;1;1772.18;2026-08-26T00:00:00;STANDARD - 2026-07-VCOM7032;;Y;DED_10.00D;;;;;;;;;;;;;;;;;;;;;;1277;2026-08-27T09:02:34;1277;1277;2026-08-27T09:02:34;;;;;;;;;;HAF;PRN01_SRC_FACTURESFOURNISSEURS_20260826_205624;;;;;;;;;;;;;;;;;;;;;;;;;;;;;;;;;;;;;;;;;;;;;;265;;;;;;;;;;;100;;Y;;;;;;;;;;;;;;;;;;;;;;;;;;;;;;;;;;;;;;;;;;;;;;;FR-TAX;TVA;FR_JURIDICTION;STANDARD;;DED_10.00D;;;;;;;;;;;;;;;;;;;;;;;;;;
12570132;49102060;2;ITEM;1;17721.72;2026-08-26T00:00:00;STANDARD - 2026-07-VCOM7032;;;;;;;;;;;;;;;;;;;;;;;;;1277;2026-08-27T09:02:34;1277;1277;2026-08-27T09:02:34;;;;;;;;;;HAF;PRN01_SRC_FACTURESFOURNISSEURS_20260826_205624;;;;;;;;;;;;;;;;;;;;;;;;;;;;;;;;3366682;3956645;UC ACHAT BIOMASSE;2026-08-26T00:00:00;10226;;;207.08000;;;;;;;265;;;;;;;;;;;;;;;;;;;;;;;;;;;;;;;;;;;;;;;;;;;;;;;;;;;;;;;;;;;;;;;;;;;;;;;;;;;;;;;;;;;;;;;;;;;
12570133;49102061;1;TAX;1;259.72;2026-08-26T00:00:00;STANDARD - 2026-07-VCOM7033;;Y;DED_10.00D;;;;;;;;;;;;;;;;;;;;;;1277;2026-08-27T09:02:34;1277;1277;2026-08-27T09:02:34;;;;;;;;;;HAF;PRN01_SRC_FACTURESFOURNISSEURS_20260826_205624;;;;;;;;;;;;;;;;;;;;;;;;;;;;;;;;;;;;;;;;;;;;;;265;;;;;;;;;;;100;;Y;;;;;;;;;;;;;;;;;;;;;;;;;;;;;;;;;;;;;;;;;;;;;;;FR-TAX;TVA;FR_JURIDICTION;STANDARD;;DED_10.00D;;;;;;;;;;;;;;;;;;;;;;;;;;
12570133;49102062;2;ITEM;1;2597.19;2026-08-26T00:00:00;STANDARD - 2026-07-VCOM7033;;;;;;;;;;;;;;;;;;;;;;;;;1277;2026-08-27T09:02:34;1277;1277;2026-08-27T09:02:34;;;;;;;;;;HAF;PRN01_SRC_FACTURESFOURNISSEURS_20260826_205624;;;;;;;;;;;;;;;;;;;;;;;;;;;;;;;;3365203;3955971;UC ACHAT BIOMASSE;2026-08-26T00:00:00;10226;;;21.10000;;;;;;;265;;;;;;;;;;;;;;;;;;;;;;;;;;;;;;;;;;;;;;;;;;;;;;;;;;;;;;;;;;;;;;;;;;;;;;;;;;;;;;;;;;;;;;;;;;;
12570134;49102063;1;TAX;1;784.30;2026-08-26T00:00:00;STANDARD - FCT-2026-179;;Y;DED_10.00D;;;;;;;;;;;;;;;;;;;;;;1277;2026-08-27T09:02:34;1277;1277;2026-08-27T09:02:34;;;;;;;;;;HAF;PRN01_SRC_FACTURESFOURNISSEURS_20260826_205624;;;;;;;;;;;;;;;;;;;;;;;;;;;;;;;;;;;;;;;;;;;;;;265;;;;;;;;;;;100;;Y;;;;;;;;;;;;;;;;;;;;;;;;;;;;;;;;;;;;;;;;;;;;;;;FR-TAX;TVA;FR_JURIDICTION;STANDARD;;DED_10.00D;;;;;;;;;;;;;;;;;;;;;;;;;;
12570134;49102064;2;ITEM;1;7843.00;2026-08-26T00:00:00;STANDARD - FCT-2026-179;;;;;;;;;;;;;;;;;;;;;;;;;1277;2026-08-27T09:02:34;1277;1277;2026-08-27T09:02:34;;;;;;;;;;HAF;PRN01_SRC_FACTURESFOURNISSEURS_20260826_205624;;;;;;;;;;;;;;;;;;;;;;;;;;;;;;;;3364719;3954841;UC ACHAT BIOMASSE;2026-08-26T00:00:00;10209;;;25.30000;;;;;;;265;;;;;;;;;;;;;;;;;;;;;;;;;;;;;;;;;;;;;;;;;;;;;;;;;;;;;;;;;;;;;;;;;;;;;;;;;;;;;;;;;;;;;;;;;;;
12570135;49102065;1;TAX;1;2429.22;2026-08-26T00:00:00;STANDARD - FA00001611;;Y;DED_10.00D;;;;;;;;;;;;;;;;;;;;;;1277;2026-08-27T09:02:34;1277;1277;2026-08-27T09:02:34;;;;;;;;;;HAF;PRN01_SRC_FACTURESFOURNISSEURS_20260826_205624;;;;;;;;;;;;;;;;;;;;;;;;;;;;;;;;;;;;;;;;;;;;;;265;;;;;;;;;;;100;;Y;;;;;;;;;;;;;;;;;;;;;;;;;;;;;;;;;;;;;;;;;;;;;;;FR-TAX;TVA;FR_JURIDICTION;STANDARD;;DED_10.00D;;;;;;;;;;;;;;;;;;;;;;;;;;
12570135;49102066;2;ITEM;1;24292.21;2026-08-26T00:00:00;STANDARD - FA00001611;;;;;;;;;;;;;;;;;;;;;;;;;1277;2026-08-27T09:02:34;1277;1277;2026-08-27T09:02:34;;;;;;;;;;HAF;PRN01_SRC_FACTURESFOURNISSEURS_20260826_205624;;;;;;;;;;;;;;;;;;;;;;;;;;;;;;;;3364867;3955150;UC ACHAT BIOMASSE;2026-08-26T00:00:00;10210;;;367.26000;;;;;;;265;;;;;;;;;;;;;;;;;;;;;;;;;;;;;;;;;;;;;;;;;;;;;;;;;;;;;;;;;;;;;;;;;;;;;;;;;;;;;;;;;;;;;;;;;;;
12570136;49102067;1;TAX;1;187.34;2026-08-26T00:00:00;STANDARD - 260801922;;Y;DED_20.00E;;;;;;;;;;;;;;;;;;;;;;1277;2026-08-27T09:02:34;1277;1277;2026-08-27T09:02:34;;;;;;;;;;HAF;PRN01_SRC_FACTURESFOURNISSEURS_20260826_205624;;;;;;;;;;;;;;;;;;;;;;;;;;;;;;;;;;;;;;;;;;;;;;265;;;;;;;;;;;100;;Y;;;;;;;;;;;;;;;;;;;;;;;;;;;;;;;;;;;;;;;;;;;;;;;FR-TAX;TVA;FR_JURIDICTION;STANDARD;;DED_20.00E;;;;;;;;;;;;;;;;;;;;;;;;;;
12570136;49102068;2;ITEM;1;936.70;2026-08-26T00:00:00;STANDARD - 260801922;;;;;;;;;;;;;;;;;;;;;;;;;1277;2026-08-27T09:02:34;1277;1277;2026-08-27T09:02:34;;;;;;;;;;HAF;PRN01_SRC_FACTURESFOURNISSEURS_20260826_205624;;;;;;;;;;;;;;;;;;;;;;;;;;;;;;;;3364920;3955282;COUTS CENDRES;2026-08-26T00:00:00;10209;;;9.72000;;;;;;;265;;;;;;;;;;;;;;;;;;;;;;;;;;;;;;;;;;;;;;;;;;;;;;;;;;;;;;;;;;;;;;;;;;;;;;;;;;;;;;;;;;;;;;;;;;;
12570137;49102069;1;TAX;1;681.65;2026-08-26T00:00:00;STANDARD - 5166;;Y;DED_10.00D;;;;;;;;;;;;;;;;;;;;;;1277;2026-08-27T09:02:34;1277;1277;2026-08-27T09:02:34;;;;;;;;;;HAF;PRN01_SRC_FACTURESFOURNISSEURS_20260826_205624;;;;;;;;;;;;;;;;;;;;;;;;;;;;;;;;;;;;;;;;;;;;;;265;;;;;;;;;;;100;;Y;;;;;;;;;;;;;;;;;;;;;;;;;;;;;;;;;;;;;;;;;;;;;;;FR-TAX;TVA;FR_JURIDICTION;STANDARD;;DED_10.00D;;;;;;;;;;;;;;;;;;;;;;;;;;
12570137;49102070;2;ITEM;1;6816.54;2026-08-26T00:00:00;STANDARD - 5166;;;;;;;;;;;;;;;;;;;;;;;;;1277;2026-08-27T09:02:34;1277;1277;2026-08-27T09:02:34;;;;;;;;;;HAF;PRN01_SRC_FACTURESFOURNISSEURS_20260826_205624;;;;;;;;;;;;;;;;;;;;;;;;;;;;;;;;3364816;3955041;UC ACHAT BIOMASSE;2026-08-26T00:00:00;10226;;;69.46000;;;;;;;265;;;;;;;;;;;;;;;;;;;;;;;;;;;;;;;;;;;;;;;;;;;;;;;;;;;;;;;;;;;;;;;;;;;;;;;;;;;;;;;;;;;;;;;;;;;
12570138;49102071;1;TAX;1;2055.57;2026-08-26T00:00:00;STANDARD - 5167;;Y;DED_10.00D;;;;;;;;;;;;;;;;;;;;;;1277;2026-08-27T09:02:34;1277;1277;2026-08-27T09:02:34;;;;;;;;;;HAF;PRN01_SRC_FACTURESFOURNISSEURS_20260826_205624;;;;;;;;;;;;;;;;;;;;;;;;;;;;;;;;;;;;;;;;;;;;;;265;;;;;;;;;;;100;;Y;;;;;;;;;;;;;;;;;;;;;;;;;;;;;;;;;;;;;;;;;;;;;;;FR-TAX;TVA;FR_JURIDICTION;STANDARD;;DED_10.00D;;;;;;;;;;;;;;;;;;;;;;;;;;
12570138;49102072;2;ITEM;1;20555.67;2026-08-26T00:00:00;STANDARD - 5167;;;;;;;;;;;;;;;;;;;;;;;;;1277;2026-08-27T09:02:34;1277;1277;2026-08-27T09:02:34;;;;;;;;;;HAF;PRN01_SRC_FACTURESFOURNISSEURS_20260826_205624;;;;;;;;;;;;;;;;;;;;;;;;;;;;;;;;3365050;3955608;UC ACHAT BIOMASSE;2026-08-26T00:00:00;10226;;;205.20000;;;;;;;265;;;;;;;;;;;;;;;;;;;;;;;;;;;;;;;;;;;;;;;;;;;;;;;;;;;;;;;;;;;;;;;;;;;;;;;;;;;;;;;;;;;;;;;;;;;
12570139;49102073;1;TAX;1;860.44;2026-08-26T00:00:00;STANDARD - 5168;;Y;DED_10.00D;;;;;;;;;;;;;;;;;;;;;;1277;2026-08-27T09:02:34;1277;1277;2026-08-27T09:02:34;;;;;;;;;;HAF;PRN01_SRC_FACTURESFOURNISSEURS_20260826_205624;;;;;;;;;;;;;;;;;;;;;;;;;;;;;;;;;;;;;;;;;;;;;;265;;;;;;;;;;;100;;Y;;;;;;;;;;;;;;;;;;;;;;;;;;;;;;;;;;;;;;;;;;;;;;;FR-TAX;TVA;FR_JURIDICTION;STANDARD;;DED_10.00D;;;;;;;;;;;;;;;;;;;;;;;;;;
12570139;49102074;2;ITEM;1;8604.39;2026-08-26T00:00:00;STANDARD - 5168;;;;;;;;;;;;;;;;;;;;;;;;;1277;2026-08-27T09:02:34;1277;1277;2026-08-27T09:02:34;;;;;;;;;;HAF;PRN01_SRC_FACTURESFOURNISSEURS_20260826_205624;;;;;;;;;;;;;;;;;;;;;;;;;;;;;;;;3365214;3955992;UC ACHAT BIOMASSE;2026-08-26T00:00:00;10226;;;89.36000;;;;;;;265;;;;;;;;;;;;;;;;;;;;;;;;;;;;;;;;;;;;;;;;;;;;;;;;;;;;;;;;;;;;;;;;;;;;;;;;;;;;;;;;;;;;;;;;;;;
12570140;49102075;1;TAX;1;2750.94;2026-08-26T00:00:00;STANDARD - F2607-0148;;Y;DED_10.00D;;;;;;;;;;;;;;;;;;;;;;1277;2026-08-27T09:02:34;1277;1277;2026-08-27T09:02:34;;;;;;;;;;HAF;PRN01_SRC_FACTURESFOURNISSEURS_20260826_205624;;;;;;;;;;;;;;;;;;;;;;;;;;;;;;;;;;;;;;;;;;;;;;265;;;;;;;;;;;100;;Y;;;;;;;;;;;;;;;;;;;;;;;;;;;;;;;;;;;;;;;;;;;;;;;FR-TAX;TVA;FR_JURIDICTION;STANDARD;;DED_10.00D;;;;;;;;;;;;;;;;;;;;;;;;;;
12570140;49102076;2;ITEM;1;27509.41;2026-08-26T00:00:00;STANDARD - F2607-0148;;;;;;;;;;;;;;;;;;;;;;;;;1277;2026-08-27T09:02:34;1277;1277;2026-08-27T09:02:34;;;;;;;;;;HAF;PRN01_SRC_FACTURESFOURNISSEURS_20260826_205624;;;;;;;;;;;;;;;;;;;;;;;;;;;;;;;;3364879;3955178;UC ACHAT BIOMASSE;2026-08-26T00:00:00;10210;;;314.70000;;;;;;;265;;;;;;;;;;;;;;;;;;;;;;;;;;;;;;;;;;;;;;;;;;;;;;;;;;;;;;;;;;;;;;;;;;;;;;;;;;;;;;;;;;;;;;;;;;;
12570141;49102077;1;TAX;1;1203.88;2026-08-26T00:00:00;STANDARD - F2607-0149;;Y;DED_10.00D;;;;;;;;;;;;;;;;;;;;;;1277;2026-08-27T09:02:34;1277;1277;2026-08-27T09:02:34;;;;;;;;;;HAF;PRN01_SRC_FACTURESFOURNISSEURS_20260826_205624;;;;;;;;;;;;;;;;;;;;;;;;;;;;;;;;;;;;;;;;;;;;;;265;;;;;;;;;;;100;;Y;;;;;;;;;;;;;;;;;;;;;;;;;;;;;;;;;;;;;;;;;;;;;;;FR-TAX;TVA;FR_JURIDICTION;STANDARD;;DED_10.00D;;;;;;;;;;;;;;;;;;;;;;;;;;
12570141;49102078;2;ITEM;1;12038.75;2026-08-26T00:00:00;STANDARD - F2607-0149;;;;;;;;;;;;;;;;;;;;;;;;;1277;2026-08-27T09:02:34;1277;1277;2026-08-27T09:02:34;;;;;;;;;;HAF;PRN01_SRC_FACTURESFOURNISSEURS_20260826_205624;;;;;;;;;;;;;;;;;;;;;;;;;;;;;;;;3364842;3955100;UC ACHAT BIOMASSE;2026-08-26T00:00:00;10210;;;137.08000;;;;;;;265;;;;;;;;;;;;;;;;;;;;;;;;;;;;;;;;;;;;;;;;;;;;;;;;;;;;;;;;;;;;;;;;;;;;;;;;;;;;;;;;;;;;;;;;;;;
12570142;49102079;1;TAX;1;718.92;2026-08-26T00:00:00;STANDARD - 0739K26080291-082026;;Y;DED_10.00D;;;;;;;;;;;;;;;;;;;;;;1277;2026-08-27T09:02:34;1277;1277;2026-08-27T09:02:34;;;;;;;;;;HAF;PRN01_SRC_FACTURESFOURNISSEURS_20260826_205624;;;;;;;;;;;;;;;;;;;;;;;;;;;;;;;;;;;;;;;;;;;;;;265;;;;;;;;;;;100;;Y;;;;;;;;;;;;;;;;;;;;;;;;;;;;;;;;;;;;;;;;;;;;;;;FR-TAX;TVA;FR_JURIDICTION;STANDARD;;DED_10.00D;;;;;;;;;;;;;;;;;;;;;;;;;;
12570142;49102080;2;ITEM;1;7189.19;2026-08-26T00:00:00;STANDARD - 0739K26080291-082026;;;;;;;;;;;;;;;;;;;;;;;;;1277;2026-08-27T09:02:34;1277;1277;2026-08-27T09:02:34;;;;;;;;;;HAF;PRN01_SRC_FACTURESFOURNISSEURS_20260826_205624;;;;;;;;;;;;;;;;;;;;;;;;;;;;;;;;3364810;3955029;UC ACHAT BIOMASSE;2026-08-26T00:00:00;10226;;;79.30000;;;;;;;265;;;;;;;;;;;;;;;;;;;;;;;;;;;;;;;;;;;;;;;;;;;;;;;;;;;;;;;;;;;;;;;;;;;;;;;;;;;;;;;;;;;;;;;;;;;
12570143;49102081;1;TAX;1;497.80;2026-08-26T00:00:00;STANDARD - 2984;;Y;DED_10.00D;;;;;;;;;;;;;;;;;;;;;;1277;2026-08-27T09:02:34;1277;1277;2026-08-27T09:02:34;;;;;;;;;;HAF;PRN01_SRC_FACTURESFOURNISSEURS_20260826_205624;;;;;;;;;;;;;;;;;;;;;;;;;;;;;;;;;;;;;;;;;;;;;;265;;;;;;;;;;;100;;Y;;;;;;;;;;;;;;;;;;;;;;;;;;;;;;;;;;;;;;;;;;;;;;;FR-TAX;TVA;FR_JURIDICTION;STANDARD;;DED_10.00D;;;;;;;;;;;;;;;;;;;;;;;;;;
12570143;49102082;2;ITEM;1;4978.00;2026-08-26T00:00:00;STANDARD - 2984;;;;;;;;;;;;;;;;;;;;;;;;;1277;2026-08-27T09:02:34;1277;1277;2026-08-27T09:02:34;;;;;;;;;;HAF;PRN01_SRC_FACTURESFOURNISSEURS_20260826_205624;;;;;;;;;;;;;;;;;;;;;;;;;;;;;;;;3365223;3956010;UC ACHAT BIOMASSE;2026-08-26T00:00:00;10210;;;49.90000;;;;;;;265;;;;;;;;;;;;;;;;;;;;;;;;;;;;;;;;;;;;;;;;;;;;;;;;;;;;;;;;;;;;;;;;;;;;;;;;;;;;;;;;;;;;;;;;;;;
12570144;49102083;1;TAX;1;895.86;2026-08-26T00:00:00;STANDARD - 2985;;Y;DED_10.00D;;;;;;;;;;;;;;;;;;;;;;1277;2026-08-27T09:02:34;1277;1277;2026-08-27T09:02:34;;;;;;;;;;HAF;PRN01_SRC_FACTURESFOURNISSEURS_20260826_205624;;;;;;;;;;;;;;;;;;;;;;;;;;;;;;;;;;;;;;;;;;;;;;265;;;;;;;;;;;100;;Y;;;;;;;;;;;;;;;;;;;;;;;;;;;;;;;;;;;;;;;;;;;;;;;FR-TAX;TVA;FR_JURIDICTION;STANDARD;;DED_10.00D;;;;;;;;;;;;;;;;;;;;;;;;;;
12570144;49102084;2;ITEM;1;8958.57;2026-08-26T00:00:00;STANDARD - 2985;;;;;;;;;;;;;;;;;;;;;;;;;1277;2026-08-27T09:02:34;1277;1277;2026-08-27T09:02:34;;;;;;;;;;HAF;PRN01_SRC_FACTURESFOURNISSEURS_20260826_205624;;;;;;;;;;;;;;;;;;;;;;;;;;;;;;;;3364867;3955150;UC ACHAT BIOMASSE;2026-08-26T00:00:00;10210;;;89.92000;;;;;;;265;;;;;;;;;;;;;;;;;;;;;;;;;;;;;;;;;;;;;;;;;;;;;;;;;;;;;;;;;;;;;;;;;;;;;;;;;;;;;;;;;;;;;;;;;;;
12570147;49102089;1;TAX;1;3465.62;2026-08-26T00:00:00;STANDARD - 0739K26080294-082026;;Y;DED_10.00D;;;;;;;;;;;;;;;;;;;;;;1277;2026-08-27T09:02:34;1277;1277;2026-08-27T09:02:34;;;;;;;;;;HAF;PRN01_SRC_FACTURESFOURNISSEURS_20260826_205624;;;;;;;;;;;;;;;;;;;;;;;;;;;;;;;;;;;;;;;;;;;;;;265;;;;;;;;;;;100;;Y;;;;;;;;;;;;;;;;;;;;;;;;;;;;;;;;;;;;;;;;;;;;;;;FR-TAX;TVA;FR_JURIDICTION;STANDARD;;DED_10.00D;;;;;;;;;;;;;;;;;;;;;;;;;;
12570147;49102090;2;ITEM;1;34656.16;2026-08-26T00:00:00;STANDARD - 0739K26080294-082026;;;;;;;;;;;;;;;;;;;;;;;;;1277;2026-08-27T09:02:34;1277;1277;2026-08-27T09:02:34;;;;;;;;;;HAF;PRN01_SRC_FACTURESFOURNISSEURS_20260826_205624;;;;;;;;;;;;;;;;;;;;;;;;;;;;;;;;3364796;3955000;UC ACHAT BIOMASSE;2026-08-26T00:00:00;10226;;;349.76000;;;;;;;265;;;;;;;;;;;;;;;;;;;;;;;;;;;;;;;;;;;;;;;;;;;;;;;;;;;;;;;;;;;;;;;;;;;;;;;;;;;;;;;;;;;;;;;;;;;
12570149;49102093;1;TAX;1;364.65;2026-08-26T00:00:00;STANDARD - 26-08-210;;Y;DED_10.00D;;;;;;;;;;;;;;;;;;;;;;1277;2026-08-27T09:02:34;1277;1277;2026-08-27T09:02:34;;;;;;;;;;HAF;PRN01_SRC_FACTURESFOURNISSEURS_20260826_205624;;;;;;;;;;;;;;;;;;;;;;;;;;;;;;;;;;;;;;;;;;;;;;265;;;;;;;;;;;100;;Y;;;;;;;;;;;;;;;;;;;;;;;;;;;;;;;;;;;;;;;;;;;;;;;FR-TAX;TVA;FR_JURIDICTION;STANDARD;;DED_10.00D;;;;;;;;;;;;;;;;;;;;;;;;;;
12570149;49102094;2;ITEM;1;3646.46;2026-08-26T00:00:00;STANDARD - 26-08-210;;;;;;;;;;;;;;;;;;;;;;;;;1277;2026-08-27T09:02:34;1277;1277;2026-08-27T09:02:34;;;;;;;;;;HAF;PRN01_SRC_FACTURESFOURNISSEURS_20260826_205624;;;;;;;;;;;;;;;;;;;;;;;;;;;;;;;;3364842;3955100;UC ACHAT BIOMASSE;2026-08-26T00:00:00;10210;;;40.44000;;;;;;;265;;;;;;;;;;;;;;;;;;;;;;;;;;;;;;;;;;;;;;;;;;;;;;;;;;;;;;;;;;;;;;;;;;;;;;;;;;;;;;;;;;;;;;;;;;;
12570150;49102095;1;TAX;1;1467.43;2026-08-26T00:00:00;STANDARD - 0739K26080296-082026;;Y;DED_10.00D;;;;;;;;;;;;;;;;;;;;;;1277;2026-08-27T09:02:34;1277;1277;2026-08-27T09:02:34;;;;;;;;;;HAF;PRN01_SRC_FACTURESFOURNISSEURS_20260826_205624;;;;;;;;;;;;;;;;;;;;;;;;;;;;;;;;;;;;;;;;;;;;;;265;;;;;;;;;;;100;;Y;;;;;;;;;;;;;;;;;;;;;;;;;;;;;;;;;;;;;;;;;;;;;;;FR-TAX;TVA;FR_JURIDICTION;STANDARD;;DED_10.00D;;;;;;;;;;;;;;;;;;;;;;;;;;
12570150;49102096;2;ITEM;1;14674.26;2026-08-26T00:00:00;STANDARD - 0739K26080296-082026;;;;;;;;;;;;;;;;;;;;;;;;;1277;2026-08-27T09:02:34;1277;1277;2026-08-27T09:02:34;;;;;;;;;;HAF;PRN01_SRC_FACTURESFOURNISSEURS_20260826_205624;;;;;;;;;;;;;;;;;;;;;;;;;;;;;;;;3364825;3955059;UC ACHAT BIOMASSE;2026-08-26T00:00:00;10226;;;135.74000;;;;;;;265;;;;;;;;;;;;;;;;;;;;;;;;;;;;;;;;;;;;;;;;;;;;;;;;;;;;;;;;;;;;;;;;;;;;;;;;;;;;;;;;;;;;;;;;;;;
12570151;49102097;1;TAX;1;4079.96;2026-08-26T00:00:00;STANDARD - 0739K2608S013-082026;;Y;DED_10.00D;;;;;;;;;;;;;;;;;;;;;;1277;2026-08-27T09:02:34;1277;1277;2026-08-27T09:02:34;;;;;;;;;;HAF;PRN01_SRC_FACTURESFOURNISSEURS_20260826_205624;;;;;;;;;;;;;;;;;;;;;;;;;;;;;;;;;;;;;;;;;;;;;;265;;;;;;;;;;;100;;Y;;;;;;;;;;;;;;;;;;;;;;;;;;;;;;;;;;;;;;;;;;;;;;;FR-TAX;TVA;FR_JURIDICTION;STANDARD;;DED_10.00D;;;;;;;;;;;;;;;;;;;;;;;;;;
12570151;49102098;2;ITEM;1;40799.55;2026-08-26T00:00:00;STANDARD - 0739K2608S013-082026;;;;;;;;;;;;;;;;;;;;;;;;;1277;2026-08-27T09:02:34;1277;1277;2026-08-27T09:02:34;;;;;;;;;;HAF;PRN01_SRC_FACTURESFOURNISSEURS_20260826_205624;;;;;;;;;;;;;;;;;;;;;;;;;;;;;;;;3365214;3955992;UC ACHAT BIOMASSE;2026-08-26T00:00:00;10226;;;403.02000;;;;;;;265;;;;;;;;;;;;;;;;;;;;;;;;;;;;;;;;;;;;;;;;;;;;;;;;;;;;;;;;;;;;;;;;;;;;;;;;;;;;;;;;;;;;;;;;;;;
12570152;49102099;1;TAX;1;4357.82;2026-08-26T00:00:00;STANDARD - 0739K26080298-082026;;Y;DED_10.00D;;;;;;;;;;;;;;;;;;;;;;1277;2026-08-27T09:02:34;1277;1277;2026-08-27T09:02:34;;;;;;;;;;HAF;PRN01_SRC_FACTURESFOURNISSEURS_20260826_205624;;;;;;;;;;;;;;;;;;;;;;;;;;;;;;;;;;;;;;;;;;;;;;265;;;;;;;;;;;100;;Y;;;;;;;;;;;;;;;;;;;;;;;;;;;;;;;;;;;;;;;;;;;;;;;FR-TAX;TVA;FR_JURIDICTION;STANDARD;;DED_10.00D;;;;;;;;;;;;;;;;;;;;;;;;;;
12570152;49102100;2;ITEM;1;43578.19;2026-08-26T00:00:00;STANDARD - 0739K26080298-082026;;;;;;;;;;;;;;;;;;;;;;;;;1277;2026-08-27T09:02:34;1277;1277;2026-08-27T09:02:34;;;;;;;;;;HAF;PRN01_SRC_FACTURESFOURNISSEURS_20260826_205624;;;;;;;;;;;;;;;;;;;;;;;;;;;;;;;;3365203;3955971;UC ACHAT BIOMASSE;2026-08-26T00:00:00;10226;;;401.38000;;;;;;;265;;;;;;;;;;;;;;;;;;;;;;;;;;;;;;;;;;;;;;;;;;;;;;;;;;;;;;;;;;;;;;;;;;;;;;;;;;;;;;;;;;;;;;;;;;;
12570153;49102101;1;TAX;1;2956.65;2026-08-26T00:00:00;STANDARD - 0739K26080297-082026;;Y;DED_10.00D;;;;;;;;;;;;;;;;;;;;;;1277;2026-08-27T09:02:34;1277;1277;2026-08-27T09:02:34;;;;;;;;;;HAF;PRN01_SRC_FACTURESFOURNISSEURS_20260826_205624;;;;;;;;;;;;;;;;;;;;;;;;;;;;;;;;;;;;;;;;;;;;;;265;;;;;;;;;;;100;;Y;;;;;;;;;;;;;;;;;;;;;;;;;;;;;;;;;;;;;;;;;;;;;;;FR-TAX;TVA;FR_JURIDICTION;STANDARD;;DED_10.00D;;;;;;;;;;;;;;;;;;;;;;;;;;
12570153;49102102;2;ITEM;1;29566.47;2026-08-26T00:00:00;STANDARD - 0739K26080297-082026;;;;;;;;;;;;;;;;;;;;;;;;;1277;2026-08-27T09:02:34;1277;1277;2026-08-27T09:02:34;;;;;;;;;;HAF;PRN01_SRC_FACTURESFOURNISSEURS_20260826_205624;;;;;;;;;;;;;;;;;;;;;;;;;;;;;;;;3364811;3955031;UC ACHAT BIOMASSE;2026-08-26T00:00:00;10226;;;247.12000;;;;;;;265;;;;;;;;;;;;;;;;;;;;;;;;;;;;;;;;;;;;;;;;;;;;;;;;;;;;;;;;;;;;;;;;;;;;;;;;;;;;;;;;;;;;;;;;;;;
12570154;49102103;1;TAX;1;409.96;2026-08-26T00:00:00;STANDARD - 26A0211;;Y;DED_10.00D;;;;;;;;;;;;;;;;;;;;;;1277;2026-08-27T09:02:34;1277;1277;2026-08-27T09:02:34;;;;;;;;;;HAF;PRN01_SRC_FACTURESFOURNISSEURS_20260826_205624;;;;;;;;;;;;;;;;;;;;;;;;;;;;;;;;;;;;;;;;;;;;;;265;;;;;;;;;;;100;;Y;;;;;;;;;;;;;;;;;;;;;;;;;;;;;;;;;;;;;;;;;;;;;;;FR-TAX;TVA;FR_JURIDICTION;STANDARD;;DED_10.00D;;;;;;;;;;;;;;;;;;;;;;;;;;
12570154;49102104;2;ITEM;1;4099.55;2026-08-26T00:00:00;STANDARD - 26A0211;;;;;;;;;;;;;;;;;;;;;;;;;1277;2026-08-27T09:02:34;1277;1277;2026-08-27T09:02:34;;;;;;;;;;HAF;PRN01_SRC_FACTURESFOURNISSEURS_20260826_205624;;;;;;;;;;;;;;;;;;;;;;;;;;;;;;;;3364825;3955059;UC ACHAT BIOMASSE;2026-08-26T00:00:00;10226;;;47.96000;;;;;;;265;;;;;;;;;;;;;;;;;;;;;;;;;;;;;;;;;;;;;;;;;;;;;;;;;;;;;;;;;;;;;;;;;;;;;;;;;;;;;;;;;;;;;;;;;;;
