SOCIETE;0367;PRN01_SRC_FACTURESFOURNISSEURS_20260826_205624
NUMERO_PIECE;2986;PRN01_SRC_FACTURESFOURNISSEURS_20260826_205624
NUMERO_PIECE;FA2791;PRN01_SRC_FACTURESFOURNISSEURS_20260826_205624
NUMERO_PIECE;26070238;PRN01_SRC_FACTURESFOURNISSEURS_20260826_205624
NUMERO_PIECE;VLF26G0026;PRN01_SRC_FACTURESFOURNISSEURS_20260826_205624
NUMERO_PIECE;260801940;PRN01_SRC_FACTURESFOURNISSEURS_20260826_205624
NUMERO_PIECE;260801941;PRN01_SRC_FACTURESFOURNISSEURS_20260826_205624
NUMERO_PIECE;260801928;PRN01_SRC_FACTURESFOURNISSEURS_20260826_205624
NUMERO_PIECE;260801926;PRN01_SRC_FACTURESFOURNISSEURS_20260826_205624
NUMERO_PIECE;5932;PRN01_SRC_FACTURESFOURNISSEURS_20260826_205624
NUMERO_PIECE;5933;PRN01_SRC_FACTURESFOURNISSEURS_20260826_205624
NUMERO_PIECE;5934;PRN01_SRC_FACTURESFOURNISSEURS_20260826_205624
NUMERO_PIECE;5935;PRN01_SRC_FACTURESFOURNISSEURS_20260826_205624
NUMERO_PIECE;5936;PRN01_SRC_FACTURESFOURNISSEURS_20260826_205624
NUMERO_PIECE;9100000465;PRN01_SRC_FACTURESFOURNISSEURS_20260826_205624
NUMERO_PIECE;26/07/19;PRN01_SRC_FACTURESFOURNISSEURS_20260826_205624
NUMERO_PIECE;202607036;PRN01_SRC_FACTURESFOURNISSEURS_20260826_205624
NUMERO_PIECE;202607035;PRN01_SRC_FACTURESFOURNISSEURS_20260826_205624
NUMERO_PIECE;202607034;PRN01_SRC_FACTURESFOURNISSEURS_20260826_205624
NUMERO_PIECE;5926;PRN01_SRC_FACTURESFOURNISSEURS_20260826_205624
NUMERO_PIECE;5927;PRN01_SRC_FACTURESFOURNISSEURS_20260826_205624
NUMERO_PIECE;5928;PRN01_SRC_FACTURESFOURNISSEURS_20260826_205624
NUMERO_PIECE;739-1182;PRN01_SRC_FACTURESFOURNISSEURS_20260826_205624
NUMERO_PIECE;202607033;PRN01_SRC_FACTURESFOURNISSEURS_20260826_205624
NUMERO_PIECE;2026-07-VCOM7073;PRN01_SRC_FACTURESFOURNISSEURS_20260826_205624
NUMERO_PIECE;VENTE-2026-0000075;PRN01_SRC_FACTURESFOURNISSEURS_20260826_205624
NUMERO_PIECE;2026-07-VCOM7024;PRN01_SRC_FACTURESFOURNISSEURS_20260826_205624
NUMERO_PIECE;2026-07-VCOM7035;PRN01_SRC_FACTURESFOURNISSEURS_20260826_205624
NUMERO_PIECE;2026-07-VCOM7032;PRN01_SRC_FACTURESFOURNISSEURS_20260826_205624
NUMERO_PIECE;2026-07-VCOM7033;PRN01_SRC_FACTURESFOURNISSEURS_20260826_205624
NUMERO_PIECE;FCT-2026-179;PRN01_SRC_FACTURESFOURNISSEURS_20260826_205624
NUMERO_PIECE;FA00001611;PRN01_SRC_FACTURESFOURNISSEURS_20260826_205624
NUMERO_PIECE;260801922;PRN01_SRC_FACTURESFOURNISSEURS_20260826_205624
NUMERO_PIECE;5166;PRN01_SRC_FACTURESFOURNISSEURS_20260826_205624
NUMERO_PIECE;5167;PRN01_SRC_FACTURESFOURNISSEURS_20260826_205624
NUMERO_PIECE;5168;PRN01_SRC_FACTURESFOURNISSEURS_20260826_205624
NUMERO_PIECE;F2607-0148;PRN01_SRC_FACTURESFOURNISSEURS_20260826_205624
NUMERO_PIECE;F2607-0149;PRN01_SRC_FACTURESFOURNISSEURS_20260826_205624
NUMERO_PIECE;0739K26080291-082026;PRN01_SRC_FACTURESFOURNISSEURS_20260826_205624
NUMERO_PIECE;2984;PRN01_SRC_FACTURESFOURNISSEURS_20260826_205624
NUMERO_PIECE;2985;PRN01_SRC_FACTURESFOURNISSEURS_20260826_205624
NUMERO_PIECE;2026-07-VCOM 342;PRN01_SRC_FACTURESFOURNISSEURS_20260826_205624
NUMERO_PIECE;2026-07-VCOM 341;PRN01_SRC_FACTURESFOURNISSEURS_20260826_205624
NUMERO_PIECE;0739K26080294-082026;PRN01_SRC_FACTURESFOURNISSEURS_20260826_205624
NUMERO_PIECE;2026-07-VCOM 338;PRN01_SRC_FACTURESFOURNISSEURS_20260826_205624
NUMERO_PIECE;26-08-210;PRN01_SRC_FACTURESFOURNISSEURS_20260826_205624
NUMERO_PIECE;0739K26080296-082026;PRN01_SRC_FACTURESFOURNISSEURS_20260826_205624
NUMERO_PIECE;0739K2608S013-082026;PRN01_SRC_FACTURESFOURNISSEURS_20260826_205624
NUMERO_PIECE;0739K26080298-082026;PRN01_SRC_FACTURESFOURNISSEURS_20260826_205624
NUMERO_PIECE;0739K26080297-082026;PRN01_SRC_FACTURESFOURNISSEURS_20260826_205624
NUMERO_PIECE;26A0211;PRN01_SRC_FACTURESFOURNISSEURS_20260826_205624
