20261368;0367;12518433;HAF;CRE/M;265
260501608;0367;12518434;HAF;CRE/M;265
2026-270;0367;12518435;HAF;CRE/M;265
2026-271;0367;12518436;HAF;CRE/M;265
2026-272;0367;12518437;HAF;CRE/M;265
2026-273;0367;12518438;HAF;CRE/M;265
L126070193;0367;12518439;HAF;CRE/M;265
L126070194;0367;12518440;HAF;CRE/M;265
07//18//26;0367;12518442;HAF;CRE/M;265
07//28//26;0367;12518443;HAF;CRE/M;265
07//29//26;0367;12518444;HAF;CRE/M;265
07//31//26;0367;12518445;HAF;CRE/M;265
FAC000431;0367;12518446;HAF;CRE/M;265
VT2607/058;0367;12518447;HAF;CRE/M;265
VT2607/069;0367;12518448;HAF;CRE/M;265
VT2607/120;0367;12518449;HAF;CRE/M;265
FA2026/162;0367;12518450;HAF;CRE/M;265
FA2026/163;0367;12518451;HAF;CRE/M;265
157198;0367;12518452;HAF;CRE/M;265
20036548;0367;12518453;HAF;CRE/M;265
20036549;0367;12518454;HAF;CRE/M;265
20036550;0367;12518455;HAF;CRE/M;265
20036551;0367;12518456;HAF;CRE/M;265
20036552;0367;12518457;HAF;CRE/M;265
20036553;0367;12518458;HAF;CRE/M;265
20036554;0367;12518459;HAF;CRE/M;265
20036555;0367;12518460;HAF;CRE/M;265
20036556;0367;12518461;HAF;CRE/M;265
