GL Closing Date;Company Code;Compte local;ID fournisseur externe;Appro Task Code;Code Folio;Description;Quantity;Type;Montant;Currency Code;Document Date;Document Number;VAT %;Nature 1;Nature 2;VAT Type;Due Date;Invoice Scan ID;Invoice Scan Source;Region Code;Source file id;Application source
26/08/2026;0367;401100;S00082233-FRA42110;GN1583587F;HAF;STANDARD - 20261368;0,00001;STANDARD;2048,53;EUR;31/07/2026;20261368;0,00;;;;;PRN-FVB0064184-Facture-20261368.pdf;PRN;B00000001B;PRN01_SRC_FACTURESFOURNISSEURS_20260807_205356;PIRENE
26/08/2026;0367;445660;S00082233-FRA42110;GN1583587F;HAF;STANDARD - 20261368;18,20000;STANDARD;186,23;EUR;31/07/2026;20261368;10,00;;;DED_10.00D;;PRN-FVB0064184-Facture-20261368.pdf;PRN;B00000001B;PRN01_SRC_FACTURESFOURNISSEURS_20260807_205356;PIRENE
26/08/2026;0367;602210;S00082233-FRA42110;GN1583587F;HAF;STANDARD - 20261368;18,20000;STANDARD;1862,30;EUR;31/07/2026;20261368;10,00;UC ACHAT BIOMASSE;;;;PRN-FVB0064184-Facture-20261368.pdf;PRN;B00000001B;PRN01_SRC_FACTURESFOURNISSEURS_20260807_205356;PIRENE
26/08/2026;0367;401100;50641-FRA62003;GN1583362A;HAF;STANDARD - 260501608;0,00001;STANDARD;657,49;EUR;19/05/2026;260501608;0,00;;;;;PRN-FVB0064185-Facture-260501608.pdf;PRN;B00000001B;PRN01_SRC_FACTURESFOURNISSEURS_20260807_205356;PIRENE
26/08/2026;0367;445661;50641-FRA62003;GN1583362A;HAF;STANDARD - 260501608;14,36000;STANDARD;109,58;EUR;19/05/2026;260501608;20,00;;;DED_20.00E;;PRN-FVB0064185-Facture-260501608.pdf;PRN;B00000001B;PRN01_SRC_FACTURESFOURNISSEURS_20260807_205356;PIRENE
26/08/2026;0367;611600;50641-FRA62003;GN1583362A;HAF;STANDARD - 260501608;14,36000;STANDARD;547,91;EUR;19/05/2026;260501608;20,00;COUTS CENDRES;;;;PRN-FVB0064185-Facture-260501608.pdf;PRN;B00000001B;PRN01_SRC_FACTURESFOURNISSEURS_20260807_205356;PIRENE
26/08/2026;0367;401100;S00082743-BEL9300;GN1583781B;HAF;STANDARD - 2026-270;0,00001;STANDARD;4486,41;EUR;31/07/2026;2026-270;0,00;;;;;PRN-FVB0064186-2INTEGRATE-2026-270.pdf;PRN;B00000001B;PRN01_SRC_FACTURESFOURNISSEURS_20260807_205356;PIRENE
26/08/2026;0367;445659;S00082743-BEL9300;GN1583781B;HAF;STANDARD - 2026-270;43,32000;STANDARD;448,64;EUR;31/07/2026;2026-270;10,00;;;DED_INTRACOM_10.00;;PRN-FVB0064186-2INTEGRATE-2026-270.pdf;PRN;B00000001B;PRN01_SRC_FACTURESFOURNISSEURS_20260807_205356;PIRENE
26/08/2026;0367;445769;S00082743-BEL9300;GN1583781B;HAF;STANDARD - 2026-270;43,32000;STANDARD;-448,64;EUR;31/07/2026;2026-270;-10,00;;;DED_OFFSET_10.00;;PRN-FVB0064186-2INTEGRATE-2026-270.pdf;PRN;B00000001B;PRN01_SRC_FACTURESFOURNISSEURS_20260807_205356;PIRENE
26/08/2026;0367;602210;S00082743-BEL9300;GN1583781B;HAF;STANDARD - 2026-270;43,32000;STANDARD;4486,41;EUR;31/07/2026;2026-270;10,00;UC ACHAT BIOMASSE;;;;PRN-FVB0064186-2INTEGRATE-2026-270.pdf;PRN;B00000001B;PRN01_SRC_FACTURESFOURNISSEURS_20260807_205356;PIRENE
26/08/2026;0367;401100;S00082743-BEL9300;GN1583424W;HAF;STANDARD - 2026-271;0,00001;STANDARD;1589,39;EUR;31/07/2026;2026-271;0,00;;;;;PRN-FVB0064187-2INTEGRATE-2026-271.pdf;PRN;B00000001B;PRN01_SRC_FACTURESFOURNISSEURS_20260807_205356;PIRENE
26/08/2026;0367;445659;S00082743-BEL9300;GN1583424W;HAF;STANDARD - 2026-271;19,98000;STANDARD;158,94;EUR;31/07/2026;2026-271;10,00;;;DED_INTRACOM_10.00;;PRN-FVB0064187-2INTEGRATE-2026-271.pdf;PRN;B00000001B;PRN01_SRC_FACTURESFOURNISSEURS_20260807_205356;PIRENE
26/08/2026;0367;445769;S00082743-BEL9300;GN1583424W;HAF;STANDARD - 2026-271;19,98000;STANDARD;-158,94;EUR;31/07/2026;2026-271;-10,00;;;DED_OFFSET_10.00;;PRN-FVB0064187-2INTEGRATE-2026-271.pdf;PRN;B00000001B;PRN01_SRC_FACTURESFOURNISSEURS_20260807_205356;PIRENE
26/08/2026;0367;602210;S00082743-BEL9300;GN1583424W;HAF;STANDARD - 2026-271;19,98000;STANDARD;1589,39;EUR;31/07/2026;2026-271;10,00;UC ACHAT BIOMASSE;;;;PRN-FVB0064187-2INTEGRATE-2026-271.pdf;PRN;B00000001B;PRN01_SRC_FACTURESFOURNISSEURS_20260807_205356;PIRENE
26/08/2026;0367;401100;S00082743-BEL9300;GN1584002C;HAF;STANDARD - 2026-272;0,00001;STANDARD;4724,65;EUR;31/07/2026;2026-272;0,00;;;;;PRN-FVB0064188-2INTEGRATE-2026-272.pdf;PRN;B00000001B;PRN01_SRC_FACTURESFOURNISSEURS_20260807_205356;PIRENE
26/08/2026;0367;445659;S00082743-BEL9300;GN1584002C;HAF;STANDARD - 2026-272;49,22000;STANDARD;472,46;EUR;31/07/2026;2026-272;10,00;;;DED_INTRACOM_10.00;;PRN-FVB0064188-2INTEGRATE-2026-272.pdf;PRN;B00000001B;PRN01_SRC_FACTURESFOURNISSEURS_20260807_205356;PIRENE
26/08/2026;0367;445769;S00082743-BEL9300;GN1584002C;HAF;STANDARD - 2026-272;49,22000;STANDARD;-472,46;EUR;31/07/2026;2026-272;-10,00;;;DED_OFFSET_10.00;;PRN-FVB0064188-2INTEGRATE-2026-272.pdf;PRN;B00000001B;PRN01_SRC_FACTURESFOURNISSEURS_20260807_205356;PIRENE
26/08/2026;0367;602210;S00082743-BEL9300;GN1584002C;HAF;STANDARD - 2026-272;49,22000;STANDARD;4724,65;EUR;31/07/2026;2026-272;10,00;UC ACHAT BIOMASSE;;;;PRN-FVB0064188-2INTEGRATE-2026-272.pdf;PRN;B00000001B;PRN01_SRC_FACTURESFOURNISSEURS_20260807_205356;PIRENE
26/08/2026;0367;401100;S00082743-BEL9300;GD1588348R;HAF;STANDARD - 2026-273;0,00001;STANDARD;74167,11;EUR;31/07/2026;2026-273;0,00;;;;;PRN-FVB0064189-2INTEGRATE-2026-273.pdf;PRN;B00000001B;PRN01_SRC_FACTURESFOURNISSEURS_20260807_205356;PIRENE
26/08/2026;0367;445659;S00082743-BEL9300;GD1588348R;HAF;STANDARD - 2026-273;826,84000;STANDARD;7416,74;EUR;31/07/2026;2026-273;10,00;;;DED_INTRACOM_10.00;;PRN-FVB0064189-2INTEGRATE-2026-273.pdf;PRN;B00000001B;PRN01_SRC_FACTURESFOURNISSEURS_20260807_205356;PIRENE
26/08/2026;0367;445769;S00082743-BEL9300;GD1588348R;HAF;STANDARD - 2026-273;826,84000;STANDARD;-7416,74;EUR;31/07/2026;2026-273;-10,00;;;DED_OFFSET_10.00;;PRN-FVB0064189-2INTEGRATE-2026-273.pdf;PRN;B00000001B;PRN01_SRC_FACTURESFOURNISSEURS_20260807_205356;PIRENE
26/08/2026;0367;602210;S00082743-BEL9300;GD1588348R;HAF;STANDARD - 2026-273;826,84000;STANDARD;74167,11;EUR;31/07/2026;2026-273;10,00;UC ACHAT BIOMASSE;;;;PRN-FVB0064189-2INTEGRATE-2026-273.pdf;PRN;B00000001B;PRN01_SRC_FACTURESFOURNISSEURS_20260807_205356;PIRENE
26/08/2026;0367;401100;79500-FRA33610;GN1583993S;HAF;STANDARD - L126070193;0,00001;STANDARD;66757,96;EUR;31/07/2026;L126070193;0,00;;;;;PRN-FVB0064190-ALLIANCE-FORETS-BOIS-L126070193.pdf;PRN;B00000001B;PRN01_SRC_FACTURESFOURNISSEURS_20260807_205356;PIRENE
26/08/2026;0367;445660;79500-FRA33610;GN1583993S;HAF;STANDARD - L126070193;604,10000;STANDARD;6068,91;EUR;31/07/2026;L126070193;10,00;;;DED_10.00D;;PRN-FVB0064190-ALLIANCE-FORETS-BOIS-L126070193.pdf;PRN;B00000001B;PRN01_SRC_FACTURESFOURNISSEURS_20260807_205356;PIRENE
26/08/2026;0367;602210;79500-FRA33610;GN1583993S;HAF;STANDARD - L126070193;604,10000;STANDARD;60689,05;EUR;31/07/2026;L126070193;10,00;UC ACHAT BIOMASSE;;;;PRN-FVB0064190-ALLIANCE-FORETS-BOIS-L126070193.pdf;PRN;B00000001B;PRN01_SRC_FACTURESFOURNISSEURS_20260807_205356;PIRENE
26/08/2026;0367;401100;79500-FRA33610;GN1583455F;HAF;STANDARD - L126070194;0,00001;STANDARD;19496,52;EUR;31/07/2026;L126070194;0,00;;;;;PRN-FVB0064191-ALLIANCE-FORETS-BOIS-L126070194.pdf;PRN;B00000001B;PRN01_SRC_FACTURESFOURNISSEURS_20260807_205356;PIRENE
26/08/2026;0367;445660;79500-FRA33610;GN1583455F;HAF;STANDARD - L126070194;139,80000;STANDARD;1772,41;EUR;31/07/2026;L126070194;10,00;;;DED_10.00D;;PRN-FVB0064191-ALLIANCE-FORETS-BOIS-L126070194.pdf;PRN;B00000001B;PRN01_SRC_FACTURESFOURNISSEURS_20260807_205356;PIRENE
26/08/2026;0367;602210;79500-FRA33610;GN1583455F;HAF;STANDARD - L126070194;139,80000;STANDARD;17724,11;EUR;31/07/2026;L126070194;10,00;UC ACHAT BIOMASSE;;;;PRN-FVB0064191-ALLIANCE-FORETS-BOIS-L126070194.pdf;PRN;B00000001B;PRN01_SRC_FACTURESFOURNISSEURS_20260807_205356;PIRENE
26/08/2026;0367;401100;75876-FRA44170-A;GN1583434G;HAF;STANDARD - F015893;0,00001;STANDARD;5323,05;EUR;31/07/2026;F015893;0,00;;;;;PRN-FVB0064192-BEMA-F015893.pdf;PRN;B00000001B;PRN01_SRC_FACTURESFOURNISSEURS_20260807_205356;PIRENE
26/08/2026;0367;445660;75876-FRA44170-A;GN1583434G;HAF;STANDARD - F015893;48,96000;STANDARD;483,91;EUR;31/07/2026;F015893;10,00;;;DED_10.00D;;PRN-FVB0064192-BEMA-F015893.pdf;PRN;B00000001B;PRN01_SRC_FACTURESFOURNISSEURS_20260807_205356;PIRENE
26/08/2026;0367;602210;75876-FRA44170-A;GN1583434G;HAF;STANDARD - F015893;48,96000;STANDARD;4839,14;EUR;31/07/2026;F015893;10,00;UC ACHAT BIOMASSE;;;;PRN-FVB0064192-BEMA-F015893.pdf;PRN;B00000001B;PRN01_SRC_FACTURESFOURNISSEURS_20260807_205356;PIRENE
26/08/2026;0367;401100;66816-FRA62380;GD1588348R;HAF;STANDARD - 07//18//26;0,00001;STANDARD;10283,61;EUR;31/07/2026;07//18//26;0,00;;;;;PRN-FVB0064193-ENERGIE-BOIS-07-18-26.pdf;PRN;B00000001B;PRN01_SRC_FACTURESFOURNISSEURS_20260807_205356;PIRENE
26/08/2026;0367;445660;66816-FRA62380;GD1588348R;HAF;STANDARD - 07//18//26;109,50000;STANDARD;934,88;EUR;31/07/2026;07//18//26;10,00;;;DED_10.00D;;PRN-FVB0064193-ENERGIE-BOIS-07-18-26.pdf;PRN;B00000001B;PRN01_SRC_FACTURESFOURNISSEURS_20260807_205356;PIRENE
26/08/2026;0367;602210;66816-FRA62380;GD1588348R;HAF;STANDARD - 07//18//26;109,50000;STANDARD;9348,73;EUR;31/07/2026;07//18//26;10,00;UC ACHAT BIOMASSE;;;;PRN-FVB0064193-ENERGIE-BOIS-07-18-26.pdf;PRN;B00000001B;PRN01_SRC_FACTURESFOURNISSEURS_20260807_205356;PIRENE
26/08/2026;0367;401100;66816-FRA62380;GN1583477F;HAF;STANDARD - 07//28//26;0,00001;STANDARD;26112,28;EUR;31/07/2026;07//28//26;0,00;;;;;PRN-FVB0064194-ENERGIE-BOIS-07-28-26.pdf;PRN;B00000001B;PRN01_SRC_FACTURESFOURNISSEURS_20260807_205356;PIRENE
26/08/2026;0367;445660;66816-FRA62380;GN1583477F;HAF;STANDARD - 07//28//26;190,42000;STANDARD;2373,84;EUR;31/07/2026;07//28//26;10,00;;;DED_10.00D;;PRN-FVB0064194-ENERGIE-BOIS-07-28-26.pdf;PRN;B00000001B;PRN01_SRC_FACTURESFOURNISSEURS_20260807_205356;PIRENE
26/08/2026;0367;602210;66816-FRA62380;GN1583477F;HAF;STANDARD - 07//28//26;190,42000;STANDARD;23738,44;EUR;31/07/2026;07//28//26;10,00;UC ACHAT BIOMASSE;;;;PRN-FVB0064194-ENERGIE-BOIS-07-28-26.pdf;PRN;B00000001B;PRN01_SRC_FACTURESFOURNISSEURS_20260807_205356;PIRENE
26/08/2026;0367;401100;66816-FRA62380;GN1583469X;HAF;STANDARD - 07//29//26;0,00001;STANDARD;32913,98;EUR;31/07/2026;07//29//26;0,00;;;;;PRN-FVB0064195-ENERGIE-BOIS-07-29-26.pdf;PRN;B00000001B;PRN01_SRC_FACTURESFOURNISSEURS_20260807_205356;PIRENE
26/08/2026;0367;445660;66816-FRA62380;GN1583469X;HAF;STANDARD - 07//29//26;300,92000;STANDARD;2992,18;EUR;31/07/2026;07//29//26;10,00;;;DED_10.00D;;PRN-FVB0064195-ENERGIE-BOIS-07-29-26.pdf;PRN;B00000001B;PRN01_SRC_FACTURESFOURNISSEURS_20260807_205356;PIRENE
26/08/2026;0367;602210;66816-FRA62380;GN1583469X;HAF;STANDARD - 07//29//26;300,92000;STANDARD;29921,80;EUR;31/07/2026;07//29//26;10,00;UC ACHAT BIOMASSE;;;;PRN-FVB0064195-ENERGIE-BOIS-07-29-26.pdf;PRN;B00000001B;PRN01_SRC_FACTURESFOURNISSEURS_20260807_205356;PIRENE
26/08/2026;0367;401100;66816-FRA62380;GD1588348R;HAF;STANDARD - 07//31//26;0,00001;STANDARD;19351,60;EUR;31/07/2026;07//31//26;0,00;;;;;PRN-FVB0064196-ENERGIE-BOIS-07-31-26.pdf;PRN;B00000001B;PRN01_SRC_FACTURESFOURNISSEURS_20260807_205356;PIRENE
26/08/2026;0367;445660;66816-FRA62380;GD1588348R;HAF;STANDARD - 07//31//26;198,00000;STANDARD;1759,24;EUR;31/07/2026;07//31//26;10,00;;;DED_10.00D;;PRN-FVB0064196-ENERGIE-BOIS-07-31-26.pdf;PRN;B00000001B;PRN01_SRC_FACTURESFOURNISSEURS_20260807_205356;PIRENE
26/08/2026;0367;602210;66816-FRA62380;GD1588348R;HAF;STANDARD - 07//31//26;198,00000;STANDARD;17592,36;EUR;31/07/2026;07//31//26;10,00;UC ACHAT BIOMASSE;;;;PRN-FVB0064196-ENERGIE-BOIS-07-31-26.pdf;PRN;B00000001B;PRN01_SRC_FACTURESFOURNISSEURS_20260807_205356;PIRENE
26/08/2026;0367;401100;107749-FRA02380;GD1588348R;HAF;STANDARD - FAC000431;0,00001;STANDARD;153368,05;EUR;31/07/2026;FAC000431;0,00;;;;;PRN-FVB0064197-GOUVEIA-FAC000431.pdf;PRN;B00000001B;PRN01_SRC_FACTURESFOURNISSEURS_20260807_205356;PIRENE
26/08/2026;0367;445660;107749-FRA02380;GD1588348R;HAF;STANDARD - FAC000431;1537,92000;STANDARD;13942,55;EUR;31/07/2026;FAC000431;10,00;;;DED_10.00D;;PRN-FVB0064197-GOUVEIA-FAC000431.pdf;PRN;B00000001B;PRN01_SRC_FACTURESFOURNISSEURS_20260807_205356;PIRENE
26/08/2026;0367;602210;107749-FRA02380;GD1588348R;HAF;STANDARD - FAC000431;1537,92000;STANDARD;139425,50;EUR;31/07/2026;FAC000431;10,00;UC ACHAT BIOMASSE;;;;PRN-FVB0064197-GOUVEIA-FAC000431.pdf;PRN;B00000001B;PRN01_SRC_FACTURESFOURNISSEURS_20260807_205356;PIRENE
26/08/2026;0367;401100;56666-FRA62710;GD1588348R;HAF;STANDARD - VT2607/058;0,00001;STANDARD;21031,62;EUR;31/07/2026;VT2607/058;0,00;;;;;PRN-FVB0064198-BNE-VT2607-058.pdf;PRN;B00000001B;PRN01_SRC_FACTURESFOURNISSEURS_20260807_205356;PIRENE
26/08/2026;0367;445660;56666-FRA62710;GD1588348R;HAF;STANDARD - VT2607/058;208,76000;STANDARD;1911,95;EUR;31/07/2026;VT2607/058;10,00;;;DED_10.00D;;PRN-FVB0064198-BNE-VT2607-058.pdf;PRN;B00000001B;PRN01_SRC_FACTURESFOURNISSEURS_20260807_205356;PIRENE
26/08/2026;0367;602210;56666-FRA62710;GD1588348R;HAF;STANDARD - VT2607/058;208,76000;STANDARD;19119,67;EUR;31/07/2026;VT2607/058;10,00;UC ACHAT BIOMASSE;;;;PRN-FVB0064198-BNE-VT2607-058.pdf;PRN;B00000001B;PRN01_SRC_FACTURESFOURNISSEURS_20260807_205356;PIRENE
26/08/2026;0367;401100;56666-FRA62710;GN1583781B;HAF;STANDARD - VT2607/069;0,00001;STANDARD;4128,37;EUR;31/07/2026;VT2607/069;0,00;;;;;PRN-FVB0064199-BNE-VT2607-069.pdf;PRN;B00000001B;PRN01_SRC_FACTURESFOURNISSEURS_20260807_205356;PIRENE
26/08/2026;0367;445660;56666-FRA62710;GN1583781B;HAF;STANDARD - VT2607/069;36,16000;STANDARD;375,31;EUR;31/07/2026;VT2607/069;10,00;;;DED_10.00D;;PRN-FVB0064199-BNE-VT2607-069.pdf;PRN;B00000001B;PRN01_SRC_FACTURESFOURNISSEURS_20260807_205356;PIRENE
26/08/2026;0367;602210;56666-FRA62710;GN1583781B;HAF;STANDARD - VT2607/069;36,16000;STANDARD;3753,06;EUR;31/07/2026;VT2607/069;10,00;UC ACHAT BIOMASSE;;;;PRN-FVB0064199-BNE-VT2607-069.pdf;PRN;B00000001B;PRN01_SRC_FACTURESFOURNISSEURS_20260807_205356;PIRENE
26/08/2026;0367;401100;56666-FRA62710;GN1621220W;HAF;STANDARD - VT2607/120;0,00001;STANDARD;1956,87;EUR;31/07/2026;VT2607/120;0,00;;;;;PRN-FVB0064200-BNE-VT2607-120.pdf;PRN;B00000001B;PRN01_SRC_FACTURESFOURNISSEURS_20260807_205356;PIRENE
26/08/2026;0367;445660;56666-FRA62710;GN1621220W;HAF;STANDARD - VT2607/120;16,30000;STANDARD;177,90;EUR;31/07/2026;VT2607/120;10,00;;;DED_10.00D;;PRN-FVB0064200-BNE-VT2607-120.pdf;PRN;B00000001B;PRN01_SRC_FACTURESFOURNISSEURS_20260807_205356;PIRENE
26/08/2026;0367;602210;56666-FRA62710;GN1621220W;HAF;STANDARD - VT2607/120;16,30000;STANDARD;1778,97;EUR;31/07/2026;VT2607/120;10,00;UC ACHAT BIOMASSE;;;;PRN-FVB0064200-BNE-VT2607-120.pdf;PRN;B00000001B;PRN01_SRC_FACTURESFOURNISSEURS_20260807_205356;PIRENE
26/08/2026;0367;401100;103780-FRA14340;GN1583455F;HAF;STANDARD - FA2026/162;0,00001;STANDARD;16700,07;EUR;31/07/2026;FA2026/162;0,00;;;;;PRN-FVB0064201-DAVOUST-FA2026-162.pdf;PRN;B00000001B;PRN01_SRC_FACTURESFOURNISSEURS_20260807_205356;PIRENE
26/08/2026;0367;445660;103780-FRA14340;GN1583455F;HAF;STANDARD - FA2026/162;155,84000;STANDARD;1518,19;EUR;31/07/2026;FA2026/162;10,00;;;DED_10.00D;;PRN-FVB0064201-DAVOUST-FA2026-162.pdf;PRN;B00000001B;PRN01_SRC_FACTURESFOURNISSEURS_20260807_205356;PIRENE
26/08/2026;0367;602210;103780-FRA14340;GN1583455F;HAF;STANDARD - FA2026/162;155,84000;STANDARD;15181,88;EUR;31/07/2026;FA2026/162;10,00;UC ACHAT BIOMASSE;;;;PRN-FVB0064201-DAVOUST-FA2026-162.pdf;PRN;B00000001B;PRN01_SRC_FACTURESFOURNISSEURS_20260807_205356;PIRENE
26/08/2026;0367;401100;103780-FRA14340;GN1583444T;HAF;STANDARD - FA2026/163;0,00001;STANDARD;26538,41;EUR;31/07/2026;FA2026/163;0,00;;;;;PRN-FVB0064202-DAVOUST-FA2026-163.pdf;PRN;B00000001B;PRN01_SRC_FACTURESFOURNISSEURS_20260807_205356;PIRENE
26/08/2026;0367;445660;103780-FRA14340;GN1583444T;HAF;STANDARD - FA2026/163;237,25000;STANDARD;2412,58;EUR;31/07/2026;FA2026/163;10,00;;;DED_10.00D;;PRN-FVB0064202-DAVOUST-FA2026-163.pdf;PRN;B00000001B;PRN01_SRC_FACTURESFOURNISSEURS_20260807_205356;PIRENE
26/08/2026;0367;602210;103780-FRA14340;GN1583444T;HAF;STANDARD - FA2026/163;237,25000;STANDARD;24125,83;EUR;31/07/2026;FA2026/163;10,00;UC ACHAT BIOMASSE;;;;PRN-FVB0064202-DAVOUST-FA2026-163.pdf;PRN;B00000001B;PRN01_SRC_FACTURESFOURNISSEURS_20260807_205356;PIRENE
26/08/2026;0367;401100;102024-FRA59226;GN1583462N;HAF;STANDARD - 157198;0,00001;STANDARD;1141,57;EUR;31/07/2026;157198;0,00;;;;;PRN-FVB0064203-DE-SLOOVERE-157198.PDF;PRN;B00000001B;PRN01_SRC_FACTURESFOURNISSEURS_20260807_205356;PIRENE
26/08/2026;0367;445660;102024-FRA59226;GN1583462N;HAF;STANDARD - 157198;3,00000;STANDARD;103,78;EUR;31/07/2026;157198;10,00;;;DED_10.00D;;PRN-FVB0064203-DE-SLOOVERE-157198.PDF;PRN;B00000001B;PRN01_SRC_FACTURESFOURNISSEURS_20260807_205356;PIRENE
26/08/2026;0367;602210;102024-FRA59226;GN1583462N;HAF;STANDARD - 157198;3,00000;STANDARD;1037,79;EUR;31/07/2026;157198;10,00;UC ACHAT BIOMASSE;;;;PRN-FVB0064203-DE-SLOOVERE-157198.PDF;PRN;B00000001B;PRN01_SRC_FACTURESFOURNISSEURS_20260807_205356;PIRENE
26/08/2026;0367;401100;75060-FRA62840;GN1583477F;HAF;STANDARD - 20036548;0,00001;STANDARD;19501,47;EUR;31/07/2026;20036548;0,00;;;;;PRN-FVB0064204-DELESTREZ-20036548.pdf;PRN;B00000001B;PRN01_SRC_FACTURESFOURNISSEURS_20260807_205356;PIRENE
26/08/2026;0367;445660;75060-FRA62840;GN1583477F;HAF;STANDARD - 20036548;177,24000;STANDARD;1772,86;EUR;31/07/2026;20036548;10,00;;;DED_10.00D;;PRN-FVB0064204-DELESTREZ-20036548.pdf;PRN;B00000001B;PRN01_SRC_FACTURESFOURNISSEURS_20260807_205356;PIRENE
26/08/2026;0367;602210;75060-FRA62840;GN1583477F;HAF;STANDARD - 20036548;177,24000;STANDARD;17728,61;EUR;31/07/2026;20036548;10,00;UC ACHAT BIOMASSE;;;;PRN-FVB0064204-DELESTREZ-20036548.pdf;PRN;B00000001B;PRN01_SRC_FACTURESFOURNISSEURS_20260807_205356;PIRENE
26/08/2026;0367;401100;75060-FRA62840;GN1583446W;HAF;STANDARD - 20036549;0,00001;STANDARD;19808,00;EUR;31/07/2026;20036549;0,00;;;;;PRN-FVB0064205-DELESTREZ-20036549.pdf;PRN;B00000001B;PRN01_SRC_FACTURESFOURNISSEURS_20260807_205356;PIRENE
26/08/2026;0367;445660;75060-FRA62840;GN1583446W;HAF;STANDARD - 20036549;189,10000;STANDARD;1800,73;EUR;31/07/2026;20036549;10,00;;;DED_10.00D;;PRN-FVB0064205-DELESTREZ-20036549.pdf;PRN;B00000001B;PRN01_SRC_FACTURESFOURNISSEURS_20260807_205356;PIRENE
26/08/2026;0367;602210;75060-FRA62840;GN1583446W;HAF;STANDARD - 20036549;189,10000;STANDARD;18007,27;EUR;31/07/2026;20036549;10,00;UC ACHAT BIOMASSE;;;;PRN-FVB0064205-DELESTREZ-20036549.pdf;PRN;B00000001B;PRN01_SRC_FACTURESFOURNISSEURS_20260807_205356;PIRENE
26/08/2026;0367;401100;75060-FRA62840;GN1583992R;HAF;STANDARD - 20036550;0,00001;STANDARD;36726,56;EUR;31/07/2026;20036550;0,00;;;;;PRN-FVB0064206-DELESTREZ-20036550.pdf;PRN;B00000001B;PRN01_SRC_FACTURESFOURNISSEURS_20260807_205356;PIRENE
26/08/2026;0367;445660;75060-FRA62840;GN1583992R;HAF;STANDARD - 20036550;349,14000;STANDARD;3338,78;EUR;31/07/2026;20036550;10,00;;;DED_10.00D;;PRN-FVB0064206-DELESTREZ-20036550.pdf;PRN;B00000001B;PRN01_SRC_FACTURESFOURNISSEURS_20260807_205356;PIRENE
26/08/2026;0367;602210;75060-FRA62840;GN1583992R;HAF;STANDARD - 20036550;349,14000;STANDARD;33387,78;EUR;31/07/2026;20036550;10,00;UC ACHAT BIOMASSE;;;;PRN-FVB0064206-DELESTREZ-20036550.pdf;PRN;B00000001B;PRN01_SRC_FACTURESFOURNISSEURS_20260807_205356;PIRENE
26/08/2026;0367;401100;75060-FRA62840;GN1584002C;HAF;STANDARD - 20036551;0,00001;STANDARD;28401,56;EUR;31/07/2026;20036551;0,00;;;;;PRN-FVB0064207-DELESTREZ-20036551.pdf;PRN;B00000001B;PRN01_SRC_FACTURESFOURNISSEURS_20260807_205356;PIRENE
26/08/2026;0367;445660;75060-FRA62840;GN1584002C;HAF;STANDARD - 20036551;257,06000;STANDARD;2581,96;EUR;31/07/2026;20036551;10,00;;;DED_10.00D;;PRN-FVB0064207-DELESTREZ-20036551.pdf;PRN;B00000001B;PRN01_SRC_FACTURESFOURNISSEURS_20260807_205356;PIRENE
26/08/2026;0367;602210;75060-FRA62840;GN1584002C;HAF;STANDARD - 20036551;257,06000;STANDARD;25819,60;EUR;31/07/2026;20036551;10,00;UC ACHAT BIOMASSE;;;;PRN-FVB0064207-DELESTREZ-20036551.pdf;PRN;B00000001B;PRN01_SRC_FACTURESFOURNISSEURS_20260807_205356;PIRENE
26/08/2026;0367;401100;75060-FRA62840;GD1588348R;HAF;STANDARD - 20036552;0,00001;STANDARD;5676,56;EUR;31/07/2026;20036552;0,00;;;;;PRN-FVB0064208-DELESTREZ-20036552.pdf;PRN;B00000001B;PRN01_SRC_FACTURESFOURNISSEURS_20260807_205356;PIRENE
26/08/2026;0367;445660;75060-FRA62840;GD1588348R;HAF;STANDARD - 20036552;50,64000;STANDARD;516,05;EUR;31/07/2026;20036552;10,00;;;DED_10.00D;;PRN-FVB0064208-DELESTREZ-20036552.pdf;PRN;B00000001B;PRN01_SRC_FACTURESFOURNISSEURS_20260807_205356;PIRENE
26/08/2026;0367;602210;75060-FRA62840;GD1588348R;HAF;STANDARD - 20036552;50,64000;STANDARD;5160,51;EUR;31/07/2026;20036552;10,00;UC ACHAT BIOMASSE;;;;PRN-FVB0064208-DELESTREZ-20036552.pdf;PRN;B00000001B;PRN01_SRC_FACTURESFOURNISSEURS_20260807_205356;PIRENE
26/08/2026;0367;401100;75060-FRA62840;GN1583424W;HAF;STANDARD - 20036553;0,00001;STANDARD;5512,30;EUR;31/07/2026;20036553;0,00;;;;;PRN-FVB0064209-DELESTREZ-20036553.pdf;PRN;B00000001B;PRN01_SRC_FACTURESFOURNISSEURS_20260807_205356;PIRENE
26/08/2026;0367;445660;75060-FRA62840;GN1583424W;HAF;STANDARD - 20036553;49,96000;STANDARD;501,12;EUR;31/07/2026;20036553;10,00;;;DED_10.00D;;PRN-FVB0064209-DELESTREZ-20036553.pdf;PRN;B00000001B;PRN01_SRC_FACTURESFOURNISSEURS_20260807_205356;PIRENE
26/08/2026;0367;602210;75060-FRA62840;GN1583424W;HAF;STANDARD - 20036553;49,96000;STANDARD;5011,18;EUR;31/07/2026;20036553;10,00;UC ACHAT BIOMASSE;;;;PRN-FVB0064209-DELESTREZ-20036553.pdf;PRN;B00000001B;PRN01_SRC_FACTURESFOURNISSEURS_20260807_205356;PIRENE
26/08/2026;0367;401100;75060-FRA62840;GN1583781B;HAF;STANDARD - 20036554;0,00001;STANDARD;5217,52;EUR;31/07/2026;20036554;0,00;;;;;PRN-FVB0064210-DELESTREZ-20036554.pdf;PRN;B00000001B;PRN01_SRC_FACTURESFOURNISSEURS_20260807_205356;PIRENE
26/08/2026;0367;445660;75060-FRA62840;GN1583781B;HAF;STANDARD - 20036554;50,98000;STANDARD;474,32;EUR;31/07/2026;20036554;10,00;;;DED_10.00D;;PRN-FVB0064210-DELESTREZ-20036554.pdf;PRN;B00000001B;PRN01_SRC_FACTURESFOURNISSEURS_20260807_205356;PIRENE
26/08/2026;0367;602210;75060-FRA62840;GN1583781B;HAF;STANDARD - 20036554;50,98000;STANDARD;4743,20;EUR;31/07/2026;20036554;10,00;UC ACHAT BIOMASSE;;;;PRN-FVB0064210-DELESTREZ-20036554.pdf;PRN;B00000001B;PRN01_SRC_FACTURESFOURNISSEURS_20260807_205356;PIRENE
26/08/2026;0367;401100;75060-FRA62840;GN1583991P;HAF;STANDARD - 20036555;0,00001;STANDARD;1128,58;EUR;31/07/2026;20036555;0,00;;;;;PRN-FVB0064211-DELESTREZ-20036555.pdf;PRN;B00000001B;PRN01_SRC_FACTURESFOURNISSEURS_20260807_205356;PIRENE
26/08/2026;0367;445660;75060-FRA62840;GN1583991P;HAF;STANDARD - 20036555;5,30000;STANDARD;102,60;EUR;31/07/2026;20036555;10,00;;;DED_10.00D;;PRN-FVB0064211-DELESTREZ-20036555.pdf;PRN;B00000001B;PRN01_SRC_FACTURESFOURNISSEURS_20260807_205356;PIRENE
26/08/2026;0367;602210;75060-FRA62840;GN1583991P;HAF;STANDARD - 20036555;5,30000;STANDARD;1025,98;EUR;31/07/2026;20036555;10,00;UC ACHAT BIOMASSE;;;;PRN-FVB0064211-DELESTREZ-20036555.pdf;PRN;B00000001B;PRN01_SRC_FACTURESFOURNISSEURS_20260807_205356;PIRENE
26/08/2026;0367;401100;75060-FRA62840;GN1583991P;HAF;STANDARD - 20036556;0,00001;STANDARD;2552,36;EUR;31/07/2026;20036556;0,00;;;;;PRN-FVB0064212-DELESTREZ-20036556.pdf;PRN;B00000001B;PRN01_SRC_FACTURESFOURNISSEURS_20260807_205356;PIRENE
26/08/2026;0367;445660;75060-FRA62840;GN1583991P;HAF;STANDARD - 20036556;13,72000;STANDARD;232,03;EUR;31/07/2026;20036556;10,00;;;DED_10.00D;;PRN-FVB0064212-DELESTREZ-20036556.pdf;PRN;B00000001B;PRN01_SRC_FACTURESFOURNISSEURS_20260807_205356;PIRENE
26/08/2026;0367;602210;75060-FRA62840;GN1583991P;HAF;STANDARD - 20036556;13,72000;STANDARD;2320,33;EUR;31/07/2026;20036556;10,00;UC ACHAT BIOMASSE;;;;PRN-FVB0064212-DELESTREZ-20036556.pdf;PRN;B00000001B;PRN01_SRC_FACTURESFOURNISSEURS_20260807_205356;PIRENE
