GN1134165Z;06/03/2026;B00000001B;DOS
GN1317416N;06/03/2026;B00000001B;DOS
GN1339614N;06/03/2026;B00000001B;DOS
GN1340749D;06/03/2026;B00000001B;DOS
GL0021034C;06/03/2026;B00000006G;DLS
GL1017771H;06/03/2026;B00000007H;DEW
GL1017776N;06/03/2026;B00000007H;DEW
GL0019483P;06/03/2026;B00000007H;DEW
GN1355053H;06/03/2026;B00000001B;DOS
GN1355055K;06/03/2026;B00000001B;DOS
GN1355061S;06/03/2026;B00000001B;DOS
GN1355235P;06/03/2026;B00000001B;DOS
GN1358602R;06/03/2026;B00000001B;DOS
GN1358613D;06/03/2026;B00000001B;DOS
GN1360984Y;06/03/2026;B00000001B;DOS
GN1360988C;06/03/2026;B00000001B;DOS
GN1361107M;06/03/2026;B00000001B;DOS
GN1361681P;06/03/2026;B00000001B;DOS
GN1361700L;06/03/2026;B00000001B;DOS
GN1361701M;06/03/2026;B00000001B;DOS
GN1361702N;06/03/2026;B00000001B;DOS
GN1363026T;06/03/2026;B00000001B;DOS
GN1363027V;06/03/2026;B00000001B;DOS
GN1363038G;06/03/2026;B00000001B;DOS
GN1363039H;06/03/2026;B00000001B;DOS
GN1363044N;06/03/2026;B00000001B;DOS
GN1363049V;06/03/2026;B00000001B;DOS
GN1363050W;06/03/2026;B00000001B;DOS
GN1363055B;06/03/2026;B00000001B;DOS
GN1363058E;06/03/2026;B00000001B;DOS
GN1363063K;06/03/2026;B00000001B;DOS
GN1364405K;06/03/2026;B00000001B;DOS
GN1364406L;06/03/2026;B00000001B;DOS
GN1364409P;06/03/2026;B00000001B;DOS
GN1364410R;06/03/2026;B00000001B;DOS
GN1364411S;06/03/2026;B00000001B;DOS
GN1364414W;06/03/2026;B00000001B;DOS
GN1364417Z;06/03/2026;B00000001B;DOS
GN1364421D;06/03/2026;B00000001B;DOS
GN1369199H;06/03/2026;B00000001B;DOS
GN1369210W;06/03/2026;B00000001B;DOS
GN1369222J;06/03/2026;B00000001B;DOS
GN1369255X;06/03/2026;B00000001B;DOS
GN1369263F;06/03/2026;B00000001B;DOS
GN1369269M;06/03/2026;B00000001B;DOS
GN1369273S;06/03/2026;B00000001B;DOS
GN1369309H;06/03/2026;B00000001B;DOS
GN1369314N;06/03/2026;B00000001B;DOS
GN1370073B;06/03/2026;B00000001B;DOS
GN1370075D;06/03/2026;B00000001B;DOS
GN1370081K;06/03/2026;B00000001B;DOS
GN1370085P;06/03/2026;B00000001B;DOS
GN1376640N;06/03/2026;B00000001B;DOS
GN1376776T;06/03/2026;B00000001B;DOS
GN1380726G;06/03/2026;B00000001B;DOS
GN1381330T;06/03/2026;B00000001B;DOS
GN1381409H;06/03/2026;B00000001B;DOS
GN1381456L;06/03/2026;B00000001B;DOS
GN1381628G;06/03/2026;B00000001B;DOS
GN1384014T;06/03/2026;B00000001B;DOS
GN1385921K;06/03/2026;B00000001B;DOS
GN1389692W;06/03/2026;B00000001B;DOS
GN1389694Y;06/03/2026;B00000001B;DOS
GN1389699D;06/03/2026;B00000001B;DOS
GN1389707M;06/03/2026;B00000001B;DOS
GN1389709P;06/03/2026;B00000001B;DOS
GN1390316E;06/03/2026;B00000001B;DOS
GN1398534T;06/03/2026;B00000001B;DOS
GN1398540A;06/03/2026;B00000001B;DOS
GN1399854T;06/03/2026;B00000001B;DOS
GN1404220E;06/03/2026;B00000001B;DOS
GN1404502A;06/03/2026;B00000001B;DOS
GN1405039K;06/03/2026;B00000001B;DOS
GN1405059H;06/03/2026;B00000001B;DOS
GN1405065P;06/03/2026;B00000001B;DOS
GN1405074A;06/03/2026;B00000001B;DOS
GN1405078E;06/03/2026;B00000001B;DOS
GN1406736N;06/03/2026;B00000001B;DOS
GN1406746A;06/03/2026;B00000001B;DOS
GN1406748C;06/03/2026;B00000001B;DOS
GN1406756L;06/03/2026;B00000001B;DOS
GN1406757M;06/03/2026;B00000001B;DOS
GN1407020L;06/03/2026;B00000001B;DOS
GN1407346G;06/03/2026;B00000001B;DOS
GN1409958A;06/03/2026;B00000001B;DOS
GN1409960C;06/03/2026;B00000001B;DOS
GN1409963F;06/03/2026;B00000001B;DOS
GN1409965H;06/03/2026;B00000001B;DOS
GN1416761F;06/03/2026;B00000001B;DOS
GN1416780C;06/03/2026;B00000001B;DOS
GN1416797X;06/03/2026;B00000001B;DOS
GN1416799Z;06/03/2026;B00000001B;DOS
GN1416806G;06/03/2026;B00000001B;DOS
GN1416811M;06/03/2026;B00000001B;DOS
GN1416820Y;06/03/2026;B00000001B;DOS
GN1416822A;06/03/2026;B00000001B;DOS
GN1416825D;06/03/2026;B00000001B;DOS
GN1417577H;06/03/2026;B00000001B;DOS
GN1417587V;06/03/2026;B00000001B;DOS
GN1417601K;06/03/2026;B00000001B;DOS
GN1417631V;06/03/2026;B00000001B;DOS
GN1417640E;06/03/2026;B00000001B;DOS
GN1417649P;06/03/2026;B00000001B;DOS
GN1417652T;06/03/2026;B00000001B;DOS
GN1417985X;06/03/2026;B00000001B;DOS
GN1418115V;06/03/2026;B00000001B;DOS
GN1418595P;06/03/2026;B00000001B;DOS
GN1419164L;06/03/2026;B00000001B;DOS
GN1419165M;06/03/2026;B00000001B;DOS
GN1419167P;06/03/2026;B00000001B;DOS
GN1420925M;06/03/2026;B00000001B;DOS
GN1421102N;06/03/2026;B00000001B;DOS
GN1422729M;06/03/2026;B00000001B;DOS
GN1422740A;06/03/2026;B00000001B;DOS
GN1427047V;06/03/2026;B00000001B;DOS
GN1427053B;06/03/2026;B00000001B;DOS
GN1427064N;06/03/2026;B00000001B;DOS
GN1427073Z;06/03/2026;B00000001B;DOS
GN1432711F;06/03/2026;B00000001B;DOS
GN1433762A;06/03/2026;B00000001B;DOS
GN1433763B;06/03/2026;B00000001B;DOS
GN1433854E;06/03/2026;B00000001B;DOS
GN1434039P;06/03/2026;B00000001B;DOS
GN1434046Y;06/03/2026;B00000001B;DOS
GN1434052E;06/03/2026;B00000001B;DOS
GN1436392N;06/03/2026;B00000001B;DOS
GN1436393P;06/03/2026;B00000001B;DOS
GN1436394R;06/03/2026;B00000001B;DOS
GN1437037X;06/03/2026;B00000001B;DOS
GN1437043D;06/03/2026;B00000001B;DOS
GN1437048J;06/03/2026;B00000001B;DOS
GN1437105Z;06/03/2026;B00000001B;DOS
GN1437128A;06/03/2026;B00000001B;DOS
GL0016766C;06/03/2026;B00000008J;DMS
GL0044169S;06/03/2026;B00000002C;DRW
GL0016545B;06/03/2026;B00000008J;DMS
GL0063122E;06/03/2026;B00000003D;DSW
GL0063116Y;06/03/2026;B00000003D;DSW
GL0063111S;06/03/2026;B00000003D;DSW
GL0063132R;06/03/2026;B00000003D;DSW
GL0063119B;06/03/2026;B00000003D;DSW
GL0218355F;06/03/2026;B00000003D;DSW
GL0027667P;06/03/2026;B00000003D;DSW
GL0063105K;06/03/2026;B00000003D;DSW
GL0027675Z;06/03/2026;B00000003D;DSW
GL0212006R;06/03/2026;B00000002C;DRW
GL0018900C;06/03/2026;B00000008J;DMS
GL0670395M;06/03/2026;B00000004E;DCW
GL0026917M;06/03/2026;B00000004E;DCW
GL0672667V;06/03/2026;B00000004E;DCW
GL0670412G;06/03/2026;B00000004E;DCW
GL1374481K;06/03/2026;B00000004E;DCW
GL0669877Z;06/03/2026;B00000004E;DCW
GL0670088N;06/03/2026;B00000004E;DCW
GL1078489F;06/03/2026;B00000004E;DCW
GL1161080J;06/03/2026;B00000008J;DMS
GL0745048W;06/03/2026;B00000008J;DMS
GL1082278L;06/03/2026;B00000008J;DMS
GN1112523F;06/03/2026;B00000001B;DOS
GN1114912W;06/03/2026;B00000001B;DOS
GN1457697Z;06/03/2026;B00000001B;DOS
GN1460541F;06/03/2026;B00000001B;DOS
GN1467161D;06/03/2026;B00000001B;DOS
GN1467254J;06/03/2026;B00000001B;DOS
GN1467265X;06/03/2026;B00000001B;DOS
GN1467270C;06/03/2026;B00000001B;DOS
GN1467345M;06/03/2026;B00000001B;DOS
GN1467346N;06/03/2026;B00000001B;DOS
GN1467347P;06/03/2026;B00000001B;DOS
GN1467353X;06/03/2026;B00000001B;DOS
GN1467354Y;06/03/2026;B00000001B;DOS
GN1467355Z;06/03/2026;B00000001B;DOS
GN1467356A;06/03/2026;B00000001B;DOS
GN1467357B;06/03/2026;B00000001B;DOS
GN1467358C;06/03/2026;B00000001B;DOS
GN1467360E;06/03/2026;B00000001B;DOS
GN1467364J;06/03/2026;B00000001B;DOS
GN1467366L;06/03/2026;B00000001B;DOS
GN1467374W;06/03/2026;B00000001B;DOS
GN1468141S;06/03/2026;B00000001B;DOS
GN1468142T;06/03/2026;B00000001B;DOS
GL0371278G;06/03/2026;B00000003D;DSW
GN1469372R;06/03/2026;B00000001B;DOS
GN1469410J;06/03/2026;B00000001B;DOS
GN1469460R;06/03/2026;B00000001B;DOS
GN1470145V;06/03/2026;B00000001B;DOS
GN1471721K;06/03/2026;B00000001B;DOS
GN1473976Y;06/03/2026;B00000001B;DOS
GN1473981D;06/03/2026;B00000001B;DOS
GN1481480A;06/03/2026;B00000001B;DOS
GL0704334E;06/03/2026;B00000008J;DMS
GN1484597S;06/03/2026;B00000001B;DOS
GL1472010N;06/03/2026;B00000003D;DSW
GL0305471B;06/03/2026;B00000007H;DEW
GL0305413K;06/03/2026;B00000007H;DEW
GL0305462R;06/03/2026;B00000007H;DEW
GN1108409F;06/03/2026;B00000001B;DOS
GN1120926E;06/03/2026;B00000001B;DOS
GN1120947D;06/03/2026;B00000001B;DOS
GN1120948E;06/03/2026;B00000001B;DOS
GN1120944A;06/03/2026;B00000001B;DOS
GN1121008Y;06/03/2026;B00000001B;DOS
GN1121035D;06/03/2026;B00000001B;DOS
GN1201719P;06/03/2026;B00000001B;DOS
GN1488981Z;06/03/2026;B00000001B;DOS
GL0477149P;06/03/2026;B00000003D;DSW
GL0543050C;06/03/2026;B00000002C;DRW
GN0080642N;06/03/2026;B00000001B;DOS
GN0055010L;06/03/2026;B00000001B;DOS
GN0293782T;06/03/2026;B00000001B;DOS
GN0496869Z;06/03/2026;B00000001B;DOS
GL0437554W;06/03/2026;B00000003D;DSW
GL0437539D;06/03/2026;B00000003D;DSW
GN0644535B;06/03/2026;B00000001B;DOS
GN0644536C;06/03/2026;B00000001B;DOS
GN0796269B;06/03/2026;B00000001B;DOS
GN0811177S;06/03/2026;B00000001B;DOS
GN0917728Y;06/03/2026;B00000001B;DOS
GN0917743P;06/03/2026;B00000001B;DOS
GN1142627P;06/03/2026;B00000001B;DOS
GN1165463P;06/03/2026;B00000001B;DOS
GL0021164A;06/03/2026;B00000008J;DMS
GL0762008T;06/03/2026;B00000008J;DMS
GL0211933H;06/03/2026;B00000008J;DMS
GN1282264T;06/03/2026;B00000001B;DOS
GN1282267X;06/03/2026;B00000001B;DOS
GN1282273D;06/03/2026;B00000001B;DOS
GN1494888L;06/03/2026;B00000001B;DOS
GN1494890N;06/03/2026;B00000001B;DOS
GN1497429Z;06/03/2026;B00000001B;DOS
GN1497434E;06/03/2026;B00000001B;DOS
GN1497437H;06/03/2026;B00000001B;DOS
GN1497471X;06/03/2026;B00000001B;DOS
GN1497475B;06/03/2026;B00000001B;DOS
GL0231193V;06/03/2026;B00000008J;DMS
GN1498805M;06/03/2026;B00000001B;DOS
GL0027683H;06/03/2026;B00000003D;DSW
GN0959355B;06/03/2026;B00000001B;DOS
GN0984643M;06/03/2026;B00000001B;DOS
GN1139430G;06/03/2026;B00000001B;DOS
GN1139421X;06/03/2026;B00000001B;DOS
GN1139424A;06/03/2026;B00000001B;DOS
GN1141756A;06/03/2026;B00000001B;DOS
GN1141765K;06/03/2026;B00000001B;DOS
GN1155012N;06/03/2026;B00000001B;DOS
GN1163811M;06/03/2026;B00000001B;DOS
GN1163823B;06/03/2026;B00000001B;DOS
GN1165734Y;06/03/2026;B00000001B;DOS
GN1168036N;06/03/2026;B00000001B;DOS
GN1507495M;06/03/2026;B00000001B;DOS
GN1509144L;06/03/2026;B00000001B;DOS
GL0231187M;06/03/2026;B00000008J;DMS
GN1389977V;06/03/2026;B00000001B;DOS
GN1511601D;06/03/2026;B00000001B;DOS
GN1517170G;06/03/2026;B00000001B;DOS
GN1517810J;06/03/2026;B00000001B;DOS
GN1151188T;06/03/2026;B00000001B;DOS
GN0887777M;06/03/2026;B00000001B;DOS
GN0887839H;06/03/2026;B00000001B;DOS
GN0975832A;06/03/2026;B00000001B;DOS
GN0995750J;06/03/2026;B00000001B;DOS
GL0981352Y;06/03/2026;B00000002C;DRW
GN1098094J;06/03/2026;B00000001B;DOS
GL0020740T;06/03/2026;B00000006G;DLS
GN1287882C;06/03/2026;B00000001B;DOS
GN1291641Z;06/03/2026;B00000001B;DOS
GN1332384Y;06/03/2026;B00000001B;DOS
GN1332392G;06/03/2026;B00000001B;DOS
GL0019210E;06/03/2026;B00000007H;DEW
GN1518758L;06/03/2026;B00000001B;DOS
GN1518875V;06/03/2026;B00000001B;DOS
GN1518882C;06/03/2026;B00000001B;DOS
GN1518889K;06/03/2026;B00000001B;DOS
GN1518892N;06/03/2026;B00000001B;DOS
GN1518924A;06/03/2026;B00000001B;DOS
GN1520418Y;06/03/2026;B00000001B;DOS
GN1520431M;06/03/2026;B00000001B;DOS
GN1523825V;06/03/2026;B00000001B;DOS
GL1509399B;06/03/2026;B00000003D;DSW
GN1529176A;06/03/2026;B00000001B;DOS
GL0220502W;06/03/2026;B00000002C;DRW
GL1306087P;06/03/2026;B00000006G;DLS
GL0004010G;06/03/2026;B00000008J;DMS
GL0004101K;06/03/2026;B00000008J;DMS
GL0013438W;06/03/2026;B00000005F;DNA
GL0029020C;06/03/2026;B00000007H;DEW
GL0009528C;06/03/2026;B00000007H;DEW
GL0009200E;06/03/2026;B00000007H;DEW
GL0019456J;06/03/2026;B00000007H;DEW
GL0056643S;06/03/2026;B00000003D;DSW
GL0218328A;06/03/2026;B00000003D;DSW
GL0038630Y;06/03/2026;B00000003D;DSW
GL0018109D;06/03/2026;B00000008J;DMS
GL0031540R;06/03/2026;B00000005F;DNA
GL0013243Z;06/03/2026;B00000008J;DMS
GN0222666E;06/03/2026;B00000001B;DOS
GL0232146C;06/03/2026;B00000008J;DMS
GL0019941K;06/03/2026;B00000006G;DLS
GN0361880C;06/03/2026;B00000001B;DOS
GN0362081F;06/03/2026;B00000001B;DOS
GN0361886J;06/03/2026;B00000001B;DOS
GL0352970C;06/03/2026;B00000004E;DCW
GL0217411H;06/03/2026;B00000005F;DNA
GL0020509F;06/03/2026;B00000006G;DLS
GN0666637S;06/03/2026;B00000001B;DOS
GN0667119P;06/03/2026;B00000001B;DOS
GN0667174C;06/03/2026;B00000001B;DOS
GL0506250J;06/03/2026;B00000006G;DLS
GL0020099P;06/03/2026;B00000006G;DLS
GN0790696T;06/03/2026;B00000001B;DOS
GL0053112E;06/03/2026;B00000007H;DEW
GN0830707K;06/03/2026;B00000001B;DOS
GN0837485M;06/03/2026;B00000001B;DOS
GN0837487P;06/03/2026;B00000001B;DOS
GL0023799V;06/03/2026;B00000002C;DRW
GN0850008T;06/03/2026;B00000001B;DOS
GN0852401M;06/03/2026;B00000001B;DOS
GN0856812A;06/03/2026;B00000001B;DOS
GN0856865K;06/03/2026;B00000001B;DOS
GN0856905F;06/03/2026;B00000001B;DOS
GN0856974J;06/03/2026;B00000001B;DOS
GN0886286T;06/03/2026;B00000001B;DOS
GN0917718L;06/03/2026;B00000001B;DOS
GN0958554R;06/03/2026;B00000001B;DOS
GN0958838N;06/03/2026;B00000001B;DOS
GN0958857K;06/03/2026;B00000001B;DOS
GN0958862R;06/03/2026;B00000001B;DOS
GN0958877H;06/03/2026;B00000001B;DOS
GN0958883P;06/03/2026;B00000001B;DOS
GN0958886T;06/03/2026;B00000001B;DOS
GN1001029H;06/03/2026;B00000001B;DOS
GN1006307F;06/03/2026;B00000001B;DOS
GN1006714T;06/03/2026;B00000001B;DOS
GN1006663K;06/03/2026;B00000001B;DOS
GN1006935V;06/03/2026;B00000001B;DOS
GN1006884L;06/03/2026;B00000001B;DOS
GN1007106N;06/03/2026;B00000001B;DOS
GN1007055F;06/03/2026;B00000001B;DOS
GN1007091X;06/03/2026;B00000001B;DOS
GN1012109Z;06/03/2026;B00000001B;DOS
GN1013620R;06/03/2026;B00000001B;DOS
GN1014029F;06/03/2026;B00000001B;DOS
GN1016612R;06/03/2026;B00000001B;DOS
GN1020991S;06/03/2026;B00000001B;DOS
GL0019809K;06/03/2026;B00000006G;DLS
GN1055361Z;06/03/2026;B00000001B;DOS
GN1078023B;06/03/2026;B00000001B;DOS
GN1078652R;06/03/2026;B00000001B;DOS
GN1078664E;06/03/2026;B00000001B;DOS
GN1143634J;06/03/2026;B00000001B;DOS
GN1164416A;06/03/2026;B00000001B;DOS
GN1163725P;06/03/2026;B00000001B;DOS
GN1163714C;06/03/2026;B00000001B;DOS
GN1167716A;06/03/2026;B00000001B;DOS
GN1171227P;06/03/2026;B00000001B;DOS
GN1175488G;06/03/2026;B00000001B;DOS
GN1175493M;06/03/2026;B00000001B;DOS
GN1178309M;06/03/2026;B00000001B;DOS
GN1178412E;06/03/2026;B00000001B;DOS
GN1178280E;06/03/2026;B00000001B;DOS
GN1178857K;06/03/2026;B00000001B;DOS
GN1180005P;06/03/2026;B00000001B;DOS
GN1185392L;06/03/2026;B00000001B;DOS
GN1185424Y;06/03/2026;B00000001B;DOS
GN1185579Z;06/03/2026;B00000001B;DOS
GN1185584E;06/03/2026;B00000001B;DOS
GL0020043B;06/03/2026;B00000006G;DLS
GN1186962W;06/03/2026;B00000001B;DOS
GN1187831H;06/03/2026;B00000001B;DOS
GN1189774R;06/03/2026;B00000001B;DOS
GN1193831B;06/03/2026;B00000001B;DOS
GN1193833D;06/03/2026;B00000001B;DOS
GN1195241D;06/03/2026;B00000001B;DOS
GN1198440N;06/03/2026;B00000001B;DOS
GN1198448Y;06/03/2026;B00000001B;DOS
GN1198467V;06/03/2026;B00000001B;DOS
GN1198476E;06/03/2026;B00000001B;DOS
GN1198527M;06/03/2026;B00000001B;DOS
GN1198558Y;06/03/2026;B00000001B;DOS
GN1198559Z;06/03/2026;B00000001B;DOS
GN1198596R;06/03/2026;B00000001B;DOS
GN1198623X;06/03/2026;B00000001B;DOS
GN1206214Y;06/03/2026;B00000001B;DOS
GN1206235X;06/03/2026;B00000001B;DOS
GN1210192T;06/03/2026;B00000001B;DOS
GN1212210L;06/03/2026;B00000001B;DOS
GN1211999X;06/03/2026;B00000001B;DOS
GN1212643D;06/03/2026;B00000001B;DOS
GN1213512R;06/03/2026;B00000001B;DOS
GN1213530L;06/03/2026;B00000001B;DOS
GN1214042T;06/03/2026;B00000001B;DOS
GN1214061P;06/03/2026;B00000001B;DOS
GN1214064T;06/03/2026;B00000001B;DOS
GN1214470E;06/03/2026;B00000001B;DOS
GN1214545P;06/03/2026;B00000001B;DOS
GN1214549V;06/03/2026;B00000001B;DOS
GN1216147K;06/03/2026;B00000001B;DOS
GN1216175S;06/03/2026;B00000001B;DOS
GN1216181Z;06/03/2026;B00000001B;DOS
GN1216184C;06/03/2026;B00000001B;DOS
GN1216190J;06/03/2026;B00000001B;DOS
GN1216438R;06/03/2026;B00000001B;DOS
GN1216734C;06/03/2026;B00000001B;DOS
GN1216987P;06/03/2026;B00000001B;DOS
GN1222522E;06/03/2026;B00000001B;DOS
GN1237985B;06/03/2026;B00000001B;DOS
GN1238167H;06/03/2026;B00000001B;DOS
GN1238571S;06/03/2026;B00000001B;DOS
GN1238611M;06/03/2026;B00000001B;DOS
GN1238629H;06/03/2026;B00000001B;DOS
GN1238637S;06/03/2026;B00000001B;DOS
GN1238640W;06/03/2026;B00000001B;DOS
GN1238678N;06/03/2026;B00000001B;DOS
GN1238682T;06/03/2026;B00000001B;DOS
GN1238711B;06/03/2026;B00000001B;DOS
GN1238722N;06/03/2026;B00000001B;DOS
GN1238728W;06/03/2026;B00000001B;DOS
GL0015813V;06/03/2026;B00000008J;DMS
GL0015808N;06/03/2026;B00000008J;DMS
GL0015814W;06/03/2026;B00000008J;DMS
GL0015825H;06/03/2026;B00000008J;DMS
GL0015856T;06/03/2026;B00000008J;DMS
GL0015779F;06/03/2026;B00000008J;DMS
GL0015786N;06/03/2026;B00000008J;DMS
GL0015796A;06/03/2026;B00000008J;DMS
GL0015803H;06/03/2026;B00000008J;DMS
GL0015793X;06/03/2026;B00000008J;DMS
GL0015821D;06/03/2026;B00000008J;DMS
GL0015826J;06/03/2026;B00000008J;DMS
GL0018910N;06/03/2026;B00000008J;DMS
GL0018912R;06/03/2026;B00000008J;DMS
GL0018916W;06/03/2026;B00000008J;DMS
GL0360392L;06/03/2026;B00000008J;DMS
GL0363072G;06/03/2026;B00000008J;DMS
GL0405708G;06/03/2026;B00000008J;DMS
GL0497495K;06/03/2026;B00000008J;DMS
GL0363071F;06/03/2026;B00000008J;DMS
GL0015802G;06/03/2026;B00000008J;DMS
GL0015805K;06/03/2026;B00000008J;DMS
GL0015811S;06/03/2026;B00000008J;DMS
GL0015820C;06/03/2026;B00000008J;DMS
GL0015817Z;06/03/2026;B00000008J;DMS
GL0015818A;06/03/2026;B00000008J;DMS
GL0015819B;06/03/2026;B00000008J;DMS
GL0018839H;06/03/2026;B00000008J;DMS
GL0018838G;06/03/2026;B00000008J;DMS
GL0018960W;06/03/2026;B00000008J;DMS
GL0018913S;06/03/2026;B00000008J;DMS
GL0018917X;06/03/2026;B00000008J;DMS
GL0018914T;06/03/2026;B00000008J;DMS
GL0018945D;06/03/2026;B00000008J;DMS
GL0018958T;06/03/2026;B00000008J;DMS
GL0018905H;06/03/2026;B00000008J;DMS
GL0018876A;06/03/2026;B00000008J;DMS
GL0018941Z;06/03/2026;B00000008J;DMS
GL0015785M;06/03/2026;B00000008J;DMS
GL0017956E;06/03/2026;B00000008J;DMS
GL0018922C;06/03/2026;B00000008J;DMS
GL0018923D;06/03/2026;B00000008J;DMS
GL0018925F;06/03/2026;B00000008J;DMS
GL0018950J;06/03/2026;B00000008J;DMS
GL0015809P;06/03/2026;B00000008J;DMS
GL0015822E;06/03/2026;B00000008J;DMS
GL0018908L;06/03/2026;B00000008J;DMS
GL0018901D;06/03/2026;B00000008J;DMS
GL0018906J;06/03/2026;B00000008J;DMS
GL0018903F;06/03/2026;B00000008J;DMS
GL0018840J;06/03/2026;B00000008J;DMS
GL0018823P;06/03/2026;B00000008J;DMS
GL0018824R;06/03/2026;B00000008J;DMS
GL0840187H;06/03/2026;B00000008J;DMS
GL0814770A;06/03/2026;B00000008J;DMS
GL0839289M;06/03/2026;B00000008J;DMS
GL0885479B;06/03/2026;B00000008J;DMS
GL0844265S;06/03/2026;B00000008J;DMS
GL0837445S;06/03/2026;B00000008J;DMS
GL0297175Z;06/03/2026;B00000008J;DMS
GL0232644T;06/03/2026;B00000008J;DMS
GL0344878G;06/03/2026;B00000008J;DMS
GL0345040R;06/03/2026;B00000008J;DMS
GL0360356W;06/03/2026;B00000008J;DMS
GL0013717M;06/03/2026;B00000008J;DMS
GL0880349X;06/03/2026;B00000008J;DMS
GL0901702L;06/03/2026;B00000008J;DMS
GL0930090W;06/03/2026;B00000008J;DMS
GL0974560E;06/03/2026;B00000008J;DMS
GL0987516C;06/03/2026;B00000008J;DMS
GL0995189X;06/03/2026;B00000008J;DMS
GL0997720Y;06/03/2026;B00000008J;DMS
GL0930900R;06/03/2026;B00000008J;DMS
GL1006067H;06/03/2026;B00000008J;DMS
GL1026195F;06/03/2026;B00000008J;DMS
GL1042581B;06/03/2026;B00000008J;DMS
GL1042579Z;06/03/2026;B00000008J;DMS
GL1081396J;06/03/2026;B00000008J;DMS
GL1130588J;06/03/2026;B00000008J;DMS
GL0018949H;06/03/2026;B00000008J;DMS
GL0018951K;06/03/2026;B00000008J;DMS
GL1227977D;06/03/2026;B00000008J;DMS
GL1258198W;06/03/2026;B00000008J;DMS
GL1259633B;06/03/2026;B00000008J;DMS
GL1204655B;06/03/2026;B00000008J;DMS
GL1386298N;06/03/2026;B00000008J;DMS
GL1391627V;06/03/2026;B00000008J;DMS
GL1392913F;06/03/2026;B00000008J;DMS
GL0015782J;06/03/2026;B00000008J;DMS
GL0015797B;06/03/2026;B00000008J;DMS
GL0015798C;06/03/2026;B00000008J;DMS
GL0018825S;06/03/2026;B00000008J;DMS
GL0015783K;06/03/2026;B00000008J;DMS
GL0015784L;06/03/2026;B00000008J;DMS
GL0015791V;06/03/2026;B00000008J;DMS
GL0015788R;06/03/2026;B00000008J;DMS
GL0015789S;06/03/2026;B00000008J;DMS
GL0015790T;06/03/2026;B00000008J;DMS
GL0018826T;06/03/2026;B00000008J;DMS
GL0018828W;06/03/2026;B00000008J;DMS
GL0018831Z;06/03/2026;B00000008J;DMS
GL0018832A;06/03/2026;B00000008J;DMS
GL0018938W;06/03/2026;B00000008J;DMS
GL0015847H;06/03/2026;B00000008J;DMS
GL0015845F;06/03/2026;B00000008J;DMS
GL0015843D;06/03/2026;B00000008J;DMS
GL0015844E;06/03/2026;B00000008J;DMS
GL0015854R;06/03/2026;B00000008J;DMS
GL0015846G;06/03/2026;B00000008J;DMS
GL0015849K;06/03/2026;B00000008J;DMS
GL0015848J;06/03/2026;B00000008J;DMS
GL0015850L;06/03/2026;B00000008J;DMS
GL0015851M;06/03/2026;B00000008J;DMS
GL0015852N;06/03/2026;B00000008J;DMS
GL0015853P;06/03/2026;B00000008J;DMS
GL0015841B;06/03/2026;B00000008J;DMS
GL0015840A;06/03/2026;B00000008J;DMS
GL0015858W;06/03/2026;B00000008J;DMS
GL0018860G;06/03/2026;B00000008J;DMS
GL0015799D;06/03/2026;B00000008J;DMS
GL1392354W;06/03/2026;B00000008J;DMS
GL0366276Y;06/03/2026;B00000008J;DMS
GL1491003X;06/03/2026;B00000008J;DMS
GL0018834C;06/03/2026;B00000008J;DMS
GL0018835D;06/03/2026;B00000008J;DMS
GL0018827V;06/03/2026;B00000008J;DMS
GL0018878C;06/03/2026;B00000008J;DMS
GL0018944C;06/03/2026;B00000008J;DMS
GL0018961X;06/03/2026;B00000008J;DMS
GL0013716L;06/03/2026;B00000008J;DMS
GL0013727Z;06/03/2026;B00000008J;DMS
GL0013728A;06/03/2026;B00000008J;DMS
GL0018930L;06/03/2026;B00000008J;DMS
GL0018943B;06/03/2026;B00000008J;DMS
GL0018947F;06/03/2026;B00000008J;DMS
GL0018929K;06/03/2026;B00000008J;DMS
GL0018931M;06/03/2026;B00000008J;DMS
GL0013711F;06/03/2026;B00000008J;DMS
GL0013732E;06/03/2026;B00000008J;DMS
GL0013722T;06/03/2026;B00000008J;DMS
GL0013719P;06/03/2026;B00000008J;DMS
GL0013726Y;06/03/2026;B00000008J;DMS
GL0018932N;06/03/2026;B00000008J;DMS
GL0018959V;06/03/2026;B00000008J;DMS
GL0018964A;06/03/2026;B00000008J;DMS
GL0018933P;06/03/2026;B00000008J;DMS
GL0018942A;06/03/2026;B00000008J;DMS
GL0015780G;06/03/2026;B00000008J;DMS
GL0015801F;06/03/2026;B00000008J;DMS
GL0015857V;06/03/2026;B00000008J;DMS
GL0015823F;06/03/2026;B00000008J;DMS
GL0015838Y;06/03/2026;B00000008J;DMS
GL0018891S;06/03/2026;B00000008J;DMS
GL0018889P;06/03/2026;B00000008J;DMS
GL0018809Z;06/03/2026;B00000008J;DMS
GL1196396R;06/03/2026;B00000008J;DMS
GL0018805V;06/03/2026;B00000008J;DMS
GL1069580G;06/03/2026;B00000008J;DMS
GL0226766N;06/03/2026;B00000008J;DMS
GL0015806L;06/03/2026;B00000008J;DMS
GL0018920A;06/03/2026;B00000008J;DMS
GL0015815X;06/03/2026;B00000008J;DMS
GL0015800E;06/03/2026;B00000008J;DMS
GL0013712G;06/03/2026;B00000008J;DMS
GL0018806W;06/03/2026;B00000008J;DMS
GL0015833S;06/03/2026;B00000008J;DMS
GL0018852Y;06/03/2026;B00000008J;DMS
GL0018855B;06/03/2026;B00000008J;DMS
GL0013725X;06/03/2026;B00000008J;DMS
GL0018807X;06/03/2026;B00000008J;DMS
GL0432543B;06/03/2026;B00000008J;DMS
GL0444089X;06/03/2026;B00000008J;DMS
GL0496744G;06/03/2026;B00000008J;DMS
GL0556253F;06/03/2026;B00000008J;DMS
GL0605080R;06/03/2026;B00000008J;DMS
GL0593387D;06/03/2026;B00000008J;DMS
GL0583338J;06/03/2026;B00000008J;DMS
GL0556244W;06/03/2026;B00000008J;DMS
GL0634364T;06/03/2026;B00000008J;DMS
GL0721065S;06/03/2026;B00000008J;DMS
GL0747304J;06/03/2026;B00000008J;DMS
GL0736798W;06/03/2026;B00000008J;DMS
GL0721063P;06/03/2026;B00000008J;DMS
GL0762137P;06/03/2026;B00000008J;DMS
GL1196387F;06/03/2026;B00000008J;DMS
GL0018856C;06/03/2026;B00000008J;DMS
GL0018857D;06/03/2026;B00000008J;DMS
GL0018851X;06/03/2026;B00000008J;DMS
GL0018853Z;06/03/2026;B00000008J;DMS
GL0018854A;06/03/2026;B00000008J;DMS
GL0018962Y;06/03/2026;B00000008J;DMS
GL0018963Z;06/03/2026;B00000008J;DMS
GL0018953M;06/03/2026;B00000008J;DMS
GL0018934R;06/03/2026;B00000008J;DMS
GL0018954N;06/03/2026;B00000008J;DMS
GL0018935S;06/03/2026;B00000008J;DMS
GL0018936T;06/03/2026;B00000008J;DMS
GL0018937V;06/03/2026;B00000008J;DMS
GL0018842L;06/03/2026;B00000008J;DMS
GL0018952L;06/03/2026;B00000008J;DMS
GL0018919Z;06/03/2026;B00000008J;DMS
GL0018918Y;06/03/2026;B00000008J;DMS
GL0018928J;06/03/2026;B00000008J;DMS
GL0018927H;06/03/2026;B00000008J;DMS
GL0018921B;06/03/2026;B00000008J;DMS
GL0013731D;06/03/2026;B00000008J;DMS
GL0231904C;06/03/2026;B00000008J;DMS
GL0018808Y;06/03/2026;B00000008J;DMS
GL0015824G;06/03/2026;B00000008J;DMS
GL0018877B;06/03/2026;B00000008J;DMS
GL0015828L;06/03/2026;B00000008J;DMS
GL0018859F;06/03/2026;B00000008J;DMS
GL0015835V;06/03/2026;B00000008J;DMS
GL0015837X;06/03/2026;B00000008J;DMS
GL0229065B;06/03/2026;B00000008J;DMS
GL0229067D;06/03/2026;B00000008J;DMS
GL0229066C;06/03/2026;B00000008J;DMS
GL0297159F;06/03/2026;B00000008J;DMS
GL0296381X;06/03/2026;B00000008J;DMS
GL0229071H;06/03/2026;B00000008J;DMS
GL0297180E;06/03/2026;B00000008J;DMS
GL0229070G;06/03/2026;B00000008J;DMS
GN1265694N;06/03/2026;B00000001B;DOS
GL0013715K;06/03/2026;B00000008J;DMS
GL0402741K;06/03/2026;B00000008J;DMS
GL0402802E;06/03/2026;B00000008J;DMS
GL0402817X;06/03/2026;B00000008J;DMS
GL0402443X;06/03/2026;B00000008J;DMS
GL0402461S;06/03/2026;B00000008J;DMS
GL0402475H;06/03/2026;B00000008J;DMS
GL0403496T;06/03/2026;B00000008J;DMS
GL0577496W;06/03/2026;B00000008J;DMS
GL0228912C;06/03/2026;B00000008J;DMS
GL0228911B;06/03/2026;B00000008J;DMS
GL0018820L;06/03/2026;B00000008J;DMS
GN1290662L;06/03/2026;B00000001B;DOS
GN1341131M;06/03/2026;B00000001B;DOS
GN1341137V;06/03/2026;B00000001B;DOS
GN1349924E;06/03/2026;B00000001B;DOS
GN1349928J;06/03/2026;B00000001B;DOS
GL0013581H;06/03/2026;B00000005F;DNA
GN1357038N;06/03/2026;B00000001B;DOS
GL0316187D;06/03/2026;B00000005F;DNA
GN1386835Z;06/03/2026;B00000001B;DOS
GL1354870A;06/03/2026;B00000005F;DNA
GL1354857K;06/03/2026;B00000005F;DNA
GL1354861P;06/03/2026;B00000005F;DNA
GL1354848A;06/03/2026;B00000005F;DNA
GL1354823X;06/03/2026;B00000005F;DNA
GL1367892Y;06/03/2026;B00000007H;DEW
GL1367908R;06/03/2026;B00000007H;DEW
GL1368036L;06/03/2026;B00000007H;DEW
GL1367836J;06/03/2026;B00000007H;DEW
GL1368028C;06/03/2026;B00000007H;DEW
GL1367819P;06/03/2026;B00000007H;DEW
GL1367890W;06/03/2026;B00000007H;DEW
GL1367964E;06/03/2026;B00000007H;DEW
GL1367965F;06/03/2026;B00000007H;DEW
GL1367894A;06/03/2026;B00000007H;DEW
GL1367898E;06/03/2026;B00000007H;DEW
GL1367900G;06/03/2026;B00000007H;DEW
GL1367902J;06/03/2026;B00000007H;DEW
GL1367906N;06/03/2026;B00000007H;DEW
GL1367913X;06/03/2026;B00000007H;DEW
GL1368054G;06/03/2026;B00000007H;DEW
GL1368056J;06/03/2026;B00000007H;DEW
GL1367931S;06/03/2026;B00000007H;DEW
GL1367952R;06/03/2026;B00000007H;DEW
GL1367933V;06/03/2026;B00000007H;DEW
GL1367934W;06/03/2026;B00000007H;DEW
GL1367943F;06/03/2026;B00000007H;DEW
GL1367945H;06/03/2026;B00000007H;DEW
GL1367926L;06/03/2026;B00000007H;DEW
GL1367928N;06/03/2026;B00000007H;DEW
GL1367936Y;06/03/2026;B00000007H;DEW
GL1367937Z;06/03/2026;B00000007H;DEW
GL1367938A;06/03/2026;B00000007H;DEW
GL1367940C;06/03/2026;B00000007H;DEW
GL1367941D;06/03/2026;B00000007H;DEW
GL1367947K;06/03/2026;B00000007H;DEW
GL1368034J;06/03/2026;B00000007H;DEW
GL1354696C;06/03/2026;B00000005F;DNA
GL1354755V;06/03/2026;B00000005F;DNA
GL1354664R;06/03/2026;B00000005F;DNA
GL1354805B;06/03/2026;B00000005F;DNA
GN1438662T;06/03/2026;B00000001B;DOS
GN1447898N;06/03/2026;B00000001B;DOS
GL0021036E;06/03/2026;B00000006G;DLS
GN1535807K;06/03/2026;B00000001B;DOS
GN1535825F;06/03/2026;B00000001B;DOS
GN1535840Y;06/03/2026;B00000001B;DOS
GN1535852L;06/03/2026;B00000001B;DOS
GN1535878R;06/03/2026;B00000001B;DOS
GN1535884Y;06/03/2026;B00000001B;DOS
GN1535885Z;06/03/2026;B00000001B;DOS
GN1535887B;06/03/2026;B00000001B;DOS
GN1535889D;06/03/2026;B00000001B;DOS
GN1535891F;06/03/2026;B00000001B;DOS
GN1535904W;06/03/2026;B00000001B;DOS
GN1536122T;06/03/2026;B00000001B;DOS
GN1536129B;06/03/2026;B00000001B;DOS
GN1536131D;06/03/2026;B00000001B;DOS
GN1536137K;06/03/2026;B00000001B;DOS
GN1536138L;06/03/2026;B00000001B;DOS
GN1536143S;06/03/2026;B00000001B;DOS
GN1536144T;06/03/2026;B00000001B;DOS
GN1079043K;06/03/2026;B00000001B;DOS
GN1536616E;06/03/2026;B00000001B;DOS
GN1537337Z;06/03/2026;B00000001B;DOS
GN1537360A;06/03/2026;B00000001B;DOS
GN1542320L;06/03/2026;B00000001B;DOS
GN1542495K;06/03/2026;B00000001B;DOS
GN1542722T;06/03/2026;B00000001B;DOS
GN1543641M;06/03/2026;B00000001B;DOS
GN1543650Y;06/03/2026;B00000001B;DOS
GN1543816L;06/03/2026;B00000001B;DOS
GN1543856G;06/03/2026;B00000001B;DOS
GN1543859K;06/03/2026;B00000001B;DOS
GN1544353X;06/03/2026;B00000001B;DOS
GN1544583H;06/03/2026;B00000001B;DOS
GN1544586L;06/03/2026;B00000001B;DOS
GN1544632N;06/03/2026;B00000001B;DOS
GN1544823F;06/03/2026;B00000001B;DOS
GN1544826J;06/03/2026;B00000001B;DOS
GN1544850L;06/03/2026;B00000001B;DOS
GN1545505F;06/03/2026;B00000001B;DOS
GN1545512N;06/03/2026;B00000001B;DOS
GN1545514R;06/03/2026;B00000001B;DOS
GN1545520Y;06/03/2026;B00000001B;DOS
GN1545572G;06/03/2026;B00000001B;DOS
GN1546062N;06/03/2026;B00000001B;DOS
GL0788493P;06/03/2026;B00000008J;DMS
GN1547090G;06/03/2026;B00000001B;DOS
GN1547609X;06/03/2026;B00000001B;DOS
GN1547658C;06/03/2026;B00000001B;DOS
GN1547688L;06/03/2026;B00000001B;DOS
GN1547919Z;06/03/2026;B00000001B;DOS
GN1548536A;06/03/2026;B00000001B;DOS
GN1548542G;06/03/2026;B00000001B;DOS
GN1548558A;06/03/2026;B00000001B;DOS
GN1548667Z;06/03/2026;B00000001B;DOS
GN1548698J;06/03/2026;B00000001B;DOS
GN1548699K;06/03/2026;B00000001B;DOS
GN1548921M;06/03/2026;B00000001B;DOS
GN1549057S;06/03/2026;B00000001B;DOS
GN1549094J;06/03/2026;B00000001B;DOS
GN1549148W;06/03/2026;B00000001B;DOS
GN1549180G;06/03/2026;B00000001B;DOS
GL1394648C;06/03/2026;B00000004E;DCW
GN0350243D;06/03/2026;B00000001B;DOS
GN0443435D;06/03/2026;B00000001B;DOS
GN0443480E;06/03/2026;B00000001B;DOS
GN0443481F;06/03/2026;B00000001B;DOS
GN0443645S;06/03/2026;B00000001B;DOS
GN0443659H;06/03/2026;B00000001B;DOS
GN0443734T;06/03/2026;B00000001B;DOS
GN0677933D;06/03/2026;B00000001B;DOS
GN0677938J;06/03/2026;B00000001B;DOS
GN0677952A;06/03/2026;B00000001B;DOS
GN0677969V;06/03/2026;B00000001B;DOS
GN0678040A;06/03/2026;B00000001B;DOS
GN0678045F;06/03/2026;B00000001B;DOS
GN0678061Z;06/03/2026;B00000001B;DOS
GN0845481Z;06/03/2026;B00000001B;DOS
GN0860561K;06/03/2026;B00000001B;DOS
GN1014385K;06/03/2026;B00000001B;DOS
GN1014389P;06/03/2026;B00000001B;DOS
GN1014398A;06/03/2026;B00000001B;DOS
GN1014402E;06/03/2026;B00000001B;DOS
GN1014565P;06/03/2026;B00000001B;DOS
GN1020758C;06/03/2026;B00000001B;DOS
GN1020761F;06/03/2026;B00000001B;DOS
GN1028285F;06/03/2026;B00000001B;DOS
GN1036840C;06/03/2026;B00000001B;DOS
GN1036851P;06/03/2026;B00000001B;DOS
GN1038397X;06/03/2026;B00000001B;DOS
GN1182134J;06/03/2026;B00000001B;DOS
GN1192468C;06/03/2026;B00000001B;DOS
GN1192475K;06/03/2026;B00000001B;DOS
GN1192491D;06/03/2026;B00000001B;DOS
GN1192493F;06/03/2026;B00000001B;DOS
GN1197551D;06/03/2026;B00000001B;DOS
GN1197739S;06/03/2026;B00000001B;DOS
GN1198739D;06/03/2026;B00000001B;DOS
GN1199504Y;06/03/2026;B00000001B;DOS
GN1201848L;06/03/2026;B00000001B;DOS
GN1210792A;06/03/2026;B00000001B;DOS
GN1212862C;06/03/2026;B00000001B;DOS
GN1212883B;06/03/2026;B00000001B;DOS
GN1215219F;06/03/2026;B00000001B;DOS
GN1215339S;06/03/2026;B00000001B;DOS
GN1222535V;06/03/2026;B00000001B;DOS
GN1238166G;06/03/2026;B00000001B;DOS
GL1402083B;06/03/2026;B00000005F;DNA
GN1380302A;06/03/2026;B00000001B;DOS
GN1380307F;06/03/2026;B00000001B;DOS
GN1380309H;06/03/2026;B00000001B;DOS
GN1380333K;06/03/2026;B00000001B;DOS
GN1380340T;06/03/2026;B00000001B;DOS
GN1380365X;06/03/2026;B00000001B;DOS
GN1380374G;06/03/2026;B00000001B;DOS
GN1447982J;06/03/2026;B00000001B;DOS
GN1549888L;06/03/2026;B00000001B;DOS
GN1549892R;06/03/2026;B00000001B;DOS
GN1550084J;06/03/2026;B00000001B;DOS
GN1550156R;06/03/2026;B00000001B;DOS
GN1550163Z;06/03/2026;B00000001B;DOS
GN1550168E;06/03/2026;B00000001B;DOS
GN1550345F;06/03/2026;B00000001B;DOS
GN1551090C;06/03/2026;B00000001B;DOS
GN1551100N;06/03/2026;B00000001B;DOS
GN1551129X;06/03/2026;B00000001B;DOS
GN1551884E;06/03/2026;B00000001B;DOS
GN1551893P;06/03/2026;B00000001B;DOS
GN0917688C;06/03/2026;B00000001B;DOS
GN1552216G;06/03/2026;B00000001B;DOS
GN1552218J;06/03/2026;B00000001B;DOS
GN1552219K;06/03/2026;B00000001B;DOS
GN1552221M;06/03/2026;B00000001B;DOS
GN1552222N;06/03/2026;B00000001B;DOS
GN1552227V;06/03/2026;B00000001B;DOS
GN1552250W;06/03/2026;B00000001B;DOS
GN1552393H;06/03/2026;B00000001B;DOS
GN1552416J;06/03/2026;B00000001B;DOS
GN1552784C;06/03/2026;B00000001B;DOS
GN1552786E;06/03/2026;B00000001B;DOS
GN1552896E;06/03/2026;B00000001B;DOS
GN1553012L;06/03/2026;B00000001B;DOS
GN1553015P;06/03/2026;B00000001B;DOS
GN1553022Y;06/03/2026;B00000001B;DOS
GN1553032J;06/03/2026;B00000001B;DOS
GN1553051F;06/03/2026;B00000001B;DOS
GN1553075H;06/03/2026;B00000001B;DOS
GN1554892Y;06/03/2026;B00000001B;DOS
GN1554915Z;06/03/2026;B00000001B;DOS
GN1554918C;06/03/2026;B00000001B;DOS
GN1554925K;06/03/2026;B00000001B;DOS
GN1555096E;06/03/2026;B00000001B;DOS
GN1555115B;06/03/2026;B00000001B;DOS
GN1556189X;06/03/2026;B00000001B;DOS
GN1556202L;06/03/2026;B00000001B;DOS
GN1556272R;06/03/2026;B00000001B;DOS
GN1556554L;06/03/2026;B00000001B;DOS
GN1556584W;06/03/2026;B00000001B;DOS
GN1556680E;06/03/2026;B00000001B;DOS
GN1556699B;06/03/2026;B00000001B;DOS
GN1556702E;06/03/2026;B00000001B;DOS
GN1556709M;06/03/2026;B00000001B;DOS
GN1556745D;06/03/2026;B00000001B;DOS
GN1557757D;06/03/2026;B00000001B;DOS
GN1557759F;06/03/2026;B00000001B;DOS
GN1558044E;06/03/2026;B00000001B;DOS
GN1558048J;06/03/2026;B00000001B;DOS
GL0440664E;06/03/2026;B00000005F;DNA
GN1432696N;06/03/2026;B00000001B;DOS
GN1559542G;06/03/2026;B00000001B;DOS
GN1559811M;06/03/2026;B00000001B;DOS
GN1559990R;06/03/2026;B00000001B;DOS
GN1560114G;06/03/2026;B00000001B;DOS
GN1560131B;06/03/2026;B00000001B;DOS
GN1560138J;06/03/2026;B00000001B;DOS
GN1560160J;06/03/2026;B00000001B;DOS
GN1560163M;06/03/2026;B00000001B;DOS
GN1560966A;06/03/2026;B00000001B;DOS
GN1561022N;06/03/2026;B00000001B;DOS
GN1561102E;06/03/2026;B00000001B;DOS
GN1561199P;06/03/2026;B00000001B;DOS
GN1561209B;06/03/2026;B00000001B;DOS
GN1561215H;06/03/2026;B00000001B;DOS
GN1561239K;06/03/2026;B00000001B;DOS
GN1561247V;06/03/2026;B00000001B;DOS
GN1561360Y;06/03/2026;B00000001B;DOS
GN1561472A;06/03/2026;B00000001B;DOS
GN1562789X;06/03/2026;B00000001B;DOS
GN1562791Z;06/03/2026;B00000001B;DOS
GN1562796E;06/03/2026;B00000001B;DOS
GL0039027Z;06/03/2026;B00000002C;DRW
GL0524657B;06/03/2026;B00000008J;DMS
GN0692505M;06/03/2026;B00000001B;DOS
GN0849675P;06/03/2026;B00000001B;DOS
GN0856756L;06/03/2026;B00000001B;DOS
GN0857365D;06/03/2026;B00000001B;DOS
GL1464513V;06/03/2026;B00000007H;DEW
GL0863119S;06/03/2026;B00000007H;DEW
GL0919621Z;06/03/2026;B00000007H;DEW
GL0861695Z;06/03/2026;B00000007H;DEW
GL0861719B;06/03/2026;B00000007H;DEW
GL0861712T;06/03/2026;B00000007H;DEW
GL0861716Y;06/03/2026;B00000007H;DEW
GL0861724G;06/03/2026;B00000007H;DEW
GL0861735V;06/03/2026;B00000007H;DEW
GL0861732R;06/03/2026;B00000007H;DEW
GL0861703H;06/03/2026;B00000007H;DEW
GN0872643P;06/03/2026;B00000001B;DOS
GN0885640J;06/03/2026;B00000001B;DOS
GN0885649V;06/03/2026;B00000001B;DOS
GN0887973K;06/03/2026;B00000001B;DOS
GN1025898T;06/03/2026;B00000001B;DOS
GN1033304J;06/03/2026;B00000001B;DOS
GN1198699H;06/03/2026;B00000001B;DOS
GN1198756Y;06/03/2026;B00000001B;DOS
GN1217639F;06/03/2026;B00000001B;DOS
GN1222051V;06/03/2026;B00000001B;DOS
GL0019928W;06/03/2026;B00000006G;DLS
GN1381616T;06/03/2026;B00000001B;DOS
GL0020713M;06/03/2026;B00000006G;DLS
GN1563532R;06/03/2026;B00000001B;DOS
GN1563538Y;06/03/2026;B00000001B;DOS
GN1564206G;06/03/2026;B00000001B;DOS
GN1564863D;06/03/2026;B00000001B;DOS
GN1564936L;06/03/2026;B00000001B;DOS
GN1564940R;06/03/2026;B00000001B;DOS
GN1565230W;06/03/2026;B00000001B;DOS
GN1565235B;06/03/2026;B00000001B;DOS
GN1565277Z;06/03/2026;B00000001B;DOS
GN1566860Y;06/03/2026;B00000001B;DOS
GN1545507H;06/03/2026;B00000001B;DOS
GN1545556N;06/03/2026;B00000001B;DOS
GL1367910T;06/03/2026;B00000007H;DEW
GN1569013V;06/03/2026;B00000001B;DOS
GN1569129B;06/03/2026;B00000001B;DOS
GN1569157H;06/03/2026;B00000001B;DOS
GN1569169X;06/03/2026;B00000001B;DOS
GN1569176E;06/03/2026;B00000001B;DOS
GN1569349B;06/03/2026;B00000001B;DOS
GN1571741V;06/03/2026;B00000001B;DOS
GN1572151K;06/03/2026;B00000001B;DOS
GN1572170G;06/03/2026;B00000001B;DOS
GN1572913B;06/03/2026;B00000001B;DOS
GN1572994T;06/03/2026;B00000001B;DOS
GN1573039V;06/03/2026;B00000001B;DOS
GN1573044A;06/03/2026;B00000001B;DOS
GN1573047D;06/03/2026;B00000001B;DOS
GN1079069P;06/03/2026;B00000001B;DOS
GN1573114E;06/03/2026;B00000001B;DOS
GN1573230L;06/03/2026;B00000001B;DOS
GN1573301S;06/03/2026;B00000001B;DOS
GN1573302T;06/03/2026;B00000001B;DOS
GN1573322R;06/03/2026;B00000001B;DOS
GN1573323S;06/03/2026;B00000001B;DOS
GN1573334E;06/03/2026;B00000001B;DOS
GN1573352A;06/03/2026;B00000001B;DOS
GN1573376C;06/03/2026;B00000001B;DOS
GN1573514J;06/03/2026;B00000001B;DOS
GN1573521S;06/03/2026;B00000001B;DOS
GN1573532E;06/03/2026;B00000001B;DOS
GN1574478E;06/03/2026;B00000001B;DOS
GN1369236A;06/03/2026;B00000001B;DOS
GN1547760T;06/03/2026;B00000001B;DOS
GL0023345D;06/03/2026;B00000002C;DRW
GL0048223Z;06/03/2026;B00000006G;DLS
GN0222659X;06/03/2026;B00000001B;DOS
GN0557053P;06/03/2026;B00000001B;DOS
GN0694551M;06/03/2026;B00000001B;DOS
GN0697845F;06/03/2026;B00000001B;DOS
GN0704322R;06/03/2026;B00000001B;DOS
GN0704325V;06/03/2026;B00000001B;DOS
GN0706461X;06/03/2026;B00000001B;DOS
GN0767400W;06/03/2026;B00000001B;DOS
GL0497586N;06/03/2026;B00000003D;DSW
GN0873294E;06/03/2026;B00000001B;DOS
GN0876519V;06/03/2026;B00000001B;DOS
GN0878186N;06/03/2026;B00000001B;DOS
GN0879204W;06/03/2026;B00000001B;DOS
GN0932220R;06/03/2026;B00000001B;DOS
GN1033953X;06/03/2026;B00000001B;DOS
GN1033981D;06/03/2026;B00000001B;DOS
GN1039171B;06/03/2026;B00000001B;DOS
GN1039221H;06/03/2026;B00000001B;DOS
GN1039224L;06/03/2026;B00000001B;DOS
GN1049961M;06/03/2026;B00000001B;DOS
GL0231662C;06/03/2026;B00000006G;DLS
GN1163980E;06/03/2026;B00000001B;DOS
GL1056853V;06/03/2026;B00000002C;DRW
GN1207122E;06/03/2026;B00000001B;DOS
GN1207123F;06/03/2026;B00000001B;DOS
GN1213856G;06/03/2026;B00000001B;DOS
GN1217021D;06/03/2026;B00000001B;DOS
GN1217025H;06/03/2026;B00000001B;DOS
GN1217036W;06/03/2026;B00000001B;DOS
GN1221295K;06/03/2026;B00000001B;DOS
GN1226403P;06/03/2026;B00000001B;DOS
GN1226657D;06/03/2026;B00000001B;DOS
GN1226683H;06/03/2026;B00000001B;DOS
GN1230932L;06/03/2026;B00000001B;DOS
GN1231583B;06/03/2026;B00000001B;DOS
GL0015842C;06/03/2026;B00000008J;DMS
GL0018833B;06/03/2026;B00000008J;DMS
GL0018907K;06/03/2026;B00000008J;DMS
GL0296368G;06/03/2026;B00000008J;DMS
GL0296370J;06/03/2026;B00000008J;DMS
GL0296372L;06/03/2026;B00000008J;DMS
GN1270987D;06/03/2026;B00000001B;DOS
GN1276255P;06/03/2026;B00000001B;DOS
GL0086607S;06/03/2026;B00000008J;DMS
GN1346668E;06/03/2026;B00000001B;DOS
GN1395572C;06/03/2026;B00000001B;DOS
GL0013280R;06/03/2026;B00000008J;DMS
GL0030378W;06/03/2026;B00000005F;DNA
GN1445262T;06/03/2026;B00000001B;DOS
GN1449542G;06/03/2026;B00000001B;DOS
GN1455540Y;06/03/2026;B00000001B;DOS
GN1455546E;06/03/2026;B00000001B;DOS
GN1577475K;06/03/2026;B00000001B;DOS
GN1577529X;06/03/2026;B00000001B;DOS
GN1577649H;06/03/2026;B00000001B;DOS
GL1071160C;06/03/2026;B00000006G;DLS
GL1072038A;06/03/2026;B00000006G;DLS
GN1581116Y;06/03/2026;B00000001B;DOS
GN1581141B;06/03/2026;B00000001B;DOS
GN1581418R;06/03/2026;B00000001B;DOS
GN1582233S;06/03/2026;B00000001B;DOS
GN1582349Z;06/03/2026;B00000001B;DOS
GN1582351B;06/03/2026;B00000001B;DOS
GN1582668L;06/03/2026;B00000001B;DOS
GN1584163K;06/03/2026;B00000001B;DOS
GN1584182G;06/03/2026;B00000001B;DOS
GN1584735K;06/03/2026;B00000001B;DOS
GN1587673Z;06/03/2026;B00000001B;DOS
GN1588014L;06/03/2026;B00000001B;DOS
GN1588554A;06/03/2026;B00000001B;DOS
GN1589571F;06/03/2026;B00000001B;DOS
GL0013592W;06/03/2026;B00000005F;DNA
GL0028203Z;06/03/2026;B00000005F;DNA
GN0067174J;06/03/2026;B00000001B;DOS
GL0065147F;06/03/2026;B00000005F;DNA
GL0220876W;06/03/2026;B00000006G;DLS
GL0028208E;06/03/2026;B00000005F;DNA
GN0407483Z;06/03/2026;B00000001B;DOS
GL0347116A;06/03/2026;B00000005F;DNA
GL0228942L;06/03/2026;B00000005F;DNA
GL0220319M;06/03/2026;B00000005F;DNA
GN0560710W;06/03/2026;B00000001B;DOS
GN0564339V;06/03/2026;B00000001B;DOS
GN0564320Y;06/03/2026;B00000001B;DOS
GL0056570J;06/03/2026;B00000003D;DSW
GN0719042T;06/03/2026;B00000001B;DOS
GN0719683X;06/03/2026;B00000001B;DOS
GN0719693H;06/03/2026;B00000001B;DOS
GN0887788A;06/03/2026;B00000001B;DOS
GN0890983F;06/03/2026;B00000001B;DOS
GN0890995V;06/03/2026;B00000001B;DOS
GN1008324Y;06/03/2026;B00000001B;DOS
GN1060912G;06/03/2026;B00000001B;DOS
GN1070774N;06/03/2026;B00000001B;DOS
GN1202941D;06/03/2026;B00000001B;DOS
GN1202950N;06/03/2026;B00000001B;DOS
GN1236054G;06/03/2026;B00000001B;DOS
GN1236141F;06/03/2026;B00000001B;DOS
GN1242604A;06/03/2026;B00000001B;DOS
GN1242609F;06/03/2026;B00000001B;DOS
GN1242612J;06/03/2026;B00000001B;DOS
GN1242635K;06/03/2026;B00000001B;DOS
GN1242637M;06/03/2026;B00000001B;DOS
GN1242648A;06/03/2026;B00000001B;DOS
GN1242652E;06/03/2026;B00000001B;DOS
GN1245763P;06/03/2026;B00000001B;DOS
GN1245800G;06/03/2026;B00000001B;DOS
GN1250196C;06/03/2026;B00000001B;DOS
GN1250256W;06/03/2026;B00000001B;DOS
GN1256083S;06/03/2026;B00000001B;DOS
GN1261102W;06/03/2026;B00000001B;DOS
GN1269293D;06/03/2026;B00000001B;DOS
GN1284874J;06/03/2026;B00000001B;DOS
GN1307245F;06/03/2026;B00000001B;DOS
GN1340725B;06/03/2026;B00000001B;DOS
GN1381679P;06/03/2026;B00000001B;DOS
GN1395557K;06/03/2026;B00000001B;DOS
GN1400180N;06/03/2026;B00000001B;DOS
GN1437786Y;06/03/2026;B00000001B;DOS
GN1452136E;06/03/2026;B00000001B;DOS
GL0023398N;06/03/2026;B00000002C;DRW
GN1569501Z;06/03/2026;B00000001B;DOS
GN1591306C;06/03/2026;B00000001B;DOS
GN1591335K;06/03/2026;B00000001B;DOS
GN1591338N;06/03/2026;B00000001B;DOS
GN1591341S;06/03/2026;B00000001B;DOS
GN1591354G;06/03/2026;B00000001B;DOS
GN1591356J;06/03/2026;B00000001B;DOS
GN1591366W;06/03/2026;B00000001B;DOS
GN1591370A;06/03/2026;B00000001B;DOS
GN1591376G;06/03/2026;B00000001B;DOS
GN1592151M;06/03/2026;B00000001B;DOS
GN1592319D;06/03/2026;B00000001B;DOS
GN1592977B;06/03/2026;B00000001B;DOS
GN1592978C;06/03/2026;B00000001B;DOS
GN1593043B;06/03/2026;B00000001B;DOS
GN1594536Y;06/03/2026;B00000001B;DOS
GN1595323S;06/03/2026;B00000001B;DOS
GN1598073S;06/03/2026;B00000001B;DOS
GN1598089K;06/03/2026;B00000001B;DOS
GN1598092N;06/03/2026;B00000001B;DOS
GN1598098W;06/03/2026;B00000001B;DOS
GN1598102A;06/03/2026;B00000001B;DOS
GN1598397K;06/03/2026;B00000001B;DOS
GN1598399M;06/03/2026;B00000001B;DOS
GN1598410A;06/03/2026;B00000001B;DOS
GN1573033M;06/03/2026;B00000001B;DOS
GN1600569D;06/03/2026;B00000001B;DOS
GN1600694W;06/03/2026;B00000001B;DOS
GN1600730L;06/03/2026;B00000001B;DOS
GN1600734R;06/03/2026;B00000001B;DOS
GN1600876C;06/03/2026;B00000001B;DOS
GN1600880G;06/03/2026;B00000001B;DOS
GN1600884L;06/03/2026;B00000001B;DOS
GN1601971X;06/03/2026;B00000001B;DOS
GN1603670C;06/03/2026;B00000001B;DOS
GN1603947S;06/03/2026;B00000001B;DOS
GN1603978C;06/03/2026;B00000001B;DOS
GL1367914Y;06/03/2026;B00000007H;DEW
GL1367917B;06/03/2026;B00000007H;DEW
GL0065042L;06/03/2026;B00000006G;DLS
GN0453376A;06/03/2026;B00000001B;DOS
GN0585451K;06/03/2026;B00000001B;DOS
GN0735071H;06/03/2026;B00000001B;DOS
GN0735865K;06/03/2026;B00000001B;DOS
GN0746534J;06/03/2026;B00000001B;DOS
GN0750885D;06/03/2026;B00000001B;DOS
GN0778481M;06/03/2026;B00000001B;DOS
GN0778577X;06/03/2026;B00000001B;DOS
GN0931331F;06/03/2026;B00000001B;DOS
GN1085911P;06/03/2026;B00000001B;DOS
GN1085888N;06/03/2026;B00000001B;DOS
GN1086826E;06/03/2026;B00000001B;DOS
GN1214825H;06/03/2026;B00000001B;DOS
GN1244252Y;06/03/2026;B00000001B;DOS
GN1250099S;06/03/2026;B00000001B;DOS
GN1255094T;06/03/2026;B00000001B;DOS
GN1282251D;06/03/2026;B00000001B;DOS
GN1284880R;06/03/2026;B00000001B;DOS
GN1400157M;06/03/2026;B00000001B;DOS
GN1437797K;06/03/2026;B00000001B;DOS
GN1450205K;06/03/2026;B00000001B;DOS
GN1452270G;06/03/2026;B00000001B;DOS
GN1452274L;06/03/2026;B00000001B;DOS
GN1452398C;06/03/2026;B00000001B;DOS
GN1456478N;06/03/2026;B00000001B;DOS
GL1440264N;06/03/2026;B00000007H;DEW
GN1604898Y;06/03/2026;B00000001B;DOS
GN1604901B;06/03/2026;B00000001B;DOS
GN1605336W;06/03/2026;B00000001B;DOS
GN1606119K;06/03/2026;B00000001B;DOS
GN0081162E;06/03/2026;B00000001B;DOS
GN1608994C;06/03/2026;B00000001B;DOS
GN1610927Z;06/03/2026;B00000001B;DOS
GN1611312L;06/03/2026;B00000001B;DOS
GN1611366Y;06/03/2026;B00000001B;DOS
GN1611369B;06/03/2026;B00000001B;DOS
GN1611395F;06/03/2026;B00000001B;DOS
GN1611399K;06/03/2026;B00000001B;DOS
GN1611594G;06/03/2026;B00000001B;DOS
GN1611670T;06/03/2026;B00000001B;DOS
GN1611753M;06/03/2026;B00000001B;DOS
GL0013713H;06/03/2026;B00000008J;DMS
GN1604686G;06/03/2026;B00000001B;DOS
GN1604689K;06/03/2026;B00000001B;DOS
GN1605604A;06/03/2026;B00000001B;DOS
GN1605605B;06/03/2026;B00000001B;DOS
GN1605606C;06/03/2026;B00000001B;DOS
GN1605609F;06/03/2026;B00000001B;DOS
GN1605610G;06/03/2026;B00000001B;DOS
GN1605611H;06/03/2026;B00000001B;DOS
GN1605612J;06/03/2026;B00000001B;DOS
GN1605613K;06/03/2026;B00000001B;DOS
GN1605615M;06/03/2026;B00000001B;DOS
GN1605616N;06/03/2026;B00000001B;DOS
GN1605618R;06/03/2026;B00000001B;DOS
GN1612877P;06/03/2026;B00000001B;DOS
GN1612960J;06/03/2026;B00000001B;DOS
GN1613542W;06/03/2026;B00000001B;DOS
GN1614384C;06/03/2026;B00000001B;DOS
GN1615577H;06/03/2026;B00000001B;DOS
GN1617278R;06/03/2026;B00000001B;DOS
GN1617427K;06/03/2026;B00000001B;DOS
GN1617610T;06/03/2026;B00000001B;DOS
GN1618418L;06/03/2026;B00000001B;DOS
GN1618476C;06/03/2026;B00000001B;DOS
GN1618783B;06/03/2026;B00000001B;DOS
GN1619069B;06/03/2026;B00000001B;DOS
GN1617279S;06/03/2026;B00000001B;DOS
GL1601927X;06/03/2026;B00000005F;DNA
GL1565426T;06/03/2026;B00000003D;DSW
GL0059367M;06/03/2026;B00000003D;DSW
GL0029436A;06/03/2026;B00000005F;DNA
GL0030249Z;06/03/2026;B00000004E;DCW
GL0004644C;06/03/2026;B00000008J;DMS
GL0004009F;06/03/2026;B00000008J;DMS
GL0004013K;06/03/2026;B00000008J;DMS
GL0004011H;06/03/2026;B00000008J;DMS
GL0002386L;06/03/2026;B00000008J;DMS
GL0009382L;06/03/2026;B00000007H;DEW
GL0038615F;06/03/2026;B00000003D;DSW
GL0032112R;06/03/2026;B00000003D;DSW
GL0036924J;06/03/2026;B00000003D;DSW
GL0029419F;06/03/2026;B00000005F;DNA
GL0029434Y;06/03/2026;B00000005F;DNA
GL0012948N;06/03/2026;B00000008J;DMS
GL0036941D;06/03/2026;B00000003D;DSW
GL0030393M;06/03/2026;B00000005F;DNA
GL0044168R;06/03/2026;B00000002C;DRW
GL0029435Z;06/03/2026;B00000005F;DNA
GN1583521F;06/03/2026;B00000001B;DOS
GN1583505M;06/03/2026;B00000001B;DOS
GN1583478G;06/03/2026;B00000001B;DOS
GL0018106A;06/03/2026;B00000008J;DMS
GL0019811M;06/03/2026;B00000006G;DLS
GL0027304C;06/03/2026;B00000005F;DNA
GL0027298W;06/03/2026;B00000005F;DNA
GL0019824C;06/03/2026;B00000006G;DLS
GL0013284W;06/03/2026;B00000008J;DMS
GN0223458E;06/03/2026;B00000001B;DOS
GL0028052C;06/03/2026;B00000004E;DCW
GN0293784W;06/03/2026;B00000001B;DOS
GL0232818R;06/03/2026;B00000004E;DCW
GN0377549H;06/03/2026;B00000001B;DOS
GL0387349V;06/03/2026;B00000003D;DSW
GN0434987D;06/03/2026;B00000001B;DOS
GN0590190W;06/03/2026;B00000001B;DOS
GL0340680L;06/03/2026;B00000006G;DLS
GN0596715K;06/03/2026;B00000001B;DOS
GL0016510L;06/03/2026;B00000008J;DMS
GL0610332J;06/03/2026;B00000005F;DNA
GN0698962A;06/03/2026;B00000001B;DOS
GN0722400J;06/03/2026;B00000001B;DOS
GL0020694R;06/03/2026;B00000006G;DLS
GL0020690L;06/03/2026;B00000006G;DLS
GL0020691M;06/03/2026;B00000006G;DLS
GN0740677D;06/03/2026;B00000001B;DOS
GN0741452J;06/03/2026;B00000001B;DOS
GL0219516A;06/03/2026;B00000006G;DLS
GN0747479H;06/03/2026;B00000001B;DOS
GN0769878L;06/03/2026;B00000001B;DOS
GL0607468E;06/03/2026;B00000006G;DLS
GN0779114G;06/03/2026;B00000001B;DOS
GN0779137H;06/03/2026;B00000001B;DOS
GN0779141M;06/03/2026;B00000001B;DOS
GN0779147V;06/03/2026;B00000001B;DOS
GL0650906R;06/03/2026;B00000002C;DRW
GN0910883V;06/03/2026;B00000001B;DOS
GN0910895H;06/03/2026;B00000001B;DOS
GN0910962J;06/03/2026;B00000001B;DOS
GN0910971V;06/03/2026;B00000001B;DOS
GN0910976A;06/03/2026;B00000001B;DOS
GN0911061X;06/03/2026;B00000001B;DOS
GN0915514G;06/03/2026;B00000001B;DOS
GN0915549X;06/03/2026;B00000001B;DOS
GN0915551Z;06/03/2026;B00000001B;DOS
GN0915563M;06/03/2026;B00000001B;DOS
GN0915568T;06/03/2026;B00000001B;DOS
GN0915573Z;06/03/2026;B00000001B;DOS
GN0916704J;06/03/2026;B00000001B;DOS
GN0916717Z;06/03/2026;B00000001B;DOS
GN0917325P;06/03/2026;B00000001B;DOS
GN0917872L;06/03/2026;B00000001B;DOS
GN0917950A;06/03/2026;B00000001B;DOS
GN0917974C;06/03/2026;B00000001B;DOS
GN0966248J;06/03/2026;B00000001B;DOS
GL0814814A;06/03/2026;B00000005F;DNA
GN1024840R;06/03/2026;B00000001B;DOS
GN1034415X;06/03/2026;B00000001B;DOS
GN1034421D;06/03/2026;B00000001B;DOS
GN1034424G;06/03/2026;B00000001B;DOS
GN1062988R;06/03/2026;B00000001B;DOS
GN1075141B;06/03/2026;B00000001B;DOS
GN1079064J;06/03/2026;B00000001B;DOS
GN1083235Z;06/03/2026;B00000001B;DOS
GN1083259B;06/03/2026;B00000001B;DOS
GN1085931M;06/03/2026;B00000001B;DOS
GN1089939S;06/03/2026;B00000001B;DOS
GL0690002T;06/03/2026;B00000002C;DRW
GL0816659X;06/03/2026;B00000006G;DLS
GN1100926C;06/03/2026;B00000001B;DOS
GN1104952C;06/03/2026;B00000001B;DOS
GN1105120T;06/03/2026;B00000001B;DOS
GN1107426N;06/03/2026;B00000001B;DOS
GN1107464G;06/03/2026;B00000001B;DOS
GN1108333V;06/03/2026;B00000001B;DOS
GN1127164T;06/03/2026;B00000001B;DOS
GN1168028E;06/03/2026;B00000001B;DOS
GL1286281H;06/03/2026;B00000003D;DSW
GN1201708C;06/03/2026;B00000001B;DOS
GL1192099H;06/03/2026;B00000007H;DEW
GL1192102L;06/03/2026;B00000007H;DEW
GL1192103M;06/03/2026;B00000007H;DEW
GL1192115B;06/03/2026;B00000007H;DEW
GL1192117D;06/03/2026;B00000007H;DEW
GL1192120G;06/03/2026;B00000007H;DEW
GL1192121H;06/03/2026;B00000007H;DEW
GL1192123K;06/03/2026;B00000007H;DEW
GL1192125M;06/03/2026;B00000007H;DEW
GL1192156Y;06/03/2026;B00000007H;DEW
GL1192157Z;06/03/2026;B00000007H;DEW
GL1192160C;06/03/2026;B00000007H;DEW
GL1192149P;06/03/2026;B00000007H;DEW
GL1192172R;06/03/2026;B00000007H;DEW
GL1192152T;06/03/2026;B00000007H;DEW
GL1192174T;06/03/2026;B00000007H;DEW
GL1192179Z;06/03/2026;B00000007H;DEW
GL0006673H;06/03/2026;B00000008J;DMS
GL0756693D;06/03/2026;B00000002C;DRW
GN1235604W;06/03/2026;B00000001B;DOS
GL0015792W;06/03/2026;B00000008J;DMS
GL0015829M;06/03/2026;B00000008J;DMS
GL0015830N;06/03/2026;B00000008J;DMS
GL0015831P;06/03/2026;B00000008J;DMS
GL0015834T;06/03/2026;B00000008J;DMS
GN1246675B;06/03/2026;B00000001B;DOS
GN1258437S;06/03/2026;B00000001B;DOS
GN1258440W;06/03/2026;B00000001B;DOS
GN1258449F;06/03/2026;B00000001B;DOS
GN1258457P;06/03/2026;B00000001B;DOS
GN1267455P;06/03/2026;B00000001B;DOS
GN1274848R;06/03/2026;B00000001B;DOS
GN1275225V;06/03/2026;B00000001B;DOS
GL0886861X;06/03/2026;B00000008J;DMS
GL0008774W;06/03/2026;B00000007H;DEW
GN1283442G;06/03/2026;B00000001B;DOS
GN1283453V;06/03/2026;B00000001B;DOS
GN1283655Z;06/03/2026;B00000001B;DOS
GN1284488W;06/03/2026;B00000001B;DOS
GN1296337K;06/03/2026;B00000001B;DOS
GN1296339M;06/03/2026;B00000001B;DOS
GL0011340L;06/03/2026;B00000003D;DSW
GN1309635X;06/03/2026;B00000001B;DOS
GN1309637Z;06/03/2026;B00000001B;DOS
GN1309638A;06/03/2026;B00000001B;DOS
GN1309645H;06/03/2026;B00000001B;DOS
GN1309649M;06/03/2026;B00000001B;DOS
GL0025668T;06/03/2026;B00000005F;DNA
GL1267886E;06/03/2026;B00000006G;DLS
GN1339916G;06/03/2026;B00000001B;DOS
GN1339918J;06/03/2026;B00000001B;DOS
GL1344187K;06/03/2026;B00000002C;DRW
GN1362587V;06/03/2026;B00000001B;DOS
GL1354677F;06/03/2026;B00000005F;DNA
GL1354809F;06/03/2026;B00000008J;DMS
GL1394656L;06/03/2026;B00000004E;DCW
GN1423174T;06/03/2026;B00000001B;DOS
GN1427351P;06/03/2026;B00000001B;DOS
GN1440095X;06/03/2026;B00000001B;DOS
GL0013303S;06/03/2026;B00000005F;DNA
GN1456311Z;06/03/2026;B00000001B;DOS
GL1465607M;06/03/2026;B00000008J;DMS
GN0055078N;06/03/2026;B00000001B;DOS
GL0942533K;06/03/2026;B00000002C;DRW
GN1497672A;06/03/2026;B00000001B;DOS
GL0220998J;06/03/2026;B00000003D;DSW
GL1448528E;06/03/2026;B00000008J;DMS
GN1622429V;06/03/2026;B00000001B;DOS
GN1625158W;06/03/2026;B00000001B;DOS
GN1625412J;06/03/2026;B00000001B;DOS
GN1625442T;06/03/2026;B00000001B;DOS
GN1625450C;06/03/2026;B00000001B;DOS
GN1625464T;06/03/2026;B00000001B;DOS
GN1625512Y;06/03/2026;B00000001B;DOS
GN1625520G;06/03/2026;B00000001B;DOS
GL1613695V;06/03/2026;B00000008J;DMS
GL0220242A;06/03/2026;B00000007H;DEW
GL0019923P;06/03/2026;B00000006G;DLS
GN1561467V;06/03/2026;B00000001B;DOS
GN1629885S;06/03/2026;B00000001B;DOS
GN1629887V;06/03/2026;B00000001B;DOS
GN1630557F;06/03/2026;B00000001B;DOS
GN1630562L;06/03/2026;B00000001B;DOS
GN1633391B;06/03/2026;B00000001B;DOS
GN1633937X;06/03/2026;B00000001B;DOS
GN1633943D;06/03/2026;B00000001B;DOS
GN1633995M;06/03/2026;B00000001B;DOS
GN1634187F;06/03/2026;B00000001B;DOS
GN1634196R;06/03/2026;B00000001B;DOS
GN1634197S;06/03/2026;B00000001B;DOS
GL1449034E;06/03/2026;B00000007H;DEW
GN1635070J;06/03/2026;B00000001B;DOS
GN1635547B;06/03/2026;B00000001B;DOS
GN1636229B;06/03/2026;B00000001B;DOS
GN1636259K;06/03/2026;B00000001B;DOS
GN1636276E;06/03/2026;B00000001B;DOS
GN1637129Z;06/03/2026;B00000001B;DOS
GN1637150Y;06/03/2026;B00000001B;DOS
GN1637152A;06/03/2026;B00000001B;DOS
GN1637613Z;06/03/2026;B00000001B;DOS
GN1637661D;06/03/2026;B00000001B;DOS
GN1637900A;06/03/2026;B00000001B;DOS
GN1638360Y;06/03/2026;B00000001B;DOS
GL1367920E;06/03/2026;B00000007H;DEW
GN0767339B;06/03/2026;B00000001B;DOS
GN0767348L;06/03/2026;B00000001B;DOS
GN0768616C;06/03/2026;B00000001B;DOS
GN0768757M;06/03/2026;B00000001B;DOS
GN0768787X;06/03/2026;B00000001B;DOS
GN0769148G;06/03/2026;B00000001B;DOS
GN0769161X;06/03/2026;B00000001B;DOS
GN0769885V;06/03/2026;B00000001B;DOS
GN1113360G;06/03/2026;B00000001B;DOS
GN1141798Y;06/03/2026;B00000001B;DOS
GN1246685M;06/03/2026;B00000001B;DOS
GN1283072L;06/03/2026;B00000001B;DOS
GN1283073M;06/03/2026;B00000001B;DOS
GN1128614R;06/03/2026;B00000001B;DOS
GN1633346A;06/03/2026;B00000001B;DOS
GN1639875V;06/03/2026;B00000001B;DOS
GN1640424T;06/03/2026;B00000001B;DOS
GN1640617M;06/03/2026;B00000001B;DOS
GN1640688T;06/03/2026;B00000001B;DOS
GN1641366N;06/03/2026;B00000001B;DOS
GN1642735V;06/03/2026;B00000001B;DOS
GN1642140T;06/03/2026;B00000001B;DOS
GN1643489B;06/03/2026;B00000001B;DOS
GN1643846G;06/03/2026;B00000001B;DOS
GL1192128R;06/03/2026;B00000007H;DEW
GL1645671F;06/03/2026;B00000008J;DMS
GL1192159B;06/03/2026;B00000007H;DEW
GL1635370A;06/03/2026;B00000007H;DEW
GL0020238Y;06/03/2026;B00000007H;DEW
GL1633914W;06/03/2026;B00000007H;DEW
GN1646111F;06/03/2026;B00000001B;DOS
GN1646996L;06/03/2026;B00000001B;DOS
GN1647419S;06/03/2026;B00000001B;DOS
GN1647927V;06/03/2026;B00000001B;DOS
GN1648179F;06/03/2026;B00000001B;DOS
GN1648765X;06/03/2026;B00000001B;DOS
GN1648853X;06/03/2026;B00000001B;DOS
GN1648857B;06/03/2026;B00000001B;DOS
GN1648859D;06/03/2026;B00000001B;DOS
GN0937235P;06/03/2026;B00000001B;DOS
GN0959637X;06/03/2026;B00000001B;DOS
GN1121036E;06/03/2026;B00000001B;DOS
GN1124895P;06/03/2026;B00000001B;DOS
GN1130660R;06/03/2026;B00000001B;DOS
GN1131197B;06/03/2026;B00000001B;DOS
GN1317409F;06/03/2026;B00000001B;DOS
GN1321954W;06/03/2026;B00000001B;DOS
GN1321976W;06/03/2026;B00000001B;DOS
GN1335064T;06/03/2026;B00000001B;DOS
GN1485730E;06/03/2026;B00000001B;DOS
GN1485744W;06/03/2026;B00000001B;DOS
GN1653152G;06/03/2026;B00000001B;DOS
GN1654019S;06/03/2026;B00000001B;DOS
GN1349979S;06/03/2026;B00000001B;DOS
GN1655675Z;06/03/2026;B00000001B;DOS
GN1656947V;06/03/2026;B00000001B;DOS
GN1656962L;06/03/2026;B00000001B;DOS
GN1657095M;06/03/2026;B00000001B;DOS
GN1658451D;06/03/2026;B00000001B;DOS
GN1658467X;06/03/2026;B00000001B;DOS
GN1658486T;06/03/2026;B00000001B;DOS
GN1658575V;06/03/2026;B00000001B;DOS
GN1654899S;06/03/2026;B00000001B;DOS
GN1555621B;06/03/2026;B00000001B;DOS
GN1640664R;06/03/2026;B00000001B;DOS
GN1659370Y;06/03/2026;B00000001B;DOS
GN1659759P;06/03/2026;B00000001B;DOS
GN1661599F;06/03/2026;B00000001B;DOS
GN1664378N;06/03/2026;B00000001B;DOS
GN1666768E;06/03/2026;B00000001B;DOS
GN1666772J;06/03/2026;B00000001B;DOS
GN1523816J;06/03/2026;B00000001B;DOS
GK0003108G;06/03/2026;B00000003D;DSW
GN1667747S;06/03/2026;B00000001B;DOS
GN1670476T;06/03/2026;B00000001B;DOS
GN1670480Y;06/03/2026;B00000001B;DOS
GN1670481Z;06/03/2026;B00000001B;DOS
GN1670484C;06/03/2026;B00000001B;DOS
GN1670485D;06/03/2026;B00000001B;DOS
GN1670486E;06/03/2026;B00000001B;DOS
GN1670488G;06/03/2026;B00000001B;DOS
GN1670493M;06/03/2026;B00000001B;DOS
GN1670494N;06/03/2026;B00000001B;DOS
GN1670495P;06/03/2026;B00000001B;DOS
GN1670496R;06/03/2026;B00000001B;DOS
GN1670498T;06/03/2026;B00000001B;DOS
GN1670501X;06/03/2026;B00000001B;DOS
GN1670503Z;06/03/2026;B00000001B;DOS
GN1670509F;06/03/2026;B00000001B;DOS
GN1670510G;06/03/2026;B00000001B;DOS
GN1670513K;06/03/2026;B00000001B;DOS
GN1670621H;06/03/2026;B00000001B;DOS
GN1670633X;06/03/2026;B00000001B;DOS
GN1670645K;06/03/2026;B00000001B;DOS
GN1670648N;06/03/2026;B00000001B;DOS
GN1670670N;06/03/2026;B00000001B;DOS
GN1671169F;06/03/2026;B00000001B;DOS
GN1671403X;06/03/2026;B00000001B;DOS
GL0052158W;06/03/2026;B00000003D;DSW
GN1673541B;06/03/2026;B00000001B;DOS
GN1674141H;06/03/2026;B00000001B;DOS
GN1674154Y;06/03/2026;B00000001B;DOS
GN1675279B;06/03/2026;B00000001B;DOS
GN1675625V;06/03/2026;B00000001B;DOS
GN1675779V;06/03/2026;B00000001B;DOS
GL0229304Y;06/03/2026;B00000007H;DEW
GL1675140T;06/03/2026;B00000007H;DEW
GL0027669S;06/03/2026;B00000003D;DSW
GL0063162A;06/03/2026;B00000003D;DSW
GL0035210L;06/03/2026;B00000003D;DSW
GL1055088N;06/03/2026;B00000007H;DEW
GL1055093V;06/03/2026;B00000007H;DEW
GN1299384Y;06/03/2026;B00000001B;DOS
GL0027309H;06/03/2026;B00000005F;DNA
GN1679497V;06/03/2026;B00000001B;DOS
GN1678955D;06/03/2026;B00000001B;DOS
GN1681500W;06/03/2026;B00000001B;DOS
GN1683026E;06/03/2026;B00000001B;DOS
GN1683054L;06/03/2026;B00000001B;DOS
GN1683059S;06/03/2026;B00000001B;DOS
GN1683060T;06/03/2026;B00000001B;DOS
GL1548719H;06/03/2026;B00000005F;DNA
GL0912636L;06/03/2026;B00000005F;DNA
GN1285019Z;06/03/2026;B00000001B;DOS
GL0025083D;06/03/2026;B00000004E;DCW
GL1415699Z;06/03/2026;B00000005F;DNA
GN1657613B;06/03/2026;B00000001B;DOS
GL1681580L;06/03/2026;B00000008J;DMS
GL1514357K;06/03/2026;B00000002C;DRW
GL0013074G;06/03/2026;B00000008J;DMS
GL1550662R;06/03/2026;B00000008J;DMS
GL0232198L;06/03/2026;B00000008J;DMS
GL0549977Z;06/03/2026;B00000002C;DRW
GL1406265D;06/03/2026;B00000003D;DSW
GL0007522Y;06/03/2026;B00000002C;DRW
GL0609827K;06/03/2026;B00000008J;DMS
GL0018326A;06/03/2026;B00000008J;DMS
GL0013265Z;06/03/2026;B00000008J;DMS
GN1604735M;06/03/2026;B00000001B;DOS
GL0945931X;06/03/2026;B00000001B;DOS
GL0514688Y;06/03/2026;B00000001B;DOS
GL1294424L;06/03/2026;B00000007H;DEW
GL1276851S;06/03/2026;B00000007H;DEW
GL0044079P;06/03/2026;B00000002C;DRW
GL0545663X;06/03/2026;B00000001B;DOS
GL1199363M;06/03/2026;B00000001B;DOS
GL0558374R;06/03/2026;B00000001B;DOS
GL1246267M;06/03/2026;B00000008J;DMS
GL0007790C;06/03/2026;B00000002C;DRW
GL1567393D;06/03/2026;B00000005F;DNA
GL1354890Y;06/03/2026;B00000005F;DNA
GL0020921Z;06/03/2026;B00000006G;DLS
GL0018454W;06/03/2026;B00000008J;DMS
GL0871985S;06/03/2026;B00000004E;DCW
GL0048253H;06/03/2026;B00000006G;DLS
GN1658581B;06/03/2026;B00000001B;DOS
GL0507153K;06/03/2026;B00000002C;DRW
GL1433881K;06/03/2026;B00000008J;DMS
GN0767669B;06/03/2026;B00000001B;DOS
GL1457934T;06/03/2026;B00000002C;DRW
GN0523404C;06/03/2026;B00000001B;DOS
GN0053917V;06/03/2026;B00000001B;DOS
GN0380383D;06/03/2026;B00000001B;DOS
GN0293210T;06/03/2026;B00000001B;DOS
GN0866611K;06/03/2026;B00000001B;DOS
GN0648106J;06/03/2026;B00000001B;DOS
GD0723873H;06/03/2026;B00000001B;DOS
GD1380428T;06/03/2026;B00000001B;DOS
GL0048763M;06/03/2026;B00000006G;DLS
GL0063522J;06/03/2026;B00000003D;DSW
GL0063515B;06/03/2026;B00000003D;DSW
GL0037807M;06/03/2026;B00000003D;DSW
GL0032344E;06/03/2026;B00000003D;DSW
GL0229390W;06/03/2026;B00000007H;DEW
GL0629384J;06/03/2026;B00000007H;DEW
GL0011693M;06/03/2026;B00000003D;DSW
GL0036219H;06/03/2026;B00000003D;DSW
GL0220064Y;06/03/2026;B00000008J;DMS
GL0220666G;06/03/2026;B00000003D;DSW
GL0061027Z;06/03/2026;B00000003D;DSW
GL0536020N;06/03/2026;B00000003D;DSW
GL0013148R;06/03/2026;B00000008J;DMS
GL0019532W;06/03/2026;B00000007H;DEW
GL1543865S;06/03/2026;B00000002C;DRW
GL0004421Z;06/03/2026;B00000008J;DMS
GL0009051K;06/03/2026;B00000007H;DEW
GL0046393V;06/03/2026;B00000003D;DSW
GL1386124R;06/03/2026;B00000005F;DNA
GL0029380L;06/03/2026;B00000005F;DNA
GL0212508L;06/03/2026;B00000008J;DMS
GL1363881P;06/03/2026;B00000004E;DCW
GL0440671M;06/03/2026;B00000008J;DMS
GN0577468N;06/03/2026;B00000001B;DOS
GL1439757M;06/03/2026;B00000006G;DLS
GL0326587X;06/03/2026;B00000003D;DSW
GL0025651Z;06/03/2026;B00000002C;DRW
GL0025709P;06/03/2026;B00000005F;DNA
GL0231881B;06/03/2026;B00000005F;DNA
GL1029867D;06/03/2026;B00000008J;DMS
GL0226764L;06/03/2026;B00000006G;DLS
GN1583621V;06/03/2026;B00000001B;DOS
GN1584013P;06/03/2026;B00000001B;DOS
GN1584007H;06/03/2026;B00000001B;DOS
GN1583368G;06/03/2026;B00000001B;DOS
GN1583332R;06/03/2026;B00000001B;DOS
GN0025743D;06/03/2026;B00000002C;DRW
GN1583343D;06/03/2026;B00000001B;DOS
GN1583743H;06/03/2026;B00000001B;DOS
GN1583347H;06/03/2026;B00000001B;DOS
GN0291986C;06/03/2026;B00000001B;DOS
GN1672265B;06/03/2026;B00000001B;DOS
GL0217518E;06/03/2026;B00000007H;DEW
GL0212663M;06/03/2026;B00000007H;DEW
GN1583406A;06/03/2026;B00000001B;DOS
GL0009651S;06/03/2026;B00000004E;DCW
GN1496991B;06/03/2026;B00000001B;DOS
GL0022587S;06/03/2026;B00000008J;DMS
GL0031965Z;06/03/2026;B00000003D;DSW
GL0478443K;06/03/2026;B00000008J;DMS
GN1098224G;06/03/2026;B00000001B;DOS
GL1154374N;06/03/2026;B00000003D;DSW
GN1308430C;06/03/2026;B00000001B;DOS
GN0972583H;06/03/2026;B00000001B;DOS
GN1006713S;06/03/2026;B00000001B;DOS
GN1210786T;06/03/2026;B00000001B;DOS
GN1034007H;06/03/2026;B00000001B;DOS
GN1395587V;06/03/2026;B00000001B;DOS
GN1587995P;06/03/2026;B00000001B;DOS
GN1598160R;06/03/2026;B00000001B;DOS
GN1603957D;06/03/2026;B00000001B;DOS
GN1603995X;06/03/2026;B00000001B;DOS
GN1604002E;06/03/2026;B00000001B;DOS
GN1437805V;06/03/2026;B00000001B;DOS
GN1604677X;06/03/2026;B00000001B;DOS
GN0918234Y;06/03/2026;B00000001B;DOS
GN1034408N;06/03/2026;B00000001B;DOS
GN1275249X;06/03/2026;B00000001B;DOS
GN0787395S;06/03/2026;B00000001B;DOS
GN1575431M;06/03/2026;B00000001B;DOS
GN0078937B;06/03/2026;B00000001B;DOS
GL0023800W;06/03/2026;B00000002C;DRW
GL0044726A;06/03/2026;B00000002C;DRW
GL0719587M;06/03/2026;B00000006G;DLS
GL0048479P;06/03/2026;B00000005F;DNA
GL0716089M;06/03/2026;B00000003D;DSW
GL0211908E;06/03/2026;B00000008J;DMS
GL0022509D;06/03/2026;B00000005F;DNA
GL0063491Z;06/03/2026;B00000003D;DSW
GL0063505P;06/03/2026;B00000003D;DSW
GL0063478J;06/03/2026;B00000003D;DSW
GL0909805V;06/03/2026;B00000003D;DSW
GL0220070E;06/03/2026;B00000008J;DMS
GL0028320G;06/03/2026;B00000003D;DSW
GL0985207D;06/03/2026;B00000003D;DSW
GL1029868E;06/03/2026;B00000008J;DMS
GN1583418N;06/03/2026;B00000001B;DOS
GN1604728E;06/03/2026;B00000001B;DOS
GL1567412A;06/03/2026;B00000005F;DNA
GL0037808N;06/03/2026;B00000003D;DSW
GL0018663H;06/03/2026;B00000008J;DMS
GL1031439P;06/03/2026;B00000007H;DEW
GN1365414G;06/03/2026;B00000001B;DOS
GL0008674G;06/03/2026;B00000007H;DEW
GL0048461V;06/03/2026;B00000005F;DNA
GL0494976Y;06/03/2026;B00000003D;DSW
GL1473010A;06/03/2026;B00000006G;DLS
GL1576188Y;06/03/2026;B00000003D;DSW
GL1576198J;06/03/2026;B00000003D;DSW
GL0298815M;06/03/2026;B00000008J;DMS
GL0044746Y;06/03/2026;B00000002C;DRW
GL0298822W;06/03/2026;B00000008J;DMS
GL0048458R;06/03/2026;B00000005F;DNA
GL0298837M;06/03/2026;B00000008J;DMS
GN1633123X;06/03/2026;B00000001B;DOS
GL0228875K;06/03/2026;B00000002C;DRW
GL0031807V;06/03/2026;B00000005F;DNA
GL0298860N;06/03/2026;B00000008J;DMS
GL0291799P;06/03/2026;B00000008J;DMS
GL0221052W;06/03/2026;B00000004E;DCW
GL0048474J;06/03/2026;B00000005F;DNA
GL0022881B;06/03/2026;B00000002C;DRW
GL0298864T;06/03/2026;B00000008J;DMS
GL0298875F;06/03/2026;B00000008J;DMS
GN1637455V;06/03/2026;B00000001B;DOS
GL0052275D;06/03/2026;B00000007H;DEW
GL0040381M;06/03/2026;B00000003D;DSW
GL1115912G;06/03/2026;B00000005F;DNA
GL0298897F;06/03/2026;B00000008J;DMS
GL0052283M;06/03/2026;B00000007H;DEW
GL0028259M;06/03/2026;B00000005F;DNA
GL0298914A;06/03/2026;B00000008J;DMS
GL0052270Y;06/03/2026;B00000007H;DEW
GL1337052C;06/03/2026;B00000003D;DSW
GL0366353K;06/03/2026;B00000008J;DMS
GL0009182J;06/03/2026;B00000007H;DEW
GL0298917D;06/03/2026;B00000008J;DMS
GL0048466A;06/03/2026;B00000005F;DNA
GL1228658C;06/03/2026;B00000004E;DCW
GL0298922J;06/03/2026;B00000008J;DMS
GL0052272A;06/03/2026;B00000007H;DEW
GL0298924L;06/03/2026;B00000008J;DMS
GL0066498R;06/03/2026;B00000008J;DMS
GL0052269X;06/03/2026;B00000007H;DEW
GL0298932W;06/03/2026;B00000008J;DMS
GL0956996W;06/03/2026;B00000007H;DEW
GL0027437D;06/03/2026;B00000003D;DSW
GL0052280J;06/03/2026;B00000007H;DEW
GL0603981S;06/03/2026;B00000002C;DRW
GL0052278G;06/03/2026;B00000007H;DEW
GL0371273B;06/03/2026;B00000003D;DSW
GL0212248R;06/03/2026;B00000007H;DEW
GL0052282L;06/03/2026;B00000007H;DEW
GL0028993X;06/03/2026;B00000003D;DSW
GL1574211B;06/03/2026;B00000008J;DMS
GL1231036E;06/03/2026;B00000003D;DSW
GK0217540E;06/03/2026;B00000008J;DMS
