GL0783226E;01/07/2026;B00000008J;DMS
GL0010532T;01/07/2026;B00000008J;DMS
GL0010541D;01/07/2026;B00000008J;DMS
GL0052561D;01/07/2026;B00000007H;DEW
GL0052593P;01/07/2026;B00000007H;DEW
GL0865209S;01/07/2026;B00000005F;DNA
GL0042818G;01/07/2026;B00000005F;DNA
GL0865167V;01/07/2026;B00000005F;DNA
GL0042814C;01/07/2026;B00000005F;DNA
GL0865231S;01/07/2026;B00000005F;DNA
GL0042816E;01/07/2026;B00000005F;DNA
GL0042817F;01/07/2026;B00000005F;DNA
GL0015688C;01/07/2026;B00000008J;DMS
GL0212664N;01/07/2026;B00000008J;DMS
GL1076546Y;01/07/2026;B00000008J;DMS
GL0017914G;01/07/2026;B00000008J;DMS
GL0020676W;01/07/2026;B00000006G;DLS
GL1390944T;01/07/2026;B00000008J;DMS
GL0052363D;01/07/2026;B00000007H;DEW
GL0052353S;01/07/2026;B00000007H;DEW
GL0052351P;01/07/2026;B00000007H;DEW
GL1367058A;01/07/2026;B00000003D;DSW
GL1367060C;01/07/2026;B00000003D;DSW
GL1367277Z;01/07/2026;B00000003D;DSW
GL1367294T;01/07/2026;B00000003D;DSW
GL0011778J;01/07/2026;B00000003D;DSW
GL1408646J;01/07/2026;B00000003D;DSW
GL1366913K;01/07/2026;B00000003D;DSW
GL0059056J;01/07/2026;B00000006G;DLS
GL0059008E;01/07/2026;B00000006G;DLS
GL0887882G;01/07/2026;B00000006G;DLS
GL1442013B;01/07/2026;B00000003D;DSW
GL1444449V;01/07/2026;B00000003D;DSW
GL1354642R;01/07/2026;B00000005F;DNA
GL1354813K;01/07/2026;B00000005F;DNA
GL1562242A;01/07/2026;B00000006G;DLS
GL1388650L;01/07/2026;B00000008J;DMS
GL1398565D;01/07/2026;B00000004E;DCW
GL0350406N;01/07/2026;B00000008J;DMS
GL0045978Y;01/07/2026;B00000002C;DRW
GL0040392A;01/07/2026;B00000003D;DSW
GL0212510N;01/07/2026;B00000008J;DMS
GL0397589F;01/07/2026;B00000008J;DMS
GL0603441D;01/07/2026;B00000007H;DEW
GL0903296Y;01/07/2026;B00000006G;DLS
GL0903321B;01/07/2026;B00000006G;DLS
GL0903282G;01/07/2026;B00000006G;DLS
GL0018043D;01/07/2026;B00000008J;DMS
GL0963077F;01/07/2026;B00000008J;DMS
GL0830047K;01/07/2026;B00000003D;DSW
GL0044258T;01/07/2026;B00000003D;DSW
GL0060095P;01/07/2026;B00000004E;DCW
GL0782744G;01/07/2026;B00000007H;DEW
GL0038631Z;01/07/2026;B00000003D;DSW
GL1389056Y;01/07/2026;B00000003D;DSW
GL1389055X;01/07/2026;B00000003D;DSW
GL0038630Y;01/07/2026;B00000003D;DSW
GL0999794E;01/07/2026;B00000007H;DEW
GL0221052W;01/07/2026;B00000004E;DCW
GL0447479Z;01/07/2026;B00000006G;DLS
GL0045836L;01/07/2026;B00000003D;DSW
GL0441648Y;01/07/2026;B00000005F;DNA
GL0025056Y;01/07/2026;B00000004E;DCW
GL1313609M;01/07/2026;B00000006G;DLS
GL1313623D;01/07/2026;B00000006G;DLS
GL0010467V;01/07/2026;B00000008J;DMS
GL1313649H;01/07/2026;B00000006G;DLS
GL0010465S;01/07/2026;B00000008J;DMS
GL0010445V;01/07/2026;B00000008J;DMS
GL0010441P;01/07/2026;B00000008J;DMS
GL0010266R;01/07/2026;B00000008J;DMS
GL0009994G;01/07/2026;B00000008J;DMS
GL0015831P;01/07/2026;B00000008J;DMS
GL0839289M;01/07/2026;B00000008J;DMS
GL0009453S;01/07/2026;B00000007H;DEW
GL0053342R;01/07/2026;B00000005F;DNA
GL1168384J;01/07/2026;B00000002C;DRW
GL1027121H;01/07/2026;B00000003D;DSW
GL1027020T;01/07/2026;B00000003D;DSW
GL1595893P;01/07/2026;B00000003D;DSW
GL1595945Z;01/07/2026;B00000003D;DSW
GL0212423P;01/07/2026;B00000007H;DEW
GL0530483X;01/07/2026;B00000004E;DCW
GK1611593F;01/07/2026;B00000008J;DMS
GL0330231M;01/07/2026;B00000008J;DMS
GL1424145X;01/07/2026;B00000008J;DMS
GL1523403P;01/07/2026;B00000008J;DMS
GL1542295H;01/07/2026;B00000007H;DEW
GL1542027D;01/07/2026;B00000007H;DEW
GL0043150J;01/07/2026;B00000003D;DSW
GL0027200J;01/07/2026;B00000005F;DNA
GL0063878N;01/07/2026;B00000003D;DSW
GL0047053V;01/07/2026;B00000002C;DRW
GL0217546L;01/07/2026;B00000007H;DEW
GL0036815K;01/07/2026;B00000003D;DSW
GL1595961S;01/07/2026;B00000003D;DSW
GL0042529D;01/07/2026;B00000003D;DSW
GL0042540R;01/07/2026;B00000003D;DSW
GL0052524L;01/07/2026;B00000007H;DEW
GL1378442L;01/07/2026;B00000003D;DSW
GL0327461P;01/07/2026;B00000002C;DRW
GL0056496A;01/07/2026;B00000003D;DSW
GL0048211K;01/07/2026;B00000006G;DLS
GL0028242T;01/07/2026;B00000005F;DNA
GL0054459K;01/07/2026;B00000005F;DNA
GL0044547X;01/07/2026;B00000003D;DSW
GL0039382C;01/07/2026;B00000004E;DCW
GL0682118J;01/07/2026;B00000003D;DSW
GL0909696W;01/07/2026;B00000002C;DRW
GL0687612C;01/07/2026;B00000005F;DNA
GL0012221M;01/07/2026;B00000008J;DMS
GL1542033K;01/07/2026;B00000007H;DEW
GL0012645V;01/07/2026;B00000008J;DMS
GL0661867X;01/07/2026;B00000003D;DSW
GL1368045X;01/07/2026;B00000007H;DEW
GL0052991S;01/07/2026;B00000007H;DEW
GL0053007K;01/07/2026;B00000007H;DEW
GL0053104W;01/07/2026;B00000007H;DEW
GL0053057S;01/07/2026;B00000007H;DEW
GL0045563B;01/07/2026;B00000003D;DSW
GL0350423H;01/07/2026;B00000008J;DMS
GL0023488R;01/07/2026;B00000002C;DRW
GL0027703F;01/07/2026;B00000003D;DSW
GL0860241X;01/07/2026;B00000006G;DLS
GL0047044J;01/07/2026;B00000002C;DRW
GL0046472J;01/07/2026;B00000003D;DSW
GL0046479S;01/07/2026;B00000003D;DSW
GL0052201V;01/07/2026;B00000003D;DSW
GL0052214J;01/07/2026;B00000003D;DSW
GL1183825F;01/07/2026;B00000007H;DEW
GL1183809M;01/07/2026;B00000007H;DEW
GL0053340N;01/07/2026;B00000005F;DNA
GL0053334G;01/07/2026;B00000005F;DNA
GL0052145F;01/07/2026;B00000005F;DNA
GL0045959B;01/07/2026;B00000003D;DSW
GL0887789B;01/07/2026;B00000006G;DLS
GK0066304W;01/07/2026;B00000006G;DLS
GL0045360W;01/07/2026;B00000003D;DSW
GL0549182W;01/07/2026;B00000003D;DSW
GL0549319B;01/07/2026;B00000003D;DSW
GL1441935M;01/07/2026;B00000003D;DSW
GL1444180N;01/07/2026;B00000003D;DSW
GL0900087B;01/07/2026;B00000008J;DMS
GL0428055B;01/07/2026;B00000007H;DEW
GL0061231F;01/07/2026;B00000008J;DMS
GL0061232G;01/07/2026;B00000008J;DMS
GL0057823H;01/07/2026;B00000003D;DSW
GL1382169X;01/07/2026;B00000008J;DMS
GL0999793D;01/07/2026;B00000007H;DEW
GL0051891S;01/07/2026;B00000003D;DSW
GL0926028E;01/07/2026;B00000003D;DSW
GL0853811P;01/07/2026;B00000001B;DOS
GL0012452A;01/07/2026;B00000008J;DMS
GL0905165X;01/07/2026;B00000008J;DMS
GL0011955K;01/07/2026;B00000003D;DSW
GL0011668J;01/07/2026;B00000003D;DSW
GL0584324E;01/07/2026;B00000003D;DSW
GL1091867H;01/07/2026;B00000004E;DCW
GL0011979M;01/07/2026;B00000003D;DSW
GL1242155P;01/07/2026;B00000008J;DMS
GL0045718C;01/07/2026;B00000003D;DSW
GL0047645S;01/07/2026;B00000002C;DRW
GL0350416A;01/07/2026;B00000008J;DMS
GL0064113F;01/07/2026;B00000004E;DCW
GL0745048W;01/07/2026;B00000008J;DMS
GL0040382N;01/07/2026;B00000003D;DSW
GL1367066J;01/07/2026;B00000003D;DSW
GL0040383P;01/07/2026;B00000003D;DSW
GL0045061F;01/07/2026;B00000002C;DRW
GL0023491V;01/07/2026;B00000002C;DRW
GL0027882J;01/07/2026;B00000003D;DSW
GL0059577B;01/07/2026;B00000006G;DLS
GL1567412A;01/07/2026;B00000005F;DNA
GL1614940J;01/07/2026;B00000008J;DMS
GL1523326C;01/07/2026;B00000008J;DMS
GL0023492W;01/07/2026;B00000002C;DRW
GL0030151M;01/07/2026;B00000002C;DRW
GL0025239F;01/07/2026;B00000004E;DCW
GL0044144N;01/07/2026;B00000002C;DRW
GL0048216R;01/07/2026;B00000006G;DLS
GL0044211P;01/07/2026;B00000002C;DRW
GL0028595V;01/07/2026;B00000004E;DCW
GL0369631K;01/07/2026;B00000003D;DSW
GL0352841F;01/07/2026;B00000008J;DMS
GL0759720T;01/07/2026;B00000006G;DLS
GL0433588N;01/07/2026;B00000005F;DNA
GL0029593D;01/07/2026;B00000004E;DCW
GL0355360T;01/07/2026;B00000002C;DRW
GK0001483K;01/07/2026;B00000007H;DEW
GL0388392E;01/07/2026;B00000004E;DCW
GL0812393Z;01/07/2026;B00000008J;DMS
GL0016766C;01/07/2026;B00000008J;DMS
GL0006716G;01/07/2026;B00000008J;DMS
GL0031955M;01/07/2026;B00000003D;DSW
GK0913449K;01/07/2026;B00000008J;DMS
GL0217368J;01/07/2026;B00000003D;DSW
GL0018420G;01/07/2026;B00000008J;DMS
GL0029675X;01/07/2026;B00000004E;DCW
GL0027287H;01/07/2026;B00000005F;DNA
GL0061781F;01/07/2026;B00000003D;DSW
GK0001295X;01/07/2026;B00000008J;DMS
GL0999797H;01/07/2026;B00000007H;DEW
GK1682778Y;01/07/2026;B00000001B;DOS
GK0064787X;01/07/2026;B00000001B;DOS
GL1367913X;01/07/2026;B00000007H;DEW
GL0873818A;01/07/2026;B00000008J;DMS
GL0045720E;01/07/2026;B00000003D;DSW
GL0591995X;01/07/2026;B00000003D;DSW
GL0688854N;01/07/2026;B00000002C;DRW
GL0405697V;01/07/2026;B00000002C;DRW
GL0007538R;01/07/2026;B00000002C;DRW
GL0212317V;01/07/2026;B00000002C;DRW
GL0023242L;01/07/2026;B00000002C;DRW
GL0982452Y;01/07/2026;B00000002C;DRW
GL1465663B;01/07/2026;B00000002C;DRW
GL0670911Z;01/07/2026;B00000002C;DRW
GL0622201X;01/07/2026;B00000002C;DRW
GL0643998R;01/07/2026;B00000002C;DRW
GL0670932Y;01/07/2026;B00000002C;DRW
GL0644787M;01/07/2026;B00000002C;DRW
GL0644014J;01/07/2026;B00000002C;DRW
GL0644020R;01/07/2026;B00000002C;DRW
GL0829319H;01/07/2026;B00000002C;DRW
GL1050277X;01/07/2026;B00000002C;DRW
GL0594624J;01/07/2026;B00000002C;DRW
GL0007801P;01/07/2026;B00000002C;DRW
GL0007866N;01/07/2026;B00000002C;DRW
GL0721871H;01/07/2026;B00000002C;DRW
GL0594611V;01/07/2026;B00000002C;DRW
GL0007630W;01/07/2026;B00000002C;DRW
GL0023395K;01/07/2026;B00000002C;DRW
GL0007791D;01/07/2026;B00000002C;DRW
GL0007391Z;01/07/2026;B00000002C;DRW
GL0376866G;01/07/2026;B00000002C;DRW
GL0023275Z;01/07/2026;B00000002C;DRW
GL0041948T;01/07/2026;B00000002C;DRW
GL0055783P;01/07/2026;B00000002C;DRW
GL0220802L;01/07/2026;B00000002C;DRW
GL0023134N;01/07/2026;B00000002C;DRW
GL0007522Y;01/07/2026;B00000002C;DRW
GL0023387B;01/07/2026;B00000002C;DRW
GL0029868R;01/07/2026;B00000002C;DRW
GL0044171V;01/07/2026;B00000002C;DRW
GL0023114R;01/07/2026;B00000002C;DRW
GL0448600Y;01/07/2026;B00000002C;DRW
GL0391374T;01/07/2026;B00000002C;DRW
GL0573607B;01/07/2026;B00000002C;DRW
GL0507275Z;01/07/2026;B00000002C;DRW
GL0506774E;01/07/2026;B00000002C;DRW
GL0507284J;01/07/2026;B00000002C;DRW
GL0507175K;01/07/2026;B00000002C;DRW
GL0507315V;01/07/2026;B00000002C;DRW
GL0506716N;01/07/2026;B00000002C;DRW
GL0507153K;01/07/2026;B00000002C;DRW
GL0506754G;01/07/2026;B00000002C;DRW
GL0007439D;01/07/2026;B00000002C;DRW
GL0025540Y;01/07/2026;B00000002C;DRW
GL1232630R;01/07/2026;B00000002C;DRW
GL0023883P;01/07/2026;B00000002C;DRW
GL1315458N;01/07/2026;B00000002C;DRW
GL0039960J;01/07/2026;B00000003D;DSW
GL0307580Y;01/07/2026;B00000002C;DRW
GL0231795D;01/07/2026;B00000002C;DRW
GL0029891S;01/07/2026;B00000002C;DRW
GL0055788W;01/07/2026;B00000002C;DRW
GL0765851K;01/07/2026;B00000003D;DSW
GL0836058R;01/07/2026;B00000002C;DRW
GL0007785X;01/07/2026;B00000002C;DRW
GL1518546W;01/07/2026;B00000003D;DSW
GL0218120N;01/07/2026;B00000003D;DSW
GL0044693M;01/07/2026;B00000003D;DSW
GL0045674C;01/07/2026;B00000003D;DSW
GL0044252L;01/07/2026;B00000002C;DRW
GL0386467S;01/07/2026;B00000002C;DRW
GL1023599F;01/07/2026;B00000002C;DRW
GL0048253H;01/07/2026;B00000006G;DLS
GL0232817P;01/07/2026;B00000002C;DRW
GL0347551V;01/07/2026;B00000003D;DSW
GL0973179K;01/07/2026;B00000003D;DSW
GL0015125M;01/07/2026;B00000008J;DMS
GL1180984C;01/07/2026;B00000002C;DRW
GL1180986E;01/07/2026;B00000002C;DRW
GL0048577B;01/07/2026;B00000005F;DNA
GL0028726T;01/07/2026;B00000003D;DSW
GL0015190L;01/07/2026;B00000008J;DMS
GL0396978L;01/07/2026;B00000008J;DMS
GL1217852Y;01/07/2026;B00000002C;DRW
GL1151586W;01/07/2026;B00000002C;DRW
GL0220838C;01/07/2026;B00000003D;DSW
GL0229058T;01/07/2026;B00000002C;DRW
GL1448534L;01/07/2026;B00000008J;DMS
GL1448528E;01/07/2026;B00000008J;DMS
GL1463381H;01/07/2026;B00000007H;DEW
GL1345652A;01/07/2026;B00000008J;DMS
GL1354911X;01/07/2026;B00000008J;DMS
GL0371277F;01/07/2026;B00000003D;DSW
GK0463146C;01/07/2026;B00000001B;DOS
GL1317867B;01/07/2026;B00000002C;DRW
GL1128148L;01/07/2026;B00000002C;DRW
GL0001719D;01/07/2026;B00000004E;DCW
GL0001700G;01/07/2026;B00000004E;DCW
GL1586603H;01/07/2026;B00000004E;DCW
GL0001716A;01/07/2026;B00000004E;DCW
GL0001720E;01/07/2026;B00000004E;DCW
GL0001724J;01/07/2026;B00000004E;DCW
GL0001718C;01/07/2026;B00000004E;DCW
GL0001722G;01/07/2026;B00000004E;DCW
GL0001721F;01/07/2026;B00000004E;DCW
GL0001714Y;01/07/2026;B00000004E;DCW
GL0001705M;01/07/2026;B00000004E;DCW
GL0001701H;01/07/2026;B00000004E;DCW
GL0001710T;01/07/2026;B00000004E;DCW
GL0001713X;01/07/2026;B00000004E;DCW
GL0001712W;01/07/2026;B00000004E;DCW
GL0001703K;01/07/2026;B00000004E;DCW
GL0025167Z;01/07/2026;B00000004E;DCW
GL0001717B;01/07/2026;B00000004E;DCW
GL0001702J;01/07/2026;B00000004E;DCW
GL1272570C;01/07/2026;B00000004E;DCW
GL0001708R;01/07/2026;B00000004E;DCW
GL0001715Z;01/07/2026;B00000004E;DCW
GL0856343S;01/07/2026;B00000007H;DEW
GL0857337X;01/07/2026;B00000007H;DEW
GL0025549H;01/07/2026;B00000002C;DRW
GL0633543K;01/07/2026;B00000003D;DSW
GL0052968R;01/07/2026;B00000007H;DEW
GL0052928W;01/07/2026;B00000007H;DEW
GL0052951X;01/07/2026;B00000007H;DEW
GL0052971V;01/07/2026;B00000007H;DEW
GL0052918J;01/07/2026;B00000007H;DEW
GL0052905V;01/07/2026;B00000007H;DEW
GL0052903S;01/07/2026;B00000007H;DEW
GL0052945P;01/07/2026;B00000007H;DEW
GL0612829X;01/07/2026;B00000003D;DSW
GL0298645V;01/07/2026;B00000008J;DMS
GL0905311M;01/07/2026;B00000008J;DMS
GL0905308J;01/07/2026;B00000008J;DMS
GL0047986E;01/07/2026;B00000002C;DRW
GL0045350J;01/07/2026;B00000002C;DRW
GL1397666G;01/07/2026;B00000007H;DEW
GL1542288A;01/07/2026;B00000007H;DEW
GL0020452R;01/07/2026;B00000006G;DLS
GL0044765V;01/07/2026;B00000002C;DRW
GL0027705H;01/07/2026;B00000003D;DSW
GL0039966R;01/07/2026;B00000003D;DSW
GL0028747S;01/07/2026;B00000003D;DSW
GL1296109B;01/07/2026;B00000004E;DCW
GL0915566R;01/07/2026;B00000002C;DRW
GL0023093S;01/07/2026;B00000002C;DRW
GL0954872G;01/07/2026;B00000002C;DRW
GL0217344G;01/07/2026;B00000005F;DNA
GL1182804W;01/07/2026;B00000008J;DMS
GL1466895B;01/07/2026;B00000002C;DRW
GL0745931Z;01/07/2026;B00000002C;DRW
GL0745923P;01/07/2026;B00000002C;DRW
GL0745941K;01/07/2026;B00000002C;DRW
GL0745927V;01/07/2026;B00000002C;DRW
GL0593031Z;01/07/2026;B00000003D;DSW
GL1573952G;01/07/2026;B00000002C;DRW
GL0673278N;01/07/2026;B00000002C;DRW
GL0731071M;01/07/2026;B00000003D;DSW
GL0045889X;01/07/2026;B00000003D;DSW
GL0863731M;01/07/2026;B00000003D;DSW
GL1231180T;01/07/2026;B00000003D;DSW
GL1072537S;01/07/2026;B00000004E;DCW
GL0027165V;01/07/2026;B00000004E;DCW
GL0045346E;01/07/2026;B00000002C;DRW
GL1527471M;01/07/2026;B00000007H;DEW
GL0052568L;01/07/2026;B00000007H;DEW
GL0015774A;01/07/2026;B00000008J;DMS
GL1389194E;01/07/2026;B00000008J;DMS
GL1367284G;01/07/2026;B00000003D;DSW
GL0036850A;01/07/2026;B00000003D;DSW
GL0217854L;01/07/2026;B00000007H;DEW
GL0012686R;01/07/2026;B00000003D;DSW
GL0012755V;01/07/2026;B00000003D;DSW
GL0042586T;01/07/2026;B00000003D;DSW
GL0019571P;01/07/2026;B00000008J;DMS
GL0053381K;01/07/2026;B00000005F;DNA
GL0703186A;01/07/2026;B00000007H;DEW
GL0863738W;01/07/2026;B00000003D;DSW
GL0852369B;01/07/2026;B00000003D;DSW
GL0560320C;01/07/2026;B00000004E;DCW
GL0560317Z;01/07/2026;B00000004E;DCW
GL0291615F;01/07/2026;B00000008J;DMS
GL0291614E;01/07/2026;B00000008J;DMS
GL0045680J;01/07/2026;B00000003D;DSW
GL0052270Y;01/07/2026;B00000007H;DEW
GL0302104A;01/07/2026;B00000003D;DSW
GL0032112R;01/07/2026;B00000003D;DSW
GL1642291P;01/07/2026;B00000006G;DLS
GL0743036J;01/07/2026;B00000005F;DNA
GL0023386A;01/07/2026;B00000002C;DRW
GL0007958T;01/07/2026;B00000002C;DRW
GL0231149V;01/07/2026;B00000005F;DNA
GL0217352R;01/07/2026;B00000005F;DNA
GL0007483D;01/07/2026;B00000002C;DRW
GL0041955B;01/07/2026;B00000002C;DRW
GL0062786Y;01/07/2026;B00000002C;DRW
GL1385027V;01/07/2026;B00000008J;DMS
GL1385024R;01/07/2026;B00000008J;DMS
GL0052902R;01/07/2026;B00000007H;DEW
GL0218421F;01/07/2026;B00000007H;DEW
GL0010336W;01/07/2026;B00000008J;DMS
GL0018042C;01/07/2026;B00000008J;DMS
GL0042083X;01/07/2026;B00000002C;DRW
GL0297483Z;01/07/2026;B00000007H;DEW
GL0297386N;01/07/2026;B00000007H;DEW
GL0415202W;01/07/2026;B00000007H;DEW
GL0046733F;01/07/2026;B00000002C;DRW
GL1481359M;01/07/2026;B00000002C;DRW
GL1481369Z;01/07/2026;B00000002C;DRW
GL1462667X;01/07/2026;B00000002C;DRW
GL0023389D;01/07/2026;B00000002C;DRW
GL0815118W;01/07/2026;B00000002C;DRW
GL0023835K;01/07/2026;B00000002C;DRW
GL0922574E;01/07/2026;B00000002C;DRW
GL1017771H;01/07/2026;B00000007H;DEW
GL0023089M;01/07/2026;B00000002C;DRW
GL0044747Z;01/07/2026;B00000002C;DRW
GL0037800E;01/07/2026;B00000003D;DSW
GL0006623B;01/07/2026;B00000008J;DMS
GL0898579M;01/07/2026;B00000007H;DEW
GL0999790A;01/07/2026;B00000007H;DEW
GL1649903P;01/07/2026;B00000008J;DMS
GL1648247H;01/07/2026;B00000003D;DSW
GL1573739P;01/07/2026;B00000003D;DSW
GL1036906C;01/07/2026;B00000006G;DLS
GL0046711F;01/07/2026;B00000002C;DRW
GL0291038A;01/07/2026;B00000002C;DRW
GL1667564J;01/07/2026;B00000002C;DRW
GL0007790C;01/07/2026;B00000002C;DRW
GL1402572G;01/07/2026;B00000002C;DRW
GL0056159S;01/07/2026;B00000002C;DRW
GL1161854N;01/07/2026;B00000002C;DRW
GL1161969V;01/07/2026;B00000002C;DRW
GL1161907Z;01/07/2026;B00000002C;DRW
GL1161832N;01/07/2026;B00000002C;DRW
GL1161679P;01/07/2026;B00000002C;DRW
GL1161812R;01/07/2026;B00000002C;DRW
GL1161951Z;01/07/2026;B00000002C;DRW
GL1161984L;01/07/2026;B00000002C;DRW
GL0023394J;01/07/2026;B00000002C;DRW
GL1148216R;01/07/2026;B00000002C;DRW
GL1349609X;01/07/2026;B00000002C;DRW
GL1266033Z;01/07/2026;B00000004E;DCW
GL0231148T;01/07/2026;B00000005F;DNA
GL1501926J;01/07/2026;B00000002C;DRW
GL0595424T;01/07/2026;B00000002C;DRW
GL0007358L;01/07/2026;B00000002C;DRW
GL1127096R;01/07/2026;B00000002C;DRW
GL0059637V;01/07/2026;B00000004E;DCW
GL0042872T;01/07/2026;B00000005F;DNA
GL0042048G;01/07/2026;B00000002C;DRW
GL0682108Y;01/07/2026;B00000003D;DSW
GL0217896J;01/07/2026;B00000003D;DSW
GL0048161D;01/07/2026;B00000002C;DRW
GL0023115S;01/07/2026;B00000002C;DRW
GL0232833H;01/07/2026;B00000005F;DNA
GL0484172W;01/07/2026;B00000003D;DSW
GL0639352L;01/07/2026;B00000008J;DMS
GL0044501V;01/07/2026;B00000003D;DSW
GL0231626L;01/07/2026;B00000003D;DSW
GL0016330G;01/07/2026;B00000008J;DMS
GL0019892E;01/07/2026;B00000006G;DLS
GL0409180C;01/07/2026;B00000002C;DRW
GL0637607D;01/07/2026;B00000002C;DRW
GL0605571Z;01/07/2026;B00000002C;DRW
GL1667787M;01/07/2026;B00000002C;DRW
GL0056162W;01/07/2026;B00000002C;DRW
GL0056161V;01/07/2026;B00000002C;DRW
GL0056111M;01/07/2026;B00000002C;DRW
GL0056094T;01/07/2026;B00000002C;DRW
GL0643988E;01/07/2026;B00000002C;DRW
GL1638784E;01/07/2026;B00000002C;DRW
GL0045191D;01/07/2026;B00000002C;DRW
GL1412351V;01/07/2026;B00000002C;DRW
GL0045196J;01/07/2026;B00000002C;DRW
GL1670878A;01/07/2026;B00000002C;DRW
GL0425275S;01/07/2026;B00000002C;DRW
GL0212434C;01/07/2026;B00000002C;DRW
GL0212438G;01/07/2026;B00000002C;DRW
GL0044985V;01/07/2026;B00000002C;DRW
GL0044984T;01/07/2026;B00000002C;DRW
GL0906589P;01/07/2026;B00000007H;DEW
GL0044186L;01/07/2026;B00000002C;DRW
GL0924416Y;01/07/2026;B00000002C;DRW
GL0023300C;01/07/2026;B00000002C;DRW
GL0023298A;01/07/2026;B00000002C;DRW
GL0052880R;01/07/2026;B00000007H;DEW
GL0023834J;01/07/2026;B00000002C;DRW
GL1148227D;01/07/2026;B00000002C;DRW
GL1459213X;01/07/2026;B00000002C;DRW
GL1148232J;01/07/2026;B00000002C;DRW
GL1459209S;01/07/2026;B00000002C;DRW
GL0062780R;01/07/2026;B00000002C;DRW
GL0044491H;01/07/2026;B00000003D;DSW
GL0007814E;01/07/2026;B00000002C;DRW
GL1428595D;01/07/2026;B00000007H;DEW
GL0955740T;01/07/2026;B00000002C;DRW
GL0048772Y;01/07/2026;B00000006G;DLS
GL1241733K;01/07/2026;B00000008J;DMS
GL0009825P;01/07/2026;B00000008J;DMS
GL0040211V;01/07/2026;B00000003D;DSW
GL0040188T;01/07/2026;B00000003D;DSW
GL1676710C;01/07/2026;B00000002C;DRW
GL0046997F;01/07/2026;B00000002C;DRW
GL1027118E;01/07/2026;B00000003D;DSW
GL1721452W;01/07/2026;B00000006G;DLS
GL1721448R;01/07/2026;B00000006G;DLS
GL1459907K;01/07/2026;B00000003D;DSW
GL0898582R;01/07/2026;B00000007H;DEW
GL0061815V;01/07/2026;B00000003D;DSW
GL0007831Z;01/07/2026;B00000002C;DRW
GL0297454R;01/07/2026;B00000007H;DEW
GL0639399P;01/07/2026;B00000008J;DMS
GL0007049K;01/07/2026;B00000008J;DMS
GL0231099M;01/07/2026;B00000002C;DRW
GL0409177Z;01/07/2026;B00000002C;DRW
GL1175790A;01/07/2026;B00000002C;DRW
GL0044372Y;01/07/2026;B00000002C;DRW
GL0221088L;01/07/2026;B00000002C;DRW
GL0038867S;01/07/2026;B00000003D;DSW
GL0007703D;01/07/2026;B00000002C;DRW
GL0047000J;01/07/2026;B00000002C;DRW
GL1522191M;01/07/2026;B00000008J;DMS
GB0306215X;01/07/2026;B00000001B;DOS
GL0715036R;01/07/2026;B00000003D;DSW
GL0783751B;01/07/2026;B00000007H;DEW
GL1377233M;01/07/2026;B00000007H;DEW
GL1439757M;01/07/2026;B00000006G;DLS
GL0009511H;01/07/2026;B00000007H;DEW
GL1031482N;01/07/2026;B00000007H;DEW
GL0228942L;01/07/2026;B00000005F;DNA
GL0013232L;01/07/2026;B00000008J;DMS
GL0048418W;01/07/2026;B00000005F;DNA
GL1647242R;01/07/2026;B00000008J;DMS
GL0999807V;01/07/2026;B00000004E;DCW
