GAZ;0688;DMS0001;GL0783226E;01/07/2026
GAZ;0688;DMS0001;GL0010532T;01/07/2026
GAZ;0688;DMS0001;GL0010541D;01/07/2026
GAZ;0688;DEW0001;GL0052561D;01/07/2026
GAZ;0688;DEW0001;GL0052593P;01/07/2026
GAZ;0688;DNA0001;GL0865209S;01/07/2026
GAZ;0688;DNA0001;GL0042818G;01/07/2026
GAZ;0688;DNA0001;GL0865167V;01/07/2026
GAZ;0688;DNA0001;GL0042814C;01/07/2026
GAZ;0688;DNA0001;GL0865231S;01/07/2026
GAZ;0688;DNA0001;GL0042816E;01/07/2026
GAZ;0688;DNA0001;GL0042817F;01/07/2026
GAZ;0688;DMS0001;GL0015688C;01/07/2026
GAZ;0688;DMS0001;GL0212664N;01/07/2026
GAZ;0688;DMS0001;GL1076546Y;01/07/2026
GAZ;0688;DMS0001;GL0017914G;01/07/2026
GAZ;0688;DLS0001;GL0020676W;01/07/2026
GAZ;0688;DMS0001;GL1390944T;01/07/2026
GAZ;0688;DEW0001;GL0052363D;01/07/2026
GAZ;0688;DEW0001;GL0052353S;01/07/2026
GAZ;0688;DEW0001;GL0052351P;01/07/2026
GAZ;0688;DSW0001;GL1367058A;01/07/2026
GAZ;0688;DSW0001;GL1367060C;01/07/2026
GAZ;0688;DSW0001;GL1367277Z;01/07/2026
GAZ;0688;DSW0001;GL1367294T;01/07/2026
GAZ;0688;DSW0001;GL0011778J;01/07/2026
GAZ;0688;DSW0001;GL1408646J;01/07/2026
GAZ;0688;DSW0001;GL1366913K;01/07/2026
GAZ;0688;DLS0001;GL0059056J;01/07/2026
GAZ;0688;DLS0001;GL0059008E;01/07/2026
GAZ;0688;DLS0001;GL0887882G;01/07/2026
GAZ;0688;DSW0001;GL1442013B;01/07/2026
GAZ;0688;DSW0001;GL1444449V;01/07/2026
GAZ;0688;DNA0691;GL1354642R;01/07/2026
GAZ;0688;DNA0691;GL1354813K;01/07/2026
GAZ;0688;DLS0001;GL1562242A;01/07/2026
GAZ;0688;DMS0001;GL1388650L;01/07/2026
GAZ;0688;DCW0001;GL1398565D;01/07/2026
GAZ;0688;DMS0001;GL0350406N;01/07/2026
GAZ;0688;DRW0001;GL0045978Y;01/07/2026
GAZ;0688;DSW0001;GL0040392A;01/07/2026
GAZ;0688;DMS0001;GL0212510N;01/07/2026
GAZ;0688;DMS0001;GL0397589F;01/07/2026
GAZ;0688;DEW0001;GL0603441D;01/07/2026
GAZ;0688;DLS0001;GL0903296Y;01/07/2026
GAZ;0688;DLS0001;GL0903321B;01/07/2026
GAZ;0688;DLS0001;GL0903282G;01/07/2026
GAZ;0688;DMS0001;GL0018043D;01/07/2026
GAZ;0688;DMS0001;GL0963077F;01/07/2026
GAZ;0688;DSW0001;GL0830047K;01/07/2026
GAZ;0688;DSW0001;GL0044258T;01/07/2026
GAZ;0688;DCW0001;GL0060095P;01/07/2026
GAZ;0688;DEW0001;GL0782744G;01/07/2026
ING;0001;DSW0409;GL0038631Z;01/07/2026
ING;0600;DSW0001;GL1389056Y;01/07/2026
ING;0600;DSW0001;GL1389055X;01/07/2026
ING;0409;DSW0001;GL0038630Y;01/07/2026
ING;0001;DEW0490;GL0999794E;01/07/2026
ING;0306;DCW0166;GL0221052W;01/07/2026
ING;0341;DLS0001;GL0447479Z;01/07/2026
GAZ;0688;DSW0001;GL0045836L;01/07/2026
GAZ;0688;DNA0001;GL0441648Y;01/07/2026
GAZ;0688;DCW0001;GL0025056Y;01/07/2026
GAZ;0688;DLS0001;GL1313609M;01/07/2026
GAZ;0688;DLS0001;GL1313623D;01/07/2026
GAZ;0688;DMS0001;GL0010467V;01/07/2026
GAZ;0688;DLS0001;GL1313649H;01/07/2026
GAZ;0688;DMS0001;GL0010465S;01/07/2026
GAZ;0688;DMS0001;GL0010445V;01/07/2026
GAZ;0688;DMS0001;GL0010441P;01/07/2026
GAZ;0688;DMS0001;GL0010266R;01/07/2026
GAZ;0688;DMS0001;GL0009994G;01/07/2026
GAZ;0688;DMS0001;GL0015831P;01/07/2026
GAZ;0688;DMS0001;GL0839289M;01/07/2026
GAZ;0688;DEW0001;GL0009453S;01/07/2026
GAZ;0688;DNA0001;GL0053342R;01/07/2026
GAZ;0688;DRW0001;GL1168384J;01/07/2026
GAZ;0688;DSW0001;GL1027121H;01/07/2026
GAZ;0688;DSW0001;GL1027020T;01/07/2026
GAZ;0688;DSW0001;GL1595893P;01/07/2026
GAZ;0688;DSW0001;GL1595945Z;01/07/2026
GAZ;0688;DEW0001;GL0212423P;01/07/2026
GAZ;0688;DCW0001;GL0530483X;01/07/2026
GAZ;0688;DMS0001;GK1611593F;01/07/2026
GAZ;0688;DMS0001;GL0330231M;01/07/2026
GAZ;0688;DMS0001;GL1424145X;01/07/2026
GAZ;0688;DMS0001;GL1523403P;01/07/2026
GAZ;0688;DEW0001;GL1542295H;01/07/2026
GAZ;0688;DEW0001;GL1542027D;01/07/2026
GAZ;0688;DSW0001;GL0043150J;01/07/2026
GAZ;0688;DNA0001;GL0027200J;01/07/2026
GAZ;0688;DSW0001;GL0063878N;01/07/2026
GAZ;0688;DRW0001;GL0047053V;01/07/2026
GAZ;0688;DEW0001;GL0217546L;01/07/2026
GAZ;0688;DSW0001;GL0036815K;01/07/2026
GAZ;0688;DSW0001;GL1595961S;01/07/2026
GAZ;0688;DSW0001;GL0042529D;01/07/2026
GAZ;0688;DSW0001;GL0042540R;01/07/2026
GAZ;0688;DEW0001;GL0052524L;01/07/2026
GAZ;0688;DSW0001;GL1378442L;01/07/2026
ING;0414;DRW0184;GL0327461P;01/07/2026
ING;0001;DSW0148;GL0056496A;01/07/2026
ING;0261;DLS0034;GL0048211K;01/07/2026
GAZ;0688;DNA0001;GL0028242T;01/07/2026
GAZ;0688;DNA0001;GL0054459K;01/07/2026
GAZ;0688;DSW0001;GL0044547X;01/07/2026
GAZ;0688;DCW0001;GL0039382C;01/07/2026
GAZ;0688;DSW0001;GL0682118J;01/07/2026
ING;0414;DRW0453;GL0909696W;01/07/2026
GAZ;0688;DNA0001;GL0687612C;01/07/2026
GAZ;0688;DMS0001;GL0012221M;01/07/2026
GAZ;0688;DEW0001;GL1542033K;01/07/2026
GAZ;0688;DMS0001;GL0012645V;01/07/2026
GAZ;0688;DSW0001;GL0661867X;01/07/2026
GAZ;0688;DEW0691;GL1368045X;01/07/2026
GAZ;0688;DEW0001;GL0052991S;01/07/2026
GAZ;0688;DEW0001;GL0053007K;01/07/2026
GAZ;0688;DEW0001;GL0053104W;01/07/2026
GAZ;0688;DEW0001;GL0053057S;01/07/2026
GAZ;0688;DSW0001;GL0045563B;01/07/2026
GAZ;0688;DMS0001;GL0350423H;01/07/2026
ING;0653;DRW0169;GL0023488R;01/07/2026
GAZ;0688;DSW0001;GL0027703F;01/07/2026
GAZ;0688;DLS0001;GL0860241X;01/07/2026
GAZ;0688;DRW0001;GL0047044J;01/07/2026
GAZ;0688;DSW0001;GL0046472J;01/07/2026
GAZ;0688;DSW0001;GL0046479S;01/07/2026
GAZ;0688;DSW0001;GL0052201V;01/07/2026
GAZ;0688;DSW0001;GL0052214J;01/07/2026
GAZ;0688;DEW0001;GL1183825F;01/07/2026
GAZ;0688;DEW0001;GL1183809M;01/07/2026
GAZ;0688;DNA0001;GL0053340N;01/07/2026
GAZ;0688;DNA0001;GL0053334G;01/07/2026
GAZ;0688;DNA0001;GL0052145F;01/07/2026
GAZ;0688;DSW0001;GL0045959B;01/07/2026
GAZ;0688;DLS0001;GL0887789B;01/07/2026
ING;0001;DLS0245;GK0066304W;01/07/2026
GAZ;0688;DSW0001;GL0045360W;01/07/2026
GAZ;0688;DSW0001;GL0549182W;01/07/2026
GAZ;0688;DSW0001;GL0549319B;01/07/2026
GAZ;0688;DSW0001;GL1441935M;01/07/2026
GAZ;0688;DSW0001;GL1444180N;01/07/2026
GAZ;0688;DMS0001;GL0900087B;01/07/2026
GAZ;0688;DEW0800;GL0428055B;01/07/2026
GAZ;0688;DMS0001;GL0061231F;01/07/2026
GAZ;0688;DMS0001;GL0061232G;01/07/2026
GAZ;0688;DSW0001;GL0057823H;01/07/2026
GAZ;0688;DMS0001;GL1382169X;01/07/2026
ING;0001;DEW0490;GL0999793D;01/07/2026
GAZ;0688;DSW0001;GL0051891S;01/07/2026
GAZ;0688;DSW0001;GL0926028E;01/07/2026
ING;0001;DOS0119;GL0853811P;01/07/2026
ING;0001;DRW0453;GL0909696W;01/07/2026
GAZ;0688;DMS0001;GL0012452A;01/07/2026
GAZ;0688;DMS0001;GL0905165X;01/07/2026
GAZ;0688;DSW0001;GL0011955K;01/07/2026
GAZ;0688;DSW0001;GL0011668J;01/07/2026
GAZ;0688;DSW0001;GL0584324E;01/07/2026
GAZ;0688;DCW0001;GL1091867H;01/07/2026
GAZ;0688;DSW0001;GL0011979M;01/07/2026
GAZ;0688;DMS0001;GL1242155P;01/07/2026
GAZ;0688;DSW0001;GL0045718C;01/07/2026
GAZ;0688;DRW0001;GL0047645S;01/07/2026
GAZ;0688;DMS0001;GL0350416A;01/07/2026
GAZ;0688;DCW0001;GL0064113F;01/07/2026
GAZ;0688;DMS0001;GL0745048W;01/07/2026
GAZ;0688;DSW0001;GL0040382N;01/07/2026
GAZ;0688;DSW0001;GL1367066J;01/07/2026
GAZ;0688;DSW0001;GL0040383P;01/07/2026
GAZ;0688;DRW0001;GL0045061F;01/07/2026
GAZ;0688;DRW0001;GL0023491V;01/07/2026
ING;0001;DSW0628;GL0027882J;01/07/2026
GAZ;0688;DLS0001;GL0059577B;01/07/2026
GAZ;0688;DNA0001;GL1567412A;01/07/2026
GAZ;0688;DMS0001;GL1614940J;01/07/2026
GAZ;0688;DMS0001;GL1523326C;01/07/2026
ING;0001;DRW0169;GL0023488R;01/07/2026
ING;0169;DRW0001;GL0023492W;01/07/2026
ING;0547;DRW0001;GL0030151M;01/07/2026
ING;0001;DCW0148;GL0025239F;01/07/2026
ING;0001;DRW0631;GL0044144N;01/07/2026
ING;0261;DLS0001;GL0048216R;01/07/2026
ING;0344;DRW0001;GL0044211P;01/07/2026
ING;0034;DLS0001;GL0048216R;01/07/2026
ING;0360;DCW0001;GL0028595V;01/07/2026
ING;0185;DSW0001;GL0369631K;01/07/2026
ING;0185;DMS0001;GL0352841F;01/07/2026
ING;0185;DLS0001;GL0759720T;01/07/2026
ING;0185;DNA0001;GL0433588N;01/07/2026
ING;0185;DCW0001;GL0029593D;01/07/2026
ING;0185;DRW0001;GL0355360T;01/07/2026
ING;0185;DEW0001;GK0001483K;01/07/2026
ING;0693;DCW0001;GL0388392E;01/07/2026
ING;0539;DMS0400;GL0812393Z;01/07/2026
ING;0539;DSW0001;GL0038630Y;01/07/2026
ING;0102;DMS0001;GL0016766C;01/07/2026
ING;0102;DMS0001;GL0006716G;01/07/2026
ING;0378;DSW0001;GL0031955M;01/07/2026
ING;0001;DMS0442;GK0913449K;01/07/2026
ING;0001;DSW0378;GL0217368J;01/07/2026
ING;0361;DMS0756;GL0018420G;01/07/2026
ING;0693;DCW0322;GL0029675X;01/07/2026
GAZ;0688;DNA0001;GL0027287H;01/07/2026
ING;0105;DSW0001;GL0061781F;01/07/2026
ING;0001;DMS0441;GK0001295X;01/07/2026
ING;0001;DEW0490;GL0999797H;01/07/2026
ING;0001;DOS0119;GK1682778Y;01/07/2026
ING;0001;DOS0658;GK0064787X;01/07/2026
ING;0158;DEW0691;GL1367913X;01/07/2026
ING;0102;DMS0001;GL0873818A;01/07/2026
GAZ;0688;DSW0001;GL0045720E;01/07/2026
GAZ;0688;DSW0001;GL0591995X;01/07/2026
ING;0551;DRW0001;GL0688854N;01/07/2026
ING;0551;DRW0001;GL0023242L;01/07/2026
ING;0551;DRW0001;GL0982452Y;01/07/2026
ING;0551;DRW0001;GL1465663B;01/07/2026
ING;0551;DRW0001;GL0670911Z;01/07/2026
ING;0551;DRW0001;GL0622201X;01/07/2026
ING;0551;DRW0001;GL0643998R;01/07/2026
ING;0551;DRW0001;GL0670932Y;01/07/2026
ING;0551;DRW0001;GL0644787M;01/07/2026
ING;0551;DRW0001;GL0644014J;01/07/2026
ING;0551;DRW0001;GL0644020R;01/07/2026
ING;0551;DRW0001;GL0829319H;01/07/2026
ING;0551;DRW0001;GL1050277X;01/07/2026
ING;0551;DRW0001;GL0594624J;01/07/2026
ING;0551;DRW0001;GL0007801P;01/07/2026
ING;0551;DRW0001;GL0007866N;01/07/2026
ING;0551;DRW0001;GL0721871H;01/07/2026
ING;0551;DRW0001;GL0594611V;01/07/2026
ING;0551;DRW0001;GL0007630W;01/07/2026
ING;0551;DRW0001;GL0023395K;01/07/2026
ING;0551;DRW0001;GL0007791D;01/07/2026
ING;0551;DRW0001;GL0007391Z;01/07/2026
ING;0551;DRW0001;GL0376866G;01/07/2026
ING;0551;DRW0001;GL0023275Z;01/07/2026
ING;0551;DRW0001;GL0041948T;01/07/2026
ING;0551;DRW0001;GL0055783P;01/07/2026
ING;0551;DRW0001;GL0220802L;01/07/2026
ING;0551;DRW0001;GL0023134N;01/07/2026
ING;0551;DRW0001;GL0007522Y;01/07/2026
ING;0551;DRW0001;GL0023387B;01/07/2026
ING;0551;DRW0001;GL0029868R;01/07/2026
ING;0551;DRW0001;GL0044171V;01/07/2026
ING;0551;DRW0001;GL0023114R;01/07/2026
ING;0551;DRW0001;GL0448600Y;01/07/2026
ING;0551;DRW0001;GL0391374T;01/07/2026
ING;0551;DRW0001;GL0573607B;01/07/2026
ING;0551;DRW0001;GL0507275Z;01/07/2026
ING;0551;DRW0001;GL0507153K;01/07/2026
ING;0551;DRW0001;GL0007439D;01/07/2026
ING;0551;DRW0001;GL0025540Y;01/07/2026
ING;0551;DRW0001;GL1232630R;01/07/2026
ING;0551;DRW0001;GL0023883P;01/07/2026
ING;0551;DRW0001;GL1315458N;01/07/2026
GAZ;0688;DSW0001;GL0039960J;01/07/2026
ING;0551;DRW0001;GL0307580Y;01/07/2026
ING;0551;DRW0001;GL0231795D;01/07/2026
ING;0551;DRW0001;GL0029891S;01/07/2026
ING;0551;DRW0001;GL0055788W;01/07/2026
GAZ;0688;DSW0001;GL0765851K;01/07/2026
ING;0551;DRW0001;GL0836058R;01/07/2026
ING;0551;DRW0001;GL0007785X;01/07/2026
GAZ;0688;DSW0001;GL1518546W;01/07/2026
GAZ;0688;DSW0001;GL0218120N;01/07/2026
GAZ;0688;DSW0001;GL0044693M;01/07/2026
GAZ;0688;DSW0001;GL0045674C;01/07/2026
ING;0551;DRW0001;GL0044252L;01/07/2026
ING;0551;DRW0001;GL0386467S;01/07/2026
ING;0551;DRW0001;GL1023599F;01/07/2026
GAZ;0688;DLS0001;GL0048253H;01/07/2026
ING;0551;DRW0001;GL0232817P;01/07/2026
ING;0001;DSW0346;GL0347551V;01/07/2026
ING;0346;DSW0001;GL0973179K;01/07/2026
GAZ;0688;DMS0001;GL0015125M;01/07/2026
ING;0551;DRW0001;GL1180984C;01/07/2026
GAZ;0688;DNA0001;GL0048577B;01/07/2026
GAZ;0688;DSW0001;GL0028726T;01/07/2026
GAZ;0688;DMS0001;GL0015190L;01/07/2026
GAZ;0688;DMS0001;GL0396978L;01/07/2026
ING;0551;DRW0001;GL1217852Y;01/07/2026
ING;0551;DRW0001;GL1151586W;01/07/2026
ING;0105;DSW0001;GL0220838C;01/07/2026
ING;0551;DRW0001;GL0229058T;01/07/2026
ING;0001;DMS0442;GL1448534L;01/07/2026
ING;0001;DMS0442;GL1448528E;01/07/2026
GAZ;0688;DEW0001;GL1463381H;01/07/2026
ING;0001;DMS0502;GL1345652A;01/07/2026
GAZ;0688;DSW0001;GL0371277F;01/07/2026
ING;0001;DOS0119;GK0463146C;01/07/2026
ING;0551;DRW0001;GL1317867B;01/07/2026
ING;0551;DRW0001;GL1128148L;01/07/2026
ING;0450;DCW0001;GL0001719D;01/07/2026
ING;0450;DCW0001;GL0001700G;01/07/2026
ING;0450;DCW0001;GL1586603H;01/07/2026
ING;0450;DCW0001;GL0001716A;01/07/2026
ING;0450;DCW0001;GL0001720E;01/07/2026
ING;0450;DCW0001;GL0001724J;01/07/2026
ING;0450;DCW0001;GL0001718C;01/07/2026
ING;0450;DCW0001;GL0001722G;01/07/2026
ING;0450;DCW0001;GL0001721F;01/07/2026
ING;0450;DCW0001;GL0001714Y;01/07/2026
ING;0450;DCW0001;GL0001705M;01/07/2026
ING;0450;DCW0001;GL0001701H;01/07/2026
ING;0450;DCW0001;GL0001710T;01/07/2026
ING;0450;DCW0001;GL0001713X;01/07/2026
ING;0450;DCW0001;GL0001712W;01/07/2026
ING;0450;DCW0001;GL0001703K;01/07/2026
ING;0450;DCW0001;GL0025167Z;01/07/2026
ING;0450;DCW0001;GL0001717B;01/07/2026
ING;0450;DCW0001;GL0001702J;01/07/2026
ING;0450;DCW0001;GL1272570C;01/07/2026
ING;0450;DCW0001;GL0001708R;01/07/2026
ING;0450;DCW0001;GL0001715Z;01/07/2026
GAZ;0688;DEW0001;GL0856343S;01/07/2026
GAZ;0688;DEW0001;GL0857337X;01/07/2026
ING;0551;DRW0001;GL0025549H;01/07/2026
GAZ;0688;DSW0001;GL0633543K;01/07/2026
GAZ;0688;DEW0001;GL0052968R;01/07/2026
GAZ;0688;DEW0001;GL0052928W;01/07/2026
GAZ;0688;DEW0001;GL0052951X;01/07/2026
GAZ;0688;DEW0001;GL0052971V;01/07/2026
GAZ;0688;DEW0001;GL0052918J;01/07/2026
GAZ;0688;DEW0001;GL0052905V;01/07/2026
GAZ;0688;DEW0001;GL0052903S;01/07/2026
GAZ;0688;DEW0001;GL0052945P;01/07/2026
GAZ;0688;DSW0001;GL0612829X;01/07/2026
GAZ;0688;DMS0001;GL0298645V;01/07/2026
GAZ;0688;DMS0001;GL0905311M;01/07/2026
GAZ;0688;DMS0001;GL0905308J;01/07/2026
GAZ;0688;DRW0001;GL0047986E;01/07/2026
GAZ;0688;DRW0001;GL0045350J;01/07/2026
GAZ;0688;DEW0001;GL1397666G;01/07/2026
GAZ;0688;DEW0001;GL1542288A;01/07/2026
GAZ;0688;DLS0001;GL0020452R;01/07/2026
GAZ;0688;DRW0001;GL0044765V;01/07/2026
GAZ;0688;DSW0001;GL0027705H;01/07/2026
GAZ;0688;DSW0001;GL0039966R;01/07/2026
GAZ;0688;DSW0001;GL0028747S;01/07/2026
GAZ;0688;DCW0001;GL1296109B;01/07/2026
ING;0551;DRW0001;GL0915566R;01/07/2026
ING;0551;DRW0001;GL0023093S;01/07/2026
ING;0551;DRW0001;GL0954872G;01/07/2026
ING;0511;DNA0001;GL0217344G;01/07/2026
ING;0501;DMS0001;GL1182804W;01/07/2026
ING;0551;DRW0001;GL1466895B;01/07/2026
GAZ;0688;DSW0001;GL0593031Z;01/07/2026
ING;0551;DRW0001;GL1573952G;01/07/2026
GAZ;0688;DRW0001;GL0673278N;01/07/2026
GAZ;0688;DSW0001;GL0731071M;01/07/2026
GAZ;0688;DSW0001;GL0045889X;01/07/2026
GAZ;0688;DSW0001;GL0863731M;01/07/2026
GAZ;0688;DSW0001;GL1231180T;01/07/2026
GAZ;0688;DCW0001;GL1072537S;01/07/2026
GAZ;0688;DCW0001;GL0027165V;01/07/2026
GAZ;0688;DRW0001;GL0045346E;01/07/2026
GAZ;0688;DEW0001;GL1527471M;01/07/2026
GAZ;0688;DEW0001;GL0052568L;01/07/2026
GAZ;0688;DMS0001;GL0015774A;01/07/2026
GAZ;0688;DMS0001;GL1389194E;01/07/2026
GAZ;0688;DSW0001;GL1367284G;01/07/2026
GAZ;0688;DSW0001;GL0036850A;01/07/2026
GAZ;0688;DEW0800;GL0217854L;01/07/2026
GAZ;0688;DSW0001;GL0012686R;01/07/2026
GAZ;0688;DSW0001;GL0012755V;01/07/2026
GAZ;0688;DSW0001;GL0042586T;01/07/2026
GAZ;0688;DMS0001;GL0019571P;01/07/2026
GAZ;0688;DNA0001;GL0053381K;01/07/2026
GAZ;0688;DEW0001;GL0703186A;01/07/2026
GAZ;0688;DSW0001;GL0863738W;01/07/2026
GAZ;0688;DSW0001;GL0852369B;01/07/2026
GAZ;0688;DCW0001;GL0560320C;01/07/2026
GAZ;0688;DCW0001;GL0560317Z;01/07/2026
GAZ;0688;DMS0001;GL0291615F;01/07/2026
GAZ;0688;DMS0001;GL0291614E;01/07/2026
GAZ;0688;DSW0001;GL0045680J;01/07/2026
GAZ;0688;DEW0001;GL0052270Y;01/07/2026
GAZ;0688;DSW0001;GL0302104A;01/07/2026
GAZ;0688;DSW0364;GL0032112R;01/07/2026
GAZ;0688;DLS0001;GL1642291P;01/07/2026
GAZ;0688;DNA0001;GL0743036J;01/07/2026
ING;0551;DRW0001;GL0023386A;01/07/2026
ING;0551;DRW0001;GL0007958T;01/07/2026
ING;0511;DNA0001;GL0231149V;01/07/2026
ING;0511;DNA0001;GL0217352R;01/07/2026
ING;0551;DRW0001;GL0007483D;01/07/2026
ING;0551;DRW0001;GL0041955B;01/07/2026
ING;0551;DRW0001;GL0062786Y;01/07/2026
GAZ;0688;DMS0001;GL1385027V;01/07/2026
GAZ;0688;DMS0001;GL1385024R;01/07/2026
GAZ;0688;DEW0001;GL0052902R;01/07/2026
GAZ;0688;DEW0800;GL0218421F;01/07/2026
GAZ;0688;DMS0001;GL0010336W;01/07/2026
ING;0441;DMS0001;GL0018042C;01/07/2026
ING;0551;DRW0001;GL0042083X;01/07/2026
GAZ;0688;DEW0001;GL0297483Z;01/07/2026
GAZ;0688;DEW0001;GL0297386N;01/07/2026
GAZ;0688;DEW0001;GL0415202W;01/07/2026
GAZ;0688;DRW0001;GL0046733F;01/07/2026
ING;0551;DRW0001;GL1481359M;01/07/2026
ING;0551;DRW0001;GL1481369Z;01/07/2026
ING;0551;DRW0001;GL1462667X;01/07/2026
ING;0551;DRW0001;GL0023389D;01/07/2026
ING;0551;DRW0001;GL0815118W;01/07/2026
ING;0551;DRW0001;GL0023835K;01/07/2026
ING;0551;DRW0001;GL0922574E;01/07/2026
GAZ;0688;DEW0800;GL1017771H;01/07/2026
ING;0551;DRW0001;GL0023089M;01/07/2026
GAZ;0688;DRW0001;GL0044747Z;01/07/2026
GAZ;0688;DSW0001;GL0037800E;01/07/2026
GAZ;0688;DMS0001;GL0006623B;01/07/2026
GAZ;0688;DEW0001;GL0898579M;01/07/2026
ING;0001;DEW0490;GL0999790A;01/07/2026
GAZ;0688;DMS0001;GL1649903P;01/07/2026
GAZ;0688;DSW0001;GL1648247H;01/07/2026
GAZ;0688;DSW0001;GL1573739P;01/07/2026
GAZ;0688;DLS0001;GL1036906C;01/07/2026
GAZ;0688;DRW0001;GL0046711F;01/07/2026
ING;0551;DRW0001;GL0291038A;01/07/2026
ING;0551;DRW0001;GL1667564J;01/07/2026
ING;0551;DRW0001;GL0007790C;01/07/2026
ING;0551;DRW0001;GL1402572G;01/07/2026
ING;0551;DRW0001;GL0056159S;01/07/2026
ING;0551;DRW0001;GL1161854N;01/07/2026
ING;0551;DRW0001;GL1161969V;01/07/2026
ING;0551;DRW0001;GL1161907Z;01/07/2026
ING;0551;DRW0001;GL1161832N;01/07/2026
ING;0551;DRW0001;GL1161679P;01/07/2026
ING;0551;DRW0001;GL1161812R;01/07/2026
ING;0551;DRW0001;GL1161951Z;01/07/2026
ING;0551;DRW0001;GL1161984L;01/07/2026
ING;0551;DRW0001;GL0023394J;01/07/2026
ING;0551;DRW0001;GL1148216R;01/07/2026
ING;0551;DRW0001;GL1349609X;01/07/2026
GAZ;0688;DCW0001;GL1266033Z;01/07/2026
ING;0511;DNA0001;GL0231148T;01/07/2026
ING;0551;DRW0001;GL1501926J;01/07/2026
ING;0551;DRW0001;GL0595424T;01/07/2026
ING;0551;DRW0001;GL0007358L;01/07/2026
ING;0551;DRW0001;GL1127096R;01/07/2026
GAZ;0688;DCW0001;GL0059637V;01/07/2026
GAZ;0688;DNA0001;GL0042872T;01/07/2026
ING;0551;DRW0001;GL0042048G;01/07/2026
GAZ;0688;DSW0001;GL0682108Y;01/07/2026
GAZ;0688;DSW0001;GL0217896J;01/07/2026
GAZ;0688;DRW0001;GL0048161D;01/07/2026
ING;0551;DRW0001;GL0023115S;01/07/2026
GAZ;0688;DNA0001;GL0232833H;01/07/2026
GAZ;0688;DSW0001;GL0484172W;01/07/2026
GAZ;0688;DMS0001;GL0639352L;01/07/2026
GAZ;0688;DSW0001;GL0044501V;01/07/2026
GAZ;0688;DSW0001;GL0231626L;01/07/2026
GAZ;0688;DMS0001;GL0016330G;01/07/2026
GAZ;0688;DLS0001;GL0019892E;01/07/2026
ING;0551;DRW0001;GL0409180C;01/07/2026
ING;0551;DRW0001;GL0637607D;01/07/2026
ING;0551;DRW0001;GL0605571Z;01/07/2026
ING;0551;DRW0001;GL1667787M;01/07/2026
ING;0551;DRW0001;GL0056162W;01/07/2026
ING;0551;DRW0001;GL0056161V;01/07/2026
ING;0551;DRW0001;GL0056111M;01/07/2026
ING;0551;DRW0001;GL0056094T;01/07/2026
ING;0551;DRW0001;GL0643988E;01/07/2026
ING;0551;DRW0001;GL1638784E;01/07/2026
ING;0551;DRW0001;GL0045191D;01/07/2026
ING;0551;DRW0001;GL1412351V;01/07/2026
ING;0551;DRW0001;GL0045196J;01/07/2026
GAZ;0688;DRW0001;GL1670878A;01/07/2026
GAZ;0688;DRW0001;GL0425275S;01/07/2026
GAZ;0688;DRW0001;GL0212434C;01/07/2026
GAZ;0688;DRW0001;GL0212438G;01/07/2026
GAZ;0688;DRW0001;GL0044985V;01/07/2026
GAZ;0688;DRW0001;GL0044984T;01/07/2026
GAZ;0688;DEW0001;GL0906589P;01/07/2026
ING;0551;DRW0608;GL0044186L;01/07/2026
ING;0551;DRW0001;GL0924416Y;01/07/2026
ING;0551;DRW0001;GL0023300C;01/07/2026
ING;0551;DRW0001;GL0023298A;01/07/2026
GAZ;0688;DEW0001;GL0052880R;01/07/2026
ING;0551;DRW0001;GL0023834J;01/07/2026
ING;0551;DRW0001;GL1148227D;01/07/2026
ING;0551;DRW0001;GL1459213X;01/07/2026
ING;0551;DRW0001;GL1148232J;01/07/2026
ING;0551;DRW0001;GL1459209S;01/07/2026
ING;0551;DRW0001;GL0062780R;01/07/2026
GAZ;0688;DSW0001;GL0044491H;01/07/2026
ING;0551;DRW0001;GL0007814E;01/07/2026
GAZ;0688;DEW0001;GL1428595D;01/07/2026
ING;0551;DRW0001;GL0955740T;01/07/2026
GAZ;0688;DLS0001;GL0048772Y;01/07/2026
GAZ;0688;DMS0001;GL1241733K;01/07/2026
ING;0551;DRW0001;GL0506716N;01/07/2026
ING;0001;DMS0148;GL0009825P;01/07/2026
GAZ;0688;DSW0001;GL0040211V;01/07/2026
GAZ;0688;DSW0001;GL0040188T;01/07/2026
ING;0551;DRW0001;GL1676710C;01/07/2026
GAZ;0688;DRW0001;GL0046997F;01/07/2026
ING;0551;DRW0001;GL0507175K;01/07/2026
ING;0551;DRW0001;GL0506754G;01/07/2026
ING;0551;DRW0001;GL0506774E;01/07/2026
ING;0551;DRW0001;GL0507284J;01/07/2026
ING;0551;DRW0001;GL0507315V;01/07/2026
GAZ;0688;DSW0001;GL1027118E;01/07/2026
GAZ;0688;DLS0001;GL1721452W;01/07/2026
GAZ;0688;DLS0001;GL1721448R;01/07/2026
GAZ;0688;DSW0001;GL1459907K;01/07/2026
GAZ;0688;DEW0001;GL0898582R;01/07/2026
GAZ;0688;DSW0001;GL0061815V;01/07/2026
GAZ;0688;DRW0001;GL0007831Z;01/07/2026
GAZ;0688;DEW0001;GL0297454R;01/07/2026
GAZ;0688;DMS0001;GL0639399P;01/07/2026
GAZ;0688;DMS0001;GL0007049K;01/07/2026
ING;0551;DRW0001;GL0231099M;01/07/2026
ING;0551;DRW0001;GL0409177Z;01/07/2026
ING;0551;DRW0001;GL1175790A;01/07/2026
GAZ;0688;DRW0001;GL0044372Y;01/07/2026
ING;0551;DRW0001;GL0221088L;01/07/2026
GAZ;0688;DSW0001;GL0038867S;01/07/2026
ING;0551;DRW0001;GL0007703D;01/07/2026
GAZ;0688;DRW0001;GL0047000J;01/07/2026
BIO;0367;DMS0001;GL1522191M;01/07/2026
ING;0001;DOS0658;GB0306215X;01/07/2026
GAZ;0688;DSW0001;GL0715036R;01/07/2026
HAC;0804;DEW0001;GL0783751B;01/07/2026
HAC;0804;DEW0001;GL1377233M;01/07/2026
HAC;0804;DLS0512;GL1439757M;01/07/2026
HAC;0804;DEW0001;GL0009511H;01/07/2026
HAC;0804;DEW0001;GL1031482N;01/07/2026
HAC;0804;DNA0349;GL0228942L;01/07/2026
HAC;0804;DMS0001;GL0013232L;01/07/2026
GAZ;0688;DNA0001;GL0048418W;01/07/2026
GAZ;0688;DMS0001;GL1647242R;01/07/2026
ING;0001;DCW0490;GL0999807V;01/07/2026
