NOT;72282H-OFFICE;DSW0001;GK1557997B;23/02/2026
NOT;75650P-OFFICE;DNA0001;GK1359173P;03/03/2026
NOT;75251P-OFFICE;DOS0001;GK0028780E;02/03/2026
NOT;73538K-OFFICE;DOS0119;GK1202927M;04/03/2026
NOT;56614S-OFFICE;DSW0001;GK0006837V;02/03/2026
NOT;54958N-OFFICE;DSW0001;GK0006837V;04/03/2026
NOT;48670P-OFFICE;DMS0001;GK0813681M;05/02/2026
NOT;62980T-OFFICE;DSW0001;GK0007140N;20/02/2026
NOT;54357Y-OFFICE;DSW0001;GK0009763V;03/03/2026
NOT;71569W-OFFICE;DSW0001;GK0009553F;03/03/2026
NOT;64647L-OFFICE;DOS0001;GK0322372G;04/03/2026
NOT;42450E-OFFICE;DCW0001;GK1016614T;04/03/2026
NOT;49894A-OFFICE;DSW0001;GK1364757K;02/03/2026
NOT;58588P-OFFICE;DSW0001;GK1364757K;27/02/2026
NOT;62467T-OFFICE;DMS0441;GK0001301D;04/03/2026
NOT;76598L-OFFICE;DNA0001;GK0001405X;02/03/2026
NOT;69442X-OFFICE;DSW0001;GK1434914J;23/02/2026
NOT;70349P-OFFICE;DCW0001;GK0001592J;02/03/2026
NOT;69944F-OFFICE;DMS0441;GK0001301D;04/03/2026
NOT;36613A-OFFICE;DEW0001;GK0666367K;04/03/2026
NOT;67102S-OFFICE;DEW0001;GK0001454C;03/03/2026
NOT;72411C-OFFICE;DOS0001;GK0028780E;02/03/2026
NOT;43631J-OFFICE;DSW0001;GK0625191V;03/03/2026
NOT;03006E-OFFICE;DOS0001;GK0220996G;27/02/2026
NOT;44624R-OFFICE;DCW0001;GK0001592J;20/02/2026
NOT;63826F-OFFICE;DLS0001;GK0302950L;04/03/2026
NOT;54089W-OFFICE;DLS0001;GK1009305M;25/02/2026
NOT;58421W-OFFICE;DEW0001;GK0940674Y;02/03/2026
NOT;72680F-OFFICE;DSW0001;GK0007136J;02/03/2026
NOT;52088L-OFFICE;DSW0001;GK1364757K;03/03/2026
NOT;60917D-OFFICE;DSW0001;GK0007137K;03/03/2026
NOT;72070D-OFFICE;DCW0001;GK0001592J;27/02/2026
NOT;74106H-OFFICE;DSW0001;GK0007300W;02/03/2026
NOT;37272S-OFFICE;DMS0001;GK0001198L;04/03/2026
NOT;66403Y-OFFICE;DOS0119;GK0364553P;03/03/2026
NOT;74603L-OFFICE;DMS0001;GK1359742L;12/02/2026
NOT;42840T-OFFICE;DLS0001;GK1007835S;03/03/2026
NOT;70999W-OFFICE;DMS0001;GK0001140W;04/03/2026
NOT;76425J-OFFICE;DEW0001;GK0744873X;02/03/2026
NOT;21069Y-OFFICE;DLS0001;GK0010152L;04/03/2026
NOT;74603L-OFFICE;DMS0001;GK1359742L;17/02/2026
NOT;39294C-OFFICE;DCW0001;GK0001592J;28/02/2026
NOT;73881L-OFFICE;DCW0001;GK0001592J;26/02/2026
NOT;74603L-OFFICE;DMS0001;GK1359742L;19/02/2026
NOT;15974T-OFFICE;DSW0001;GK0007136J;02/03/2026
NOT;74603L-OFFICE;DMS0001;GK1359742L;20/02/2026
NOT;50369A-OFFICE;DSW0001;GK1434914J;20/02/2026
NOT;57167W-OFFICE;DSW0373;GK0008832L;21/02/2026
NOT;62708K-OFFICE;DCW0001;GK0001592J;22/02/2026
NOT;43860K-OFFICE;DSW0001;GK0007312J;23/02/2026
NOT;67400J-OFFICE;DSW0001;GK1331613X;23/02/2026
NOT;71236F-OFFICE;DOS0001;GK0028786L;26/02/2026
NOT;65355T-OFFICE;DSW0001;GK0232191D;04/03/2026
NOT;70410W-OFFICE;DCW0001;GK0001592J;25/02/2026
NOT;43156J-OFFICE;DMS0441;GK0001109K;02/03/2026
NOT;63862D-OFFICE;DOS0119;GK0463516Y;04/03/2026
NOT;76793T-OFFICE;DMS0001;GK0001102C;02/03/2026
NOT;37012A-OFFICE;DMS0001;GK0064964Y;03/03/2026
NOT;72098R-OFFICE;DEW0001;GK0001508N;04/03/2026
NOT;54047P-OFFICE;DSW0001;GK0006510Y;02/03/2026
NOT;63515Y-OFFICE;DSW0001;GK0825886G;25/02/2026
NOT;69429D-OFFICE;DMS0001;GK0001267P;25/02/2026
NOT;70086T-OFFICE;DLS0001;GK0010136T;25/02/2026
NOT;67546B-OFFICE;DMS0001;GK0001267P;26/02/2026
NOT;76773S-OFFICE;DEW0001;GK0001436G;26/02/2026
NOT;61606K-OFFICE;DLS0001;GK0010131M;04/03/2026
NOT;74237E-OFFICE;DNA0001;GK0806453Z;27/02/2026
NOT;41393P-OFFICE;DCW0001;GK0001592J;27/02/2026
NOT;74943J-OFFICE;DOS0119;GK0463062G;27/02/2026
NOT;76729J-OFFICE;DLS0001;GK0009907H;02/03/2026
NOT;56025S-OFFICE;DMS0001;GK0001199M;27/02/2026
NOT;76820D-OFFICE;DMS0001;GK0001102C;27/02/2026
NOT;61026Y-OFFICE;DCW0001;GK0001592J;27/02/2026
NOT;74630Y-OFFICE;DMS0001;GK0001255B;27/02/2026
NOT;60209Y-OFFICE;DNA0001;GK0346347B;27/02/2026
NOT;67198T-OFFICE;DMS0001;GK0216826T;27/02/2026
NOT;67546B-OFFICE;DMS0001;GK0001267P;27/02/2026
NOT;42815K-OFFICE;DSW0001;GK1434914J;28/02/2026
NOT;76498E-OFFICE;DMS0001;GK0001102C;01/03/2026
NOT;30442E-OFFICE;DCW0348;GK0001619P;01/03/2026
NOT;47716J-OFFICE;DCW0001;GK0001583Z;02/03/2026
NOT;55799W-OFFICE;DNA0001;GK0052244T;02/03/2026
NOT;71746C-OFFICE;DOS0119;GK0463397M;02/03/2026
NOT;61452H-OFFICE;DSW0001;GK0645371B;02/03/2026
NOT;69908J-OFFICE;DMS0001;GK0001217H;02/03/2026
NOT;74424B-OFFICE;DCW0001;GK0001582Y;02/03/2026
NOT;72723N-OFFICE;DOS0119;GK1001822J;02/03/2026
NOT;73189B-OFFICE;DEW0001;GK0001436G;02/03/2026
NOT;65196J-OFFICE;DSW0001;GK0009698W;02/03/2026
NOT;76692K-OFFICE;DLS0001;GK0009907H;02/03/2026
NOT;73644A-OFFICE;DSW0001;GK0042393Z;02/03/2026
NOT;77290Y-OFFICE;DEW0001;GK0643272R;02/03/2026
NOT;75713Y-OFFICE;DMS0001;GK0216823P;02/03/2026
NOT;50789C-OFFICE;DSW0001;GK1331709F;02/03/2026
NOT;76006H-OFFICE;DNA0001;GK0052244T;03/03/2026
NOT;67521T-OFFICE;DEW0001;GK0503168G;03/03/2026
NOT;65459E-OFFICE;DOS0119;GK0364550L;03/03/2026
NOT;76564S-OFFICE;DNA0001;GK0001405X;03/03/2026
NOT;58124D-OFFICE;DCW0630;GK0001694A;03/03/2026
NOT;74272B-OFFICE;DMS0441;GK0001328J;03/03/2026
NOT;48739E-OFFICE;DCW0001;GK0001591H;03/03/2026
NOT;40492D-OFFICE;DSW0001;GK0625191V;03/03/2026
NOT;46184T-OFFICE;DMS0001;GK0001257D;03/03/2026
NOT;61522A-OFFICE;DSW0001;GK0006837V;03/03/2026
NOT;72236Y-OFFICE;DMS0001;GK0001138T;03/03/2026
NOT;46885R-OFFICE;DMS0001;GK0001142Y;03/03/2026
NOT;65818C-OFFICE;DEW0001;GK0819202L;03/03/2026
NOT;76623W-OFFICE;DNA0001;GK0993676C;03/03/2026
NOT;34545D-OFFICE;DMS0001;GK0001265M;03/03/2026
NOT;60577F-OFFICE;DLS0001;GK0010135S;03/03/2026
NOT;72090E-OFFICE;DOS0119;GK0939238R;03/03/2026
NOT;21231K-OFFICE;DLS0001;GK0010181V;03/03/2026
NOT;77266R-OFFICE;DEW0001;GK0643272R;03/03/2026
NOT;61031D-OFFICE;DMS0001;GK0001240J;03/03/2026
NOT;68331J-OFFICE;DCW0001;GK0001592J;03/03/2026
NOT;70819H-OFFICE;DMS0001;GK0001260G;03/03/2026
NOT;65055Z-OFFICE;DLS0001;GK0009953K;03/03/2026
NOT;75619Z-OFFICE;DNA0001;GK0001363Z;03/03/2026
NOT;72797K-OFFICE;DRW0001;GK0001058C;03/03/2026
NOT;48456H-OFFICE;DNA0001;GK0029055S;03/03/2026
NOT;49529W-OFFICE;DCW0001;GK1016614T;03/03/2026
NOT;49672H-OFFICE;DSW0001;GK1331613X;03/03/2026
NOT;54884R-OFFICE;DEW0001;GK0066095H;03/03/2026
NOT;70361E-OFFICE;DNA0001;GK0029058W;03/03/2026
NOT;76299T-OFFICE;DLS0001;GK1150624C;03/03/2026
NOT;54126T-OFFICE;DRW0001;GK0722008N;03/03/2026
NOT;31067C-OFFICE;DCW0001;GK0001579V;03/03/2026
NOT;70928B-OFFICE;DSW0001;GK0231891M;04/03/2026
NOT;56849B-OFFICE;DRW0001;GK0001047P;03/03/2026
NOT;75252R-OFFICE;DEW0001;GK0643272R;03/03/2026
NOT;41333K-OFFICE;DEW0001;GK1346822E;03/03/2026
NOT;72352A-OFFICE;DNA0001;GK0618828N;04/03/2026
NOT;74908N-OFFICE;DEW0001;GK0940674Y;04/03/2026
NOT;74443B-OFFICE;DMS0502;GK1335315D;04/03/2026
NOT;68281T-OFFICE;DMS0001;GK0001238G;04/03/2026
NOT;77452K-OFFICE;DRW0001;GK0008393M;04/03/2026
NOT;48889C-OFFICE;DSW0001;GK1364757K;04/03/2026
NOT;40326K-OFFICE;DNA0514;GK0311826Y;04/03/2026
NOT;67025R-OFFICE;DSW0001;GK0009887K;04/03/2026
NOT;71866K-OFFICE;DCW0001;GK0001592J;04/03/2026
NOT;43918L-OFFICE;DMS0001;GK0001234C;04/03/2026
NOT;71842D-OFFICE;DCW0001;GK0001574N;04/03/2026
NOT;41239L-OFFICE;DMS0001;GK0001275Z;04/03/2026
NOT;22929W-OFFICE;DMS0001;GK0216823P;04/03/2026
NOT;70248F-OFFICE;DNA0001;GK0806453Z;04/03/2026
NOT;76779A-OFFICE;DNA0001;GK0001405X;04/03/2026
NOT;51737A-OFFICE;DMS0001;GK0001262J;04/03/2026
NOT;74680N-OFFICE;DOS0001;GK0506000A;04/03/2026
NOT;60485K-OFFICE;DLS0001;GK0010176N;04/03/2026
NOT;65037A-OFFICE;DLS0001;GK1177752E;04/03/2026
NOT;57125P-OFFICE;DRW0001;GK0001064J;04/03/2026
NOT;72949K-OFFICE;DCW0001;GK0001574N;04/03/2026
NOT;63404B-OFFICE;DEW0001;GK0585822G;04/03/2026
NOT;72523A-OFFICE;DLS0001;GK0010162Y;04/03/2026
NOT;45961A-OFFICE;DSW0001;GK0007317P;04/03/2026
NOT;65834Z-OFFICE;DSW0001;GK1376091P;04/03/2026
NOT;47229T-OFFICE;DSW0001;GK0007317P;04/03/2026
NOT;66134T-OFFICE;DLS0001;GK0010153M;04/03/2026
NOT;70487X-OFFICE;DMS0001;GK0001273X;04/03/2026
NOT;38136D-OFFICE;DSW0001;GK0006647D;04/03/2026
NOT;31663L-OFFICE;DSW0001;GK0645371B;04/03/2026
NOT;45503Y-OFFICE;DLS0001;GK0010123D;04/03/2026
NOT;61452H-OFFICE;DSW0001;GK0645371B;04/03/2026
NOT;31259E-OFFICE;DSW0001;GK0008836R;04/03/2026
NOT;52178E-OFFICE;DSW0001;GK0231891M;04/03/2026
NOT;51593K-OFFICE;DNA0514;GK0312062R;04/03/2026
NOT;41243S-OFFICE;DMS0001;GK0001232A;04/03/2026
NOT;76531Z-OFFICE;DSW0001;GK0007139M;04/03/2026
NOT;62560R-OFFICE;DMS0001;GK0001267P;04/03/2026
NOT;65031S-OFFICE;DNA0001;GK0232641P;04/03/2026
NOT;54889Y-OFFICE;DEW0001;GK0744831Z;04/03/2026
NOT;72386W-OFFICE;DNA0001;GK0029047H;04/03/2026
NOT;70754Y-OFFICE;DNA0001;GK0001359V;04/03/2026
NOT;60372L-OFFICE;DRW0001;GK0811112T;04/03/2026
NOT;69154S-OFFICE;DNA0514;GK1351061X;04/03/2026
NOT;73676S-OFFICE;DNA0001;GK0993676C;04/03/2026
NOT;63193Z-OFFICE;DSW0001;GK0232191D;04/03/2026
NOT;63258J-OFFICE;DEW0800;GK1240912C;04/03/2026
NOT;70902S-OFFICE;DMS0441;GK0001325F;04/03/2026
NOT;76264Y-OFFICE;DMS0001;GK0216823P;04/03/2026
NOT;60574C-OFFICE;DEW0001;GK1346822E;04/03/2026
NOT;41532Y-OFFICE;DMS0001;GK0001234C;04/03/2026
NOT;75521W-OFFICE;DSW0001;GK0009769B;04/03/2026
NOT;74211X-OFFICE;DSW0001;GK0349326L;05/03/2026
NOT;70607D-OFFICE;DRW0001;GK0008400W;05/03/2026
NOT;76874A-OFFICE;DCW0001;GK0001598R;05/03/2026
NOT;69429D-OFFICE;DMS0001;GK0001267P;05/03/2026
NOT;76919J-OFFICE;DCW0001;GK0001685P;05/03/2026
NOT;72159X-OFFICE;DLS0001;GK0302950L;05/03/2026
NOT;54655P-OFFICE;DLS0001;GK0010180T;05/03/2026
