GX1459892T;03/08/2026;B00000003D;DSW
GX1482970T;03/08/2026;B00000003D;DSW
GX1716095H;03/08/2026;B00000003D;DSW
GX1748560A;03/08/2026;B00000002C;DRW
GX1742427F;03/08/2026;B00000002C;DRW
GX1721638G;03/08/2026;B00000002C;DRW
GX1713777Z;03/08/2026;B00000002C;DRW
GX1730901H;03/08/2026;B00000002C;DRW
GX1713793S;03/08/2026;B00000002C;DRW
GX1738597D;03/08/2026;B00000002C;DRW
GX1731986R;03/08/2026;B00000002C;DRW
GX1725117K;03/08/2026;B00000002C;DRW
GX1732790E;03/08/2026;B00000002C;DRW
GX1724995X;03/08/2026;B00000002C;DRW
GX1653982A;03/08/2026;B00000008J;DMS
GX1739483K;03/08/2026;B00000002C;DRW
GX1699586Y;03/08/2026;B00000002C;DRW
GX1713768N;03/08/2026;B00000002C;DRW
GX1746521H;03/08/2026;B00000002C;DRW
GX1695465P;03/08/2026;B00000002C;DRW
GX1717992N;03/08/2026;B00000002C;DRW
GX1745232T;03/08/2026;B00000002C;DRW
GX1718461X;03/08/2026;B00000002C;DRW
GX1725109B;03/08/2026;B00000002C;DRW
GX1729685B;03/08/2026;B00000002C;DRW
GX1739717B;03/08/2026;B00000002C;DRW
GX1744731Z;03/08/2026;B00000002C;DRW
GX1754748G;03/08/2026;B00000007H;DEW
GX1726644W;03/08/2026;B00000002C;DRW
GX1755032E;03/08/2026;B00000002C;DRW
GX1740127S;03/08/2026;B00000002C;DRW
GX1679984Y;03/08/2026;B00000006G;DLS
GX1745714R;03/08/2026;B00000002C;DRW
GX1718419Z;03/08/2026;B00000002C;DRW
GX1659818G;03/08/2026;B00000007H;DEW
GX1688710N;03/08/2026;B00000002C;DRW
GX1748873F;03/08/2026;B00000002C;DRW
GX1659908J;03/08/2026;B00000002C;DRW
GX1713758C;03/08/2026;B00000002C;DRW
GX1742456N;03/08/2026;B00000002C;DRW
GX1699445M;03/08/2026;B00000002C;DRW
GX1737741F;03/08/2026;B00000002C;DRW
GX1738657X;03/08/2026;B00000002C;DRW
GX1684119X;03/08/2026;B00000002C;DRW
GX1738017V;03/08/2026;B00000002C;DRW
GX1749399D;03/08/2026;B00000002C;DRW
GX1757850G;03/08/2026;B00000006G;DLS
GX1717703K;03/08/2026;B00000008J;DMS
GX1737437K;03/08/2026;B00000002C;DRW
GX1716089B;03/08/2026;B00000003D;DSW
GX1721221H;03/08/2026;B00000003D;DSW
GX1260502N;03/08/2026;B00000005F;DNA
GX1739215F;03/08/2026;B00000008J;DMS
GX1463690J;03/08/2026;B00000005F;DNA
GX1746795V;03/08/2026;B00000007H;DEW
GX1724961H;03/08/2026;B00000002C;DRW
GX1733450E;03/08/2026;B00000002C;DRW
GX1728549K;03/08/2026;B00000002C;DRW
GX1725092G;03/08/2026;B00000002C;DRW
GX1627176N;03/08/2026;B00000005F;DNA
GX1636425Z;03/08/2026;B00000002C;DRW
GX1725009M;03/08/2026;B00000002C;DRW
GX1744728W;03/08/2026;B00000002C;DRW
GX1744145H;03/08/2026;B00000002C;DRW
GX1733545M;03/08/2026;B00000002C;DRW
GX1672640C;03/08/2026;B00000002C;DRW
GX1733549S;03/08/2026;B00000002C;DRW
GX1702511X;03/08/2026;B00000006G;DLS
GX1739380T;03/08/2026;B00000003D;DSW
GX1737909X;03/08/2026;B00000003D;DSW
GX1729518L;03/08/2026;B00000003D;DSW
GX1558186R;03/08/2026;B00000003D;DSW
GX1759508R;03/08/2026;B00000002C;DRW
GX1733565K;03/08/2026;B00000002C;DRW
GX1566545P;03/08/2026;B00000002C;DRW
GX1722391M;03/08/2026;B00000003D;DSW
GX1704210C;03/08/2026;B00000002C;DRW
GX1482949V;03/08/2026;B00000003D;DSW
GX1689942N;03/08/2026;B00000008J;DMS
GX1744703S;03/08/2026;B00000002C;DRW
GX1761801X;03/08/2026;B00000008J;DMS
GX1754964C;01/08/2026;B00000005F;DNA
GX1753533B;01/08/2026;B00000005F;DNA
GX1741981Z;01/08/2026;B00000005F;DNA
GX1739706N;01/08/2026;B00000005F;DNA
GX1721931P;03/08/2026;B00000002C;DRW
GX1712144T;03/08/2026;B00000002C;DRW
GX1733524N;03/08/2026;B00000002C;DRW
GX1701774J;03/08/2026;B00000003D;DSW
GX1721265H;03/08/2026;B00000003D;DSW
GX1737732W;03/08/2026;B00000002C;DRW
GX1711460R;03/08/2026;B00000003D;DSW
GX1437778N;03/08/2026;B00000003D;DSW
GX1746896J;03/08/2026;B00000007H;DEW
GX1615690L;01/08/2026;B00000005F;DNA
GX1685716L;01/08/2026;B00000005F;DNA
GX1754231V;01/08/2026;B00000005F;DNA
GX1663275K;01/08/2026;B00000005F;DNA
GX1740694L;03/08/2026;B00000005F;DNA
GX1710618J;03/08/2026;B00000005F;DNA
GX1731160C;03/08/2026;B00000005F;DNA
GX1716682A;03/08/2026;B00000008J;DMS
GX1738650N;03/08/2026;B00000002C;DRW
GX1733542J;03/08/2026;B00000002C;DRW
GX1733522L;03/08/2026;B00000002C;DRW
GX1744583F;03/08/2026;B00000003D;DSW
GX1714531F;03/08/2026;B00000003D;DSW
GX1723270L;03/08/2026;B00000003D;DSW
GX1706741D;03/08/2026;B00000002C;DRW
GX1735979D;03/08/2026;B00000002C;DRW
GX1761783B;03/08/2026;B00000006G;DLS
GX1693203V;01/08/2026;B00000005F;DNA
GX1725268G;01/08/2026;B00000005F;DNA
GX1439770C;03/08/2026;B00000003D;DSW
GX1761846Y;03/08/2026;B00000008J;DMS
GX1758722Y;03/08/2026;B00000002C;DRW
GX1691363D;03/08/2026;B00000005F;DNA
GX1718302R;03/08/2026;B00000002C;DRW
GX1626528C;03/08/2026;B00000006G;DLS
GX1437779P;03/08/2026;B00000003D;DSW
GX1470667M;03/08/2026;B00000003D;DSW
GX1724997Z;03/08/2026;B00000002C;DRW
GX1736408R;01/08/2026;B00000005F;DNA
GX1731605H;01/08/2026;B00000005F;DNA
GX1549310E;03/08/2026;B00000003D;DSW
GX1674603H;03/08/2026;B00000003D;DSW
GX1747095K;03/08/2026;B00000006G;DLS
GX1750423S;03/08/2026;B00000007H;DEW
GX1618550L;03/08/2026;B00000003D;DSW
GX1717721F;03/08/2026;B00000005F;DNA
GX1699410Y;03/08/2026;B00000005F;DNA
GX1733994Y;03/08/2026;B00000008J;DMS
GX1727952G;03/08/2026;B00000002C;DRW
GX1612811P;03/08/2026;B00000003D;DSW
GX1727751D;03/08/2026;B00000002C;DRW
GX1760736L;03/08/2026;B00000006G;DLS
GX1738926C;03/08/2026;B00000005F;DNA
GX1639457V;03/08/2026;B00000003D;DSW
GX1757617S;03/08/2026;B00000007H;DEW
GX1732250R;03/08/2026;B00000002C;DRW
GX1755371P;03/08/2026;B00000002C;DRW
GX1733467Z;03/08/2026;B00000002C;DRW
GX1668549D;03/08/2026;B00000002C;DRW
GX1730265K;03/08/2026;B00000005F;DNA
GX1726216J;03/08/2026;B00000008J;DMS
GX1673941F;03/08/2026;B00000004E;DCW
GX1744216N;03/08/2026;B00000005F;DNA
GX1750189B;03/08/2026;B00000002C;DRW
GX1686831D;03/08/2026;B00000008J;DMS
GX1738277P;03/08/2026;B00000008J;DMS
GX1759805D;03/08/2026;B00000008J;DMS
GX1343469V;03/08/2026;B00000003D;DSW
GX1735641V;03/08/2026;B00000008J;DMS
GX1634712C;03/08/2026;B00000003D;DSW
GX1628505Z;03/08/2026;B00000004E;DCW
GX1758287D;03/08/2026;B00000005F;DNA
GX1697436E;03/08/2026;B00000006G;DLS
GX1760775F;03/08/2026;B00000007H;DEW
GX1717025P;03/08/2026;B00000002C;DRW
GX1722056G;03/08/2026;B00000002C;DRW
GX1732323Z;03/08/2026;B00000002C;DRW
GX1754464J;03/08/2026;B00000006G;DLS
GX1696484Y;03/08/2026;B00000003D;DSW
GX1746318C;03/08/2026;B00000002C;DRW
GX1644549F;03/08/2026;B00000008J;DMS
GX1727479V;03/08/2026;B00000001B;DOS
GX1753297H;03/08/2026;B00000001B;DOS
GX1698379B;03/08/2026;B00000003D;DSW
GX1634688A;03/08/2026;B00000003D;DSW
GX1748920J;03/08/2026;B00000005F;DNA
GX1714367V;03/08/2026;B00000003D;DSW
GX1729623F;03/08/2026;B00000003D;DSW
GX1729607M;03/08/2026;B00000002C;DRW
GX1754855D;03/08/2026;B00000005F;DNA
GX1695738A;03/08/2026;B00000003D;DSW
GX1646479Z;03/08/2026;B00000006G;DLS
GX1639722W;03/08/2026;B00000005F;DNA
GX1702464T;03/08/2026;B00000008J;DMS
GX1757402Y;03/08/2026;B00000002C;DRW
GX1706704L;03/08/2026;B00000005F;DNA
GX1747478W;03/08/2026;B00000008J;DMS
GX1734056T;03/08/2026;B00000001B;DOS
GX1738795D;03/08/2026;B00000003D;DSW
GX1742453K;03/08/2026;B00000002C;DRW
GX1750417K;03/08/2026;B00000007H;DEW
GX1731585K;03/08/2026;B00000002C;DRW
GX1746224W;03/08/2026;B00000005F;DNA
GX1669403Z;03/08/2026;B00000008J;DMS
GX1728846Y;03/08/2026;B00000005F;DNA
GX1759287P;03/08/2026;B00000008J;DMS
GX1697119V;03/08/2026;B00000003D;DSW
GX1732308G;03/08/2026;B00000008J;DMS
GX1740820E;03/08/2026;B00000005F;DNA
GX1732026L;03/08/2026;B00000001B;DOS
GX1760200C;03/08/2026;B00000002C;DRW
GX1732448R;03/08/2026;B00000002C;DRW
GX1760691K;03/08/2026;B00000001B;DOS
GX1679112G;03/08/2026;B00000005F;DNA
GX1389329H;03/08/2026;B00000003D;DSW
GX1698381D;03/08/2026;B00000003D;DSW
GX1643215P;03/08/2026;B00000006G;DLS
GX1686929P;03/08/2026;B00000003D;DSW
GX1735163B;03/08/2026;B00000001B;DOS
GX1742432L;03/08/2026;B00000005F;DNA
GX1686988G;03/08/2026;B00000003D;DSW
GX1753887D;03/08/2026;B00000007H;DEW
GX1712422J;03/08/2026;B00000007H;DEW
GX1690610Y;03/08/2026;B00000007H;DEW
GX1762071D;03/08/2026;B00000008J;DMS
GX1565204R;03/08/2026;B00000008J;DMS
GX1721294R;03/08/2026;B00000003D;DSW
GX1695056A;03/08/2026;B00000001B;DOS
GX1479681F;03/08/2026;B00000003D;DSW
GX1666093M;03/08/2026;B00000001B;DOS
GX1749335F;03/08/2026;B00000008J;DMS
GX1734053P;03/08/2026;B00000001B;DOS
GX1727378E;03/08/2026;B00000005F;DNA
GX1712932N;03/08/2026;B00000004E;DCW
GX1698393S;03/08/2026;B00000006G;DLS
GX1758921Z;03/08/2026;B00000001B;DOS
GX1689392N;03/08/2026;B00000004E;DCW
GX1698672J;03/08/2026;B00000003D;DSW
GX1614018L;03/08/2026;B00000003D;DSW
GX1743275V;03/08/2026;B00000005F;DNA
GX1722696J;03/08/2026;B00000003D;DSW
GX1762050E;03/08/2026;B00000008J;DMS
GX1636381Z;03/08/2026;B00000002C;DRW
GX1738225F;03/08/2026;B00000007H;DEW
GX1656745P;03/08/2026;B00000004E;DCW
GX1719029S;03/08/2026;B00000008J;DMS
GX1701237Z;03/08/2026;B00000003D;DSW
GX1745386T;03/08/2026;B00000008J;DMS
GX1733224Y;03/08/2026;B00000004E;DCW
GX1760983S;03/08/2026;B00000008J;DMS
GX1685408L;03/08/2026;B00000005F;DNA
GX1757102G;03/08/2026;B00000003D;DSW
GX1753505V;03/08/2026;B00000005F;DNA
GX1761478E;03/08/2026;B00000002C;DRW
GX1699546C;03/08/2026;B00000003D;DSW
GX1699501B;03/08/2026;B00000008J;DMS
GX1700838W;03/08/2026;B00000003D;DSW
GX1754113K;03/08/2026;B00000007H;DEW
GX1754422L;03/08/2026;B00000005F;DNA
GX1688269M;03/08/2026;B00000008J;DMS
GX1703637B;03/08/2026;B00000008J;DMS
GX1754496W;03/08/2026;B00000008J;DMS
GX1751056L;03/08/2026;B00000008J;DMS
GX1732933S;03/08/2026;B00000007H;DEW
GX1679140N;03/08/2026;B00000008J;DMS
GX1758524Y;03/08/2026;B00000005F;DNA
GX1758930J;03/08/2026;B00000001B;DOS
GX1746434J;03/08/2026;B00000005F;DNA
GX1746222T;03/08/2026;B00000005F;DNA
GX1749967Z;03/08/2026;B00000001B;DOS
GX1655160N;03/08/2026;B00000008J;DMS
GX1670960T;03/08/2026;B00000008J;DMS
GX1713741H;03/08/2026;B00000008J;DMS
GX1733814T;03/08/2026;B00000007H;DEW
GX1694859B;03/08/2026;B00000001B;DOS
GX1704203V;03/08/2026;B00000002C;DRW
GX1664434C;03/08/2026;B00000004E;DCW
GX1601016L;03/08/2026;B00000008J;DMS
GX1674667F;03/08/2026;B00000004E;DCW
GX1739978Y;03/08/2026;B00000003D;DSW
GX1733544L;03/08/2026;B00000008J;DMS
GX1746851H;03/08/2026;B00000008J;DMS
GX1620979X;03/08/2026;B00000006G;DLS
GX1701238A;03/08/2026;B00000003D;DSW
GX1452880A;03/08/2026;B00000008J;DMS
GX1692018Y;03/08/2026;B00000002C;DRW
GX1755498J;03/08/2026;B00000004E;DCW
GX1749921X;03/08/2026;B00000004E;DCW
GX1737775V;03/08/2026;B00000003D;DSW
GX1748394L;03/08/2026;B00000002C;DRW
GX1730099X;03/08/2026;B00000008J;DMS
GX1510647V;03/08/2026;B00000003D;DSW
GX1748843X;03/08/2026;B00000006G;DLS
GX1739842T;03/08/2026;B00000006G;DLS
GX1713944N;03/08/2026;B00000004E;DCW
GX1673223P;03/08/2026;B00000002C;DRW
GX1749333D;03/08/2026;B00000008J;DMS
GX1535784J;03/08/2026;B00000003D;DSW
GX1679955P;03/08/2026;B00000004E;DCW
GX1755452G;03/08/2026;B00000008J;DMS
GX1750120Y;03/08/2026;B00000004E;DCW
GX1701217B;03/08/2026;B00000002C;DRW
GX1701219D;03/08/2026;B00000002C;DRW
GX1717829D;03/08/2026;B00000003D;DSW
GX1754810C;03/08/2026;B00000008J;DMS
GX1750247S;03/08/2026;B00000007H;DEW
GX1738777H;03/08/2026;B00000006G;DLS
GX1679087D;03/08/2026;B00000003D;DSW
GX1736069F;03/08/2026;B00000004E;DCW
GX1715255D;03/08/2026;B00000002C;DRW
GX1726678J;03/08/2026;B00000006G;DLS
GX1724529S;03/08/2026;B00000002C;DRW
GX1712607V;03/08/2026;B00000003D;DSW
GX1713463S;03/08/2026;B00000002C;DRW
GX1727800J;03/08/2026;B00000007H;DEW
GX1618526J;03/08/2026;B00000002C;DRW
GX1761771M;03/08/2026;B00000003D;DSW
GX1739182T;03/08/2026;B00000004E;DCW
GX1667934E;03/08/2026;B00000002C;DRW
GX1720349S;03/08/2026;B00000003D;DSW
GX1721534N;03/08/2026;B00000006G;DLS
GX1685870L;03/08/2026;B00000002C;DRW
GX1703809X;03/08/2026;B00000001B;DOS
GX1695147D;03/08/2026;B00000002C;DRW
GX1717940E;03/08/2026;B00000003D;DSW
GX1712535M;03/08/2026;B00000003D;DSW
GX1729502T;03/08/2026;B00000002C;DRW
GX1733569P;03/08/2026;B00000002C;DRW
GX1699014Y;03/08/2026;B00000007H;DEW
GX1758160J;03/08/2026;B00000005F;DNA
GX1741392E;03/08/2026;B00000002C;DRW
GX1755722N;03/08/2026;B00000002C;DRW
GX1749923Z;03/08/2026;B00000006G;DLS
GX1735069V;03/08/2026;B00000003D;DSW
GX1714921Z;03/08/2026;B00000003D;DSW
GX1755111V;03/08/2026;B00000006G;DLS
GX1754417F;03/08/2026;B00000006G;DLS
GX1758311F;03/08/2026;B00000006G;DLS
GX1673211B;03/08/2026;B00000002C;DRW
GX1704184Y;03/08/2026;B00000002C;DRW
GX1686983B;03/08/2026;B00000002C;DRW
GX1756687K;03/08/2026;B00000007H;DEW
GX1731474J;03/08/2026;B00000004E;DCW
GX1748071V;03/08/2026;B00000006G;DLS
GX1737974W;03/08/2026;B00000005F;DNA
GX1758332E;03/08/2026;B00000003D;DSW
GX1755419V;03/08/2026;B00000002C;DRW
GX1742238R;03/08/2026;B00000006G;DLS
GX1741166Y;03/08/2026;B00000002C;DRW
GX1737610G;03/08/2026;B00000008J;DMS
GX1742322L;03/08/2026;B00000007H;DEW
GX1745037X;03/08/2026;B00000002C;DRW
GX1736468J;03/08/2026;B00000007H;DEW
GX1749015S;03/08/2026;B00000007H;DEW
GX1733448C;03/08/2026;B00000007H;DEW
GX1740249F;03/08/2026;B00000008J;DMS
GX1749195X;03/08/2026;B00000008J;DMS
GX1711345K;03/08/2026;B00000003D;DSW
GX1695019H;03/08/2026;B00000001B;DOS
GX1716413V;03/08/2026;B00000003D;DSW
GX1711356Y;03/08/2026;B00000003D;DSW
GX1678155V;03/08/2026;B00000002C;DRW
GX1726893D;03/08/2026;B00000008J;DMS
GX1729778G;03/08/2026;B00000008J;DMS
GX1747144R;03/08/2026;B00000007H;DEW
GX1759891B;03/08/2026;B00000007H;DEW
GX1703648N;03/08/2026;B00000001B;DOS
GX1741315S;03/08/2026;B00000008J;DMS
GX1703817F;03/08/2026;B00000001B;DOS
GX1749549Z;03/08/2026;B00000007H;DEW
GX1733264T;03/08/2026;B00000004E;DCW
GX1605567H;03/08/2026;B00000008J;DMS
GX1709296G;03/08/2026;B00000003D;DSW
GX1660713Z;03/08/2026;B00000006G;DLS
GX1754208T;03/08/2026;B00000005F;DNA
GX1692409S;03/08/2026;B00000005F;DNA
GX1652947Z;03/08/2026;B00000002C;DRW
GX1758260Y;03/08/2026;B00000002C;DRW
GX1738458W;03/08/2026;B00000006G;DLS
GX1735332T;03/08/2026;B00000008J;DMS
GX1757567K;03/08/2026;B00000002C;DRW
GX1723194A;03/08/2026;B00000003D;DSW
GX1738743V;03/08/2026;B00000007H;DEW
GX1738672N;03/08/2026;B00000007H;DEW
GX1742144J;03/08/2026;B00000007H;DEW
GX1742158A;03/08/2026;B00000008J;DMS
GX1727486C;03/08/2026;B00000006G;DLS
GX1727037S;03/08/2026;B00000008J;DMS
GX1717653D;03/08/2026;B00000003D;DSW
GX1730815K;03/08/2026;B00000008J;DMS
GX1712849V;03/08/2026;B00000002C;DRW
GX1760591X;03/08/2026;B00000005F;DNA
GX1730744E;03/08/2026;B00000008J;DMS
GX1751217V;03/08/2026;B00000007H;DEW
GX1731629K;03/08/2026;B00000008J;DMS
GX1741317V;03/08/2026;B00000008J;DMS
GX1718427H;03/08/2026;B00000006G;DLS
GX1739020J;03/08/2026;B00000007H;DEW
GX1758846N;03/08/2026;B00000007H;DEW
GX1636954A;03/08/2026;B00000007H;DEW
GX1728999X;03/08/2026;B00000008J;DMS
GX1720798C;03/08/2026;B00000006G;DLS
GX1743752L;03/08/2026;B00000008J;DMS
GX1745503B;03/08/2026;B00000008J;DMS
GX1715719F;03/08/2026;B00000008J;DMS
GX1737843X;03/08/2026;B00000003D;DSW
GX1706357S;03/08/2026;B00000008J;DMS
GX1743259B;03/08/2026;B00000001B;DOS
GX1717989K;03/08/2026;B00000008J;DMS
GX1702453F;03/08/2026;B00000003D;DSW
GX1741655D;03/08/2026;B00000008J;DMS
GX1738569X;03/08/2026;B00000008J;DMS
GX1754847V;03/08/2026;B00000005F;DNA
GX1719535S;03/08/2026;B00000008J;DMS
GX1693473B;03/08/2026;B00000008J;DMS
GX1740436T;03/08/2026;B00000006G;DLS
GX1683240Y;03/08/2026;B00000008J;DMS
GX1638973V;03/08/2026;B00000008J;DMS
GX1636093X;03/08/2026;B00000008J;DMS
GX1665600C;03/08/2026;B00000006G;DLS
GX1749069D;03/08/2026;B00000005F;DNA
GX1688291M;03/08/2026;B00000008J;DMS
GX1695411D;03/08/2026;B00000008J;DMS
GX1741053V;03/08/2026;B00000003D;DSW
GX1704986J;03/08/2026;B00000003D;DSW
GX1688059Z;03/08/2026;B00000008J;DMS
GX1683290E;03/08/2026;B00000008J;DMS
GX1722279K;03/08/2026;B00000003D;DSW
GX1706497B;03/08/2026;B00000001B;DOS
GX1718315F;03/08/2026;B00000005F;DNA
GX1717057B;03/08/2026;B00000008J;DMS
GX1716909H;03/08/2026;B00000008J;DMS
