GAZ;0688;DLS0001;GL0054640R;17/08/2026;OAE000;5416;17273;CRE/M;GROUPEDKA;7788309;ENERGIE;87
GAZ;0688;DLS0001;GL0054611H;17/08/2026;OAE000;5416;17273;CRE/M;GROUPEDKA;7788309;ENERGIE;87
GAZ;0688;DLS0001;GL0054612J;17/08/2026;OAE000;5416;17273;CRE/M;GROUPEDKA;7788309;ENERGIE;87
GAZ;0688;DRW0001;GL0541468E;17/08/2026;OAE000;5416;23958;CRE/M;GROUPEDKA;7788489;ENERGIE;90
GAZ;0688;DEW0001;GL0382170J;17/08/2026;OAE000;5416;38496;CRE/M;GROUPEDKA;7788270;ENERGIE;86
GAZ;0688;DEW0001;GL1199695P;17/08/2026;OAE000;5416;38496;CRE/M;GROUPEDKA;7788270;ENERGIE;86
GAZ;0688;DEW0001;GL1199667H;17/08/2026;OAE000;5416;38496;CRE/M;GROUPEDKA;7788270;ENERGIE;86
GAZ;0688;DMS0001;GL0231375B;17/08/2026;OAE000;5416;10557;CRE/M;GROUPEDKA;7788357;ENERGIE;88
GAZ;0688;DMS0001;GL0010548L;17/08/2026;OAE000;5416;10557;CRE/M;GROUPEDKA;7788357;ENERGIE;88
GAZ;0688;DEW0001;GL0052572R;17/08/2026;OAE000;5416;38496;CRE/M;GROUPEDKA;7788270;ENERGIE;86
GAZ;0688;DSW0001;GL0040232T;17/08/2026;OAE000;5416;29731;CRE/M;GROUPEDKA;7788549;ENERGIE;91
GAZ;0688;DMS0001;GL0015741M;17/08/2026;OAE000;5416;10557;CRE/M;GROUPEDKA;7788357;ENERGIE;88
GAZ;0688;DSW0001;GL0040521X;17/08/2026;OAE000;5416;29731;CRE/M;GROUPEDKA;7788549;ENERGIE;91
GAZ;0688;DSW0001;GL0039826G;17/08/2026;OAE000;5416;29731;CRE/M;GROUPEDKA;7788549;ENERGIE;91
GAZ;0688;DNA0691;GL1354805B;17/08/2026;OAE000;5416;230015;CRE/M;GROUPEDKA;13049260;ENERGIE;236
GAZ;0688;DNA0691;GL1354683M;17/08/2026;OAE000;5416;230015;CRE/M;GROUPEDKA;13049260;ENERGIE;236
GAZ;0688;DNA0691;GL1354689V;17/08/2026;OAE000;5416;230015;CRE/M;GROUPEDKA;13049260;ENERGIE;236
GAZ;0688;DSW0001;GL0040589Z;17/08/2026;OAE000;5416;29731;CRE/M;GROUPEDKA;7788549;ENERGIE;91
GAZ;0688;DSW0001;GL1473081F;17/08/2026;OAE000;5416;29731;CRE/M;GROUPEDKA;7788549;ENERGIE;91
GAZ;0688;DSW0001;GL0039823D;17/08/2026;OAE000;5416;29731;CRE/M;GROUPEDKA;7788549;ENERGIE;91
GAZ;0688;DSW0001;GL1326585H;17/08/2026;OAE000;5416;29731;CRE/M;GROUPEDKA;7788549;ENERGIE;91
GAZ;0688;DMS0001;GL1450382L;17/08/2026;OAE000;5416;10557;CRE/M;GROUPEDKA;7788357;ENERGIE;88
GAZ;0688;DMS0001;GL1424334L;17/08/2026;OAE000;5416;10557;CRE/M;GROUPEDKA;7788357;ENERGIE;88
GAZ;0688;DMS0001;GL1424362T;17/08/2026;OAE000;5416;10557;CRE/M;GROUPEDKA;7788357;ENERGIE;88
GAZ;0688;DMS0001;GL1476302R;17/08/2026;OAE000;5416;10557;CRE/M;GROUPEDKA;7788357;ENERGIE;88
GAZ;0688;DMS0001;GL1424549F;17/08/2026;OAE000;5416;10557;CRE/M;GROUPEDKA;7788357;ENERGIE;88
GAZ;0688;DCW0001;GL0060168Y;17/08/2026;OAE000;5416;18431;CRE/M;GROUPEDKA;7788225;ENERGIE;85
GAZ;0688;DCW0001;GL0060171B;17/08/2026;OAE000;5416;18431;CRE/M;GROUPEDKA;7788225;ENERGIE;85
GAZ;0688;DMS0001;GL1103674A;17/08/2026;OAE000;5416;10557;CRE/M;GROUPEDKA;7788357;ENERGIE;88
GAZ;0688;DMS0001;GL1244785D;17/08/2026;OAE000;5416;10557;CRE/M;GROUPEDKA;7788357;ENERGIE;88
GAZ;0688;DSW0001;GL0050180Y;17/08/2026;OAE000;5416;29731;CRE/M;GROUPEDKA;7788549;ENERGIE;91
GAZ;0688;DSW0001;GL0050178W;17/08/2026;OAE000;5416;29731;CRE/M;GROUPEDKA;7788549;ENERGIE;91
GAZ;0688;DNA0691;GL1354668W;17/08/2026;OAE000;5416;230015;CRE/M;GROUPEDKA;13049260;ENERGIE;236
GAZ;0688;DSW0001;GL0028446A;17/08/2026;OAE000;5416;29731;CRE/M;GROUPEDKA;7788549;ENERGIE;91
GAZ;0688;DLS0001;GL0020676W;17/08/2026;OAE000;5416;17273;CRE/M;GROUPEDKA;7788309;ENERGIE;87
GAZ;0688;DCW0001;GL0212283F;17/08/2026;OAE000;5416;18431;CRE/M;GROUPEDKA;7788225;ENERGIE;85
GAZ;0688;DRW0001;GL0374424G;17/08/2026;OAE000;5416;23958;CRE/M;GROUPEDKA;7788489;ENERGIE;90
GAZ;0688;DMS0001;GL0916375K;17/08/2026;OAE000;5416;10557;CRE/M;GROUPEDKA;7788357;ENERGIE;88
GAZ;0688;DMS0001;GL1390008E;17/08/2026;OAE000;5416;10557;CRE/M;GROUPEDKA;7788357;ENERGIE;88
GAZ;0688;DRW0001;GL0673274J;17/08/2026;OAE000;5416;23958;CRE/M;GROUPEDKA;7788489;ENERGIE;90
GAZ;0688;DEW0001;GL0052344G;17/08/2026;OAE000;5416;38496;CRE/M;GROUPEDKA;7788270;ENERGIE;86
GAZ;0688;DEW0001;GL0052345H;17/08/2026;OAE000;5416;38496;CRE/M;GROUPEDKA;7788270;ENERGIE;86
GAZ;0688;DEW0001;GL0052352R;17/08/2026;OAE000;5416;38496;CRE/M;GROUPEDKA;7788270;ENERGIE;86
GAZ;0688;DEW0001;GL0052342E;17/08/2026;OAE000;5416;38496;CRE/M;GROUPEDKA;7788270;ENERGIE;86
GAZ;0688;DSW0001;GL0011861D;17/08/2026;OAE000;5416;29731;CRE/M;GROUPEDKA;7788549;ENERGIE;91
GAZ;0688;DSW0001;GL1365767H;17/08/2026;OAE000;5416;29731;CRE/M;GROUPEDKA;7788549;ENERGIE;91
GAZ;0688;DSW0001;GL1365796R;17/08/2026;OAE000;5416;29731;CRE/M;GROUPEDKA;7788549;ENERGIE;91
GAZ;0688;DSW0001;GL1366986T;17/08/2026;OAE000;5416;29731;CRE/M;GROUPEDKA;7788549;ENERGIE;91
GAZ;0688;DSW0001;GL1292024J;17/08/2026;OAE000;5416;29731;CRE/M;GROUPEDKA;7788549;ENERGIE;91
GAZ;0688;DLS0001;GL0059017P;17/08/2026;OAE000;5416;17273;CRE/M;GROUPEDKA;7788309;ENERGIE;87
GAZ;0688;DLS0001;GL0887882G;17/08/2026;OAE000;5416;17273;CRE/M;GROUPEDKA;7788309;ENERGIE;87
GAZ;0688;DSW0001;GL1444056Y;17/08/2026;OAE000;5416;29731;CRE/M;GROUPEDKA;7788549;ENERGIE;91
GAZ;0688;DSW0001;GL1443308Y;17/08/2026;OAE000;5416;29731;CRE/M;GROUPEDKA;7788549;ENERGIE;91
GAZ;0688;DSW0001;GL1444314R;17/08/2026;OAE000;5416;29731;CRE/M;GROUPEDKA;7788549;ENERGIE;91
GAZ;0688;DSW0001;GL1444003M;17/08/2026;OAE000;5416;29731;CRE/M;GROUPEDKA;7788549;ENERGIE;91
GAZ;0688;DSW0001;GL1444066J;17/08/2026;OAE000;5416;29731;CRE/M;GROUPEDKA;7788549;ENERGIE;91
GAZ;0688;DCW0001;GL1398561Z;17/08/2026;OAE000;5416;18431;CRE/M;GROUPEDKA;7788225;ENERGIE;85
GAZ;0688;DCW0001;GL1398567F;17/08/2026;OAE000;5416;18431;CRE/M;GROUPEDKA;7788225;ENERGIE;85
GAZ;0688;DCW0001;GL1398569H;17/08/2026;OAE000;5416;18431;CRE/M;GROUPEDKA;7788225;ENERGIE;85
GAZ;0688;DCW0001;GL1398562A;17/08/2026;OAE000;5416;18431;CRE/M;GROUPEDKA;7788225;ENERGIE;85
GAZ;0688;DCW0001;GL1398568G;17/08/2026;OAE000;5416;18431;CRE/M;GROUPEDKA;7788225;ENERGIE;85
GAZ;0688;DCW0001;GL1398550L;17/08/2026;OAE000;5416;18431;CRE/M;GROUPEDKA;7788225;ENERGIE;85
GAZ;0688;DRW0001;GL0046005D;17/08/2026;OAE000;5416;23958;CRE/M;GROUPEDKA;7788489;ENERGIE;90
GAZ;0688;DRW0001;GL0045971P;17/08/2026;OAE000;5416;23958;CRE/M;GROUPEDKA;7788489;ENERGIE;90
GAZ;0688;DRW0001;GL0047658G;17/08/2026;OAE000;5416;23958;CRE/M;GROUPEDKA;7788489;ENERGIE;90
GAZ;0688;DMS0001;GL1388470G;17/08/2026;OAE000;5416;10557;CRE/M;GROUPEDKA;7788357;ENERGIE;88
GAZ;0688;DMS0001;GL0212500C;17/08/2026;OAE000;5416;10557;CRE/M;GROUPEDKA;7788357;ENERGIE;88
GAZ;0688;DMS0001;GL0212507K;17/08/2026;OAE000;5416;10557;CRE/M;GROUPEDKA;7788357;ENERGIE;88
GAZ;0688;DMS0001;GL0212509M;17/08/2026;OAE000;5416;10557;CRE/M;GROUPEDKA;7788357;ENERGIE;88
GAZ;0688;DMS0001;GL0318566G;17/08/2026;OAE000;5416;10557;CRE/M;GROUPEDKA;7788357;ENERGIE;88
GAZ;0688;DMS0001;GL0318562C;17/08/2026;OAE000;5416;10557;CRE/M;GROUPEDKA;7788357;ENERGIE;88
GAZ;0688;DMS0001;GL0212490R;17/08/2026;OAE000;5416;10557;CRE/M;GROUPEDKA;7788357;ENERGIE;88
GAZ;0688;DCW0001;GL0039433K;17/08/2026;OAE000;5416;18431;CRE/M;GROUPEDKA;7788225;ENERGIE;85
GAZ;0688;DCW0001;GL0027085D;17/08/2026;OAE000;5416;18431;CRE/M;GROUPEDKA;7788225;ENERGIE;85
GAZ;0688;DMS0001;GL1424552J;17/08/2026;OAE000;5416;10557;CRE/M;GROUPEDKA;7788357;ENERGIE;88
GAZ;0688;DMS0001;GL0011057P;17/08/2026;OAE000;5416;10557;CRE/M;GROUPEDKA;7788357;ENERGIE;88
GAZ;0688;DMS0001;GL0015762L;17/08/2026;OAE000;5416;10557;CRE/M;GROUPEDKA;7788357;ENERGIE;88
GAZ;0688;DMS0001;GL1424546C;17/08/2026;OAE000;5416;10557;CRE/M;GROUPEDKA;7788357;ENERGIE;88
GAZ;0688;DSW0001;GL0050061M;17/08/2026;OAE000;5416;29731;CRE/M;GROUPEDKA;7788549;ENERGIE;91
GAZ;0688;DSW0001;GL0045516Y;17/08/2026;OAE000;5416;29731;CRE/M;GROUPEDKA;7788549;ENERGIE;91
GAZ;0688;DSW0001;GL0045514W;17/08/2026;OAE000;5416;29731;CRE/M;GROUPEDKA;7788549;ENERGIE;91
GAZ;0688;DSW0001;GL0050063P;17/08/2026;OAE000;5416;29731;CRE/M;GROUPEDKA;7788549;ENERGIE;91
GAZ;0688;DSW0001;GL0050065S;17/08/2026;OAE000;5416;29731;CRE/M;GROUPEDKA;7788549;ENERGIE;91
GAZ;0688;DSW0001;GL0050067V;17/08/2026;OAE000;5416;29731;CRE/M;GROUPEDKA;7788549;ENERGIE;91
GAZ;0688;DSW0001;GL0050058J;17/08/2026;OAE000;5416;29731;CRE/M;GROUPEDKA;7788549;ENERGIE;91
GAZ;0688;DSW0001;GL0050060L;17/08/2026;OAE000;5416;29731;CRE/M;GROUPEDKA;7788549;ENERGIE;91
GAZ;0688;DCW0001;GL0025281D;17/08/2026;OAE000;5416;18431;CRE/M;GROUPEDKA;7788225;ENERGIE;85
GAZ;0688;DMS0001;GL1424474W;17/08/2026;OAE000;5416;10557;CRE/M;GROUPEDKA;7788357;ENERGIE;88
GAZ;0688;DRW0001;GL1220606C;17/08/2026;OAE000;5416;23958;CRE/M;GROUPEDKA;7788489;ENERGIE;90
GAZ;0688;DRW0001;GL0048125M;17/08/2026;OAE000;5416;23958;CRE/M;GROUPEDKA;7788489;ENERGIE;90
GAZ;0688;DSW0001;GL0046014N;17/08/2026;OAE000;5416;29731;CRE/M;GROUPEDKA;7788549;ENERGIE;91
GAZ;0688;DCW0001;GL1461307B;17/08/2026;OAE000;5416;18431;CRE/M;GROUPEDKA;7788225;ENERGIE;85
GAZ;0688;DNA0691;GL1354609D;17/08/2026;OAE000;5416;230015;CRE/M;GROUPEDKA;13049260;ENERGIE;236
GAZ;0688;DMS0001;GL1391627V;17/08/2026;OAE000;5416;10557;CRE/M;GROUPEDKA;7788357;ENERGIE;88
GAZ;0688;DSW0001;GL1461834A;17/08/2026;OAE000;5416;29731;CRE/M;GROUPEDKA;7788549;ENERGIE;91
GAZ;0688;DSW0001;GL1488146A;17/08/2026;OAE000;5416;29731;CRE/M;GROUPEDKA;7788549;ENERGIE;91
GAZ;0688;DSW0001;GL1365454C;17/08/2026;OAE000;5416;29731;CRE/M;GROUPEDKA;7788549;ENERGIE;91
GAZ;0688;DRW0001;GL0045738A;17/08/2026;OAE000;5416;23958;CRE/M;GROUPEDKA;7788489;ENERGIE;90
GAZ;0688;DRW0001;GL0045681K;17/08/2026;OAE000;5416;23958;CRE/M;GROUPEDKA;7788489;ENERGIE;90
GAZ;0688;DCW0001;GL1140545Z;17/08/2026;OAE000;5416;18431;CRE/M;GROUPEDKA;7788225;ENERGIE;85
GAZ;0688;DMS0001;GL0733331F;17/08/2026;OAE000;5416;10557;CRE/M;GROUPEDKA;7788357;ENERGIE;88
GAZ;0688;DSW0001;GL0011973F;17/08/2026;OAE000;5416;29731;CRE/M;GROUPEDKA;7788549;ENERGIE;91
GAZ;0688;DMS0001;GL0016590C;17/08/2026;OAE000;5416;10557;CRE/M;GROUPEDKA;7788357;ENERGIE;88
GAZ;0688;DMS0001;GL0016576L;17/08/2026;OAE000;5416;10557;CRE/M;GROUPEDKA;7788357;ENERGIE;88
GAZ;0688;DSW0001;GL0011860C;17/08/2026;OAE000;5416;29731;CRE/M;GROUPEDKA;7788549;ENERGIE;91
GAZ;0688;DSW0001;GL1296229M;17/08/2026;OAE000;5416;29731;CRE/M;GROUPEDKA;7788549;ENERGIE;91
GAZ;0688;DNA0001;GL1458072A;17/08/2026;OAE000;5416;39959;CRE/M;GROUPEDKA;7788414;ENERGIE;89
GAZ;0688;DCW0001;GL1434192N;17/08/2026;OAE000;5416;18431;CRE/M;GROUPEDKA;7788225;ENERGIE;85
GAZ;0688;DLS0001;GL0063179V;17/08/2026;OAE000;5416;17273;CRE/M;GROUPEDKA;7788309;ENERGIE;87
GAZ;0688;DLS0001;GL0059493F;17/08/2026;OAE000;5416;17273;CRE/M;GROUPEDKA;7788309;ENERGIE;87
GAZ;0688;DLS0001;GL0059533B;17/08/2026;OAE000;5416;17273;CRE/M;GROUPEDKA;7788309;ENERGIE;87
GAZ;0688;DSW0001;GL1518523V;17/08/2026;OAE000;5416;29731;CRE/M;GROUPEDKA;7788549;ENERGIE;91
GAZ;0688;DSW0001;GL0034840R;17/08/2026;OAE000;5416;29731;CRE/M;GROUPEDKA;7788549;ENERGIE;91
GAZ;0688;DSW0001;GL1542539K;17/08/2026;OAE000;5416;29731;CRE/M;GROUPEDKA;7788549;ENERGIE;91
GAZ;0688;DSW0001;GL0830060A;17/08/2026;OAE000;5416;29731;CRE/M;GROUPEDKA;7788549;ENERGIE;91
GAZ;0688;DSW0001;GL1463447H;17/08/2026;OAE000;5416;29731;CRE/M;GROUPEDKA;7788549;ENERGIE;91
GAZ;0688;DSW0001;GL1463304W;17/08/2026;OAE000;5416;29731;CRE/M;GROUPEDKA;7788549;ENERGIE;91
GAZ;0688;DSW0001;GL1463414W;17/08/2026;OAE000;5416;29731;CRE/M;GROUPEDKA;7788549;ENERGIE;91
GAZ;0688;DSW0001;GL1463405K;17/08/2026;OAE000;5416;29731;CRE/M;GROUPEDKA;7788549;ENERGIE;91
GAZ;0688;DMS0001;GL0019528R;17/08/2026;OAE000;5416;10557;CRE/M;GROUPEDKA;7788357;ENERGIE;88
GAZ;0688;DRW0001;GL0041946R;17/08/2026;OAE000;5416;23958;CRE/M;GROUPEDKA;7788489;ENERGIE;90
GAZ;0688;DRW0001;GL0673238T;17/08/2026;OAE000;5416;23958;CRE/M;GROUPEDKA;7788489;ENERGIE;90
GAZ;0688;DSW0001;GL0228889B;17/08/2026;OAE000;5416;29731;CRE/M;GROUPEDKA;7788549;ENERGIE;91
GAZ;0688;DSW0001;GL0228891D;17/08/2026;OAE000;5416;29731;CRE/M;GROUPEDKA;7788549;ENERGIE;91
GAZ;0688;DSW0001;GL0036805Z;17/08/2026;OAE000;5416;29731;CRE/M;GROUPEDKA;7788549;ENERGIE;91
GAZ;0688;DSW0001;GL0045791K;17/08/2026;OAE000;5416;29731;CRE/M;GROUPEDKA;7788549;ENERGIE;91
GAZ;0688;DSW0001;GL0045817P;17/08/2026;OAE000;5416;29731;CRE/M;GROUPEDKA;7788549;ENERGIE;91
GAZ;0688;DSW0001;GL0044103S;17/08/2026;OAE000;5416;29731;CRE/M;GROUPEDKA;7788549;ENERGIE;91
GAZ;0688;DNA0001;GL0028242T;17/08/2026;OAE000;5416;39959;CRE/M;GROUPEDKA;7788414;ENERGIE;89
GAZ;0688;DCW0001;GL0015581F;17/08/2026;OAE000;5416;18431;CRE/M;GROUPEDKA;7788225;ENERGIE;85
GAZ;0688;DSW0001;GL0057337F;17/08/2026;OAE000;5416;29731;CRE/M;GROUPEDKA;7788549;ENERGIE;91
GAZ;0688;DCW0001;GL0039319F;17/08/2026;OAE000;5416;18431;CRE/M;GROUPEDKA;7788225;ENERGIE;85
GAZ;0688;DCW0001;GL0039322J;17/08/2026;OAE000;5416;18431;CRE/M;GROUPEDKA;7788225;ENERGIE;85
GAZ;0688;DLS0001;GL1313609M;17/08/2026;OAE000;5416;17273;CRE/M;GROUPEDKA;7788309;ENERGIE;87
GAZ;0688;DLS0001;GL1313633P;17/08/2026;OAE000;5416;17273;CRE/M;GROUPEDKA;7788309;ENERGIE;87
GAZ;0688;DLS0001;GL1313658T;17/08/2026;OAE000;5416;17273;CRE/M;GROUPEDKA;7788309;ENERGIE;87
GAZ;0688;DMS0001;GL0010049V;17/08/2026;OAE000;5416;10557;CRE/M;GROUPEDKA;7788357;ENERGIE;88
GAZ;0688;DMS0001;GL0916072R;17/08/2026;OAE000;5416;10557;CRE/M;GROUPEDKA;7788357;ENERGIE;88
GAZ;0688;DMS0001;GL0032302G;17/08/2026;OAE000;5416;10557;CRE/M;GROUPEDKA;7788357;ENERGIE;88
GAZ;0688;DMS0001;GL0018922C;17/08/2026;OAE000;5416;10557;CRE/M;GROUPEDKA;7788357;ENERGIE;88
GAZ;0688;DMS0001;GL0018959V;17/08/2026;OAE000;5416;10557;CRE/M;GROUPEDKA;7788357;ENERGIE;88
GAZ;0688;DMS0001;GL0344878G;17/08/2026;OAE000;5416;10557;CRE/M;GROUPEDKA;7788357;ENERGIE;88
GAZ;0688;DMS0001;GL0747304J;17/08/2026;OAE000;5416;10557;CRE/M;GROUPEDKA;7788357;ENERGIE;88
GAZ;0688;DRW0001;GL1168427H;17/08/2026;OAE000;5416;23958;CRE/M;GROUPEDKA;7788489;ENERGIE;90
GAZ;0688;DLS0001;GL0020491K;17/08/2026;OAE000;5416;17273;CRE/M;GROUPEDKA;7788309;ENERGIE;87
GAZ;0688;DSW0001;GL0376499P;17/08/2026;OAE000;5416;29731;CRE/M;GROUPEDKA;7788549;ENERGIE;91
GAZ;0688;DNA0691;GL1354742E;17/08/2026;OAE000;5416;230015;CRE/M;GROUPEDKA;13049260;ENERGIE;236
GAZ;0688;DSW0001;GL1595886G;17/08/2026;OAE000;5416;29731;CRE/M;GROUPEDKA;7788549;ENERGIE;91
GAZ;0688;DCW0001;GL0061300J;17/08/2026;OAE000;5416;18431;CRE/M;GROUPEDKA;7788225;ENERGIE;85
GAZ;0688;DCW0001;GL0354840C;17/08/2026;OAE000;5416;18431;CRE/M;GROUPEDKA;7788225;ENERGIE;85
GAZ;0688;DCW0001;GL0801525Z;17/08/2026;OAE000;5416;18431;CRE/M;GROUPEDKA;7788225;ENERGIE;85
GAZ;0688;DCW0001;GL0061283P;17/08/2026;OAE000;5416;18431;CRE/M;GROUPEDKA;7788225;ENERGIE;85
GAZ;0688;DCW0001;GL0801584R;17/08/2026;OAE000;5416;18431;CRE/M;GROUPEDKA;7788225;ENERGIE;85
GAZ;0688;DCW0001;GL0039289X;17/08/2026;OAE000;5416;18431;CRE/M;GROUPEDKA;7788225;ENERGIE;85
GAZ;0688;DCW0001;GL0039280L;17/08/2026;OAE000;5416;18431;CRE/M;GROUPEDKA;7788225;ENERGIE;85
GAZ;0688;DCW0348;GL1467728Y;17/08/2026;OAE000;5416;18441;CRE/M;GROUPEDKA;7788255;ENERGIE;130
GAZ;0688;DCW0348;GL0977263B;17/08/2026;OAE000;5416;18441;CRE/M;GROUPEDKA;7788255;ENERGIE;130
GAZ;0688;DCW0348;GL0861743D;17/08/2026;OAE000;5416;18441;CRE/M;GROUPEDKA;7788255;ENERGIE;130
GAZ;0688;DCW0348;GL0562369F;17/08/2026;OAE000;5416;18441;CRE/M;GROUPEDKA;7788255;ENERGIE;130
GAZ;0688;DLS0001;GL0549184Y;17/08/2026;OAE000;5416;17273;CRE/M;GROUPEDKA;7788309;ENERGIE;87
GAZ;0688;DLS0001;GL0549664T;17/08/2026;OAE000;5416;17273;CRE/M;GROUPEDKA;7788309;ENERGIE;87
GAZ;0688;DMS0001;GL0291822R;17/08/2026;OAE000;5416;10557;CRE/M;GROUPEDKA;7788357;ENERGIE;88
GAZ;0688;DMS0001;GL0017824E;17/08/2026;OAE000;5416;10557;CRE/M;GROUPEDKA;7788357;ENERGIE;88
GAZ;0688;DMS0001;GL0016019D;17/08/2026;OAE000;5416;10557;CRE/M;GROUPEDKA;7788357;ENERGIE;88
GAZ;0688;DMS0001;GL0016015Z;17/08/2026;OAE000;5416;10557;CRE/M;GROUPEDKA;7788357;ENERGIE;88
GAZ;0688;DMS0001;GL1522820C;17/08/2026;OAE000;5416;10557;CRE/M;GROUPEDKA;7788357;ENERGIE;88
GAZ;0688;DEW0001;GL1542327V;17/08/2026;OAE000;5416;38496;CRE/M;GROUPEDKA;7788270;ENERGIE;86
GAZ;0688;DEW0001;GL1542301P;17/08/2026;OAE000;5416;38496;CRE/M;GROUPEDKA;7788270;ENERGIE;86
GAZ;0688;DEW0001;GL1542026C;17/08/2026;OAE000;5416;38496;CRE/M;GROUPEDKA;7788270;ENERGIE;86
GAZ;0688;DEW0001;GL1541991M;17/08/2026;OAE000;5416;38496;CRE/M;GROUPEDKA;7788270;ENERGIE;86
GAZ;0688;DLS0001;GL0048772Y;17/08/2026;OAE000;5416;17273;CRE/M;GROUPEDKA;7788309;ENERGIE;87
GAZ;0688;DSW0001;GL1472248J;17/08/2026;OAE000;5416;29731;CRE/M;GROUPEDKA;7788549;ENERGIE;91
GAZ;0688;DSW0001;GL1472241B;17/08/2026;OAE000;5416;29731;CRE/M;GROUPEDKA;7788549;ENERGIE;91
GAZ;0688;DSW0001;GL1472242C;17/08/2026;OAE000;5416;29731;CRE/M;GROUPEDKA;7788549;ENERGIE;91
GAZ;0688;DSW0001;GL0040336L;17/08/2026;OAE000;5416;29731;CRE/M;GROUPEDKA;7788549;ENERGIE;91
GAZ;0688;DSW0001;GL0040333H;17/08/2026;OAE000;5416;29731;CRE/M;GROUPEDKA;7788549;ENERGIE;91
GAZ;0688;DSW0001;GL0045724J;17/08/2026;OAE000;5416;29731;CRE/M;GROUPEDKA;7788549;ENERGIE;91
GAZ;0688;DSW0001;GL0514420T;17/08/2026;OAE000;5416;29731;CRE/M;GROUPEDKA;7788549;ENERGIE;91
GAZ;0688;DEW0001;GL0064938T;17/08/2026;OAE000;5416;38496;CRE/M;GROUPEDKA;7788270;ENERGIE;86
GAZ;0688;DSW0001;GL0039810N;17/08/2026;OAE000;5416;29731;CRE/M;GROUPEDKA;7788549;ENERGIE;91
GAZ;0688;DSW0001;GL0027337P;17/08/2026;OAE000;5416;29731;CRE/M;GROUPEDKA;7788549;ENERGIE;91
GAZ;0688;DSW0001;GL0037768T;17/08/2026;OAE000;5416;29731;CRE/M;GROUPEDKA;7788549;ENERGIE;91
GAZ;0688;DEW0800;GL1017771H;17/08/2026;OAE000;5416;38492;CRE/M;GROUPEDKA;7788300;ENERGIE;407
GAZ;0688;DCW0001;GL0039380A;17/08/2026;OAE000;5416;18431;CRE/M;GROUPEDKA;7788225;ENERGIE;85
GAZ;0688;DCW0001;GL0060184R;17/08/2026;OAE000;5416;18431;CRE/M;GROUPEDKA;7788225;ENERGIE;85
GAZ;0688;DCW0001;GL0064275P;17/08/2026;OAE000;5416;18431;CRE/M;GROUPEDKA;7788225;ENERGIE;85
GAZ;0688;DLS0001;GL0020568Y;17/08/2026;OAE000;5416;17273;CRE/M;GROUPEDKA;7788309;ENERGIE;87
GAZ;0688;DSW0001;GL0045643S;17/08/2026;OAE000;5416;29731;CRE/M;GROUPEDKA;7788549;ENERGIE;91
GAZ;0688;DSW0001;GL0045670Y;17/08/2026;OAE000;5416;29731;CRE/M;GROUPEDKA;7788549;ENERGIE;91
GAZ;0688;DSW0001;GL0217727S;17/08/2026;OAE000;5416;29731;CRE/M;GROUPEDKA;7788549;ENERGIE;91
GAZ;0688;DSW0001;GL0045677F;17/08/2026;OAE000;5416;29731;CRE/M;GROUPEDKA;7788549;ENERGIE;91
GAZ;0688;DEW0001;GL0216863K;17/08/2026;OAE000;5416;38496;CRE/M;GROUPEDKA;7788270;ENERGIE;86
GAZ;0688;DEW0001;GL0465179M;17/08/2026;OAE000;5416;38496;CRE/M;GROUPEDKA;7788270;ENERGIE;86
GAZ;0688;DEW0001;GL0465196G;17/08/2026;OAE000;5416;38496;CRE/M;GROUPEDKA;7788270;ENERGIE;86
GAZ;0688;DEW0001;GL1219379H;17/08/2026;OAE000;5416;38496;CRE/M;GROUPEDKA;7788270;ENERGIE;86
GAZ;0688;DSW0001;GL1286281H;17/08/2026;OAE000;5416;29731;CRE/M;GROUPEDKA;7788549;ENERGIE;91
GAZ;0688;DRW0001;GL0476804Y;17/08/2026;OAE000;5416;23958;CRE/M;GROUPEDKA;7788489;ENERGIE;90
GAZ;0688;DRW0001;GL0480178G;17/08/2026;OAE000;5416;23958;CRE/M;GROUPEDKA;7788489;ENERGIE;90
GAZ;0688;DRW0001;GL0476905M;17/08/2026;OAE000;5416;23958;CRE/M;GROUPEDKA;7788489;ENERGIE;90
GAZ;0688;DRW0001;GL0476849Z;17/08/2026;OAE000;5416;23958;CRE/M;GROUPEDKA;7788489;ENERGIE;90
GAZ;0688;DRW0001;GL0476825X;17/08/2026;OAE000;5416;23958;CRE/M;GROUPEDKA;7788489;ENERGIE;90
GAZ;0688;DMS0001;GL0773634E;17/08/2026;OAE000;5416;10557;CRE/M;GROUPEDKA;7788357;ENERGIE;88
GAZ;0688;DMS0001;GL0773686N;17/08/2026;OAE000;5416;10557;CRE/M;GROUPEDKA;7788357;ENERGIE;88
GAZ;0688;DEW0001;GL1404868R;17/08/2026;OAE000;5416;38496;CRE/M;GROUPEDKA;7788270;ENERGIE;86
GAZ;0688;DEW0001;GL1552770L;17/08/2026;OAE000;5416;38496;CRE/M;GROUPEDKA;7788270;ENERGIE;86
GAZ;0688;DSW0001;GL0697124L;17/08/2026;OAE000;5416;29731;CRE/M;GROUPEDKA;7788549;ENERGIE;91
GAZ;0688;DSW0001;GL0696955V;17/08/2026;OAE000;5416;29731;CRE/M;GROUPEDKA;7788549;ENERGIE;91
GAZ;0688;DEW0001;GL1191253X;17/08/2026;OAE000;5416;38496;CRE/M;GROUPEDKA;7788270;ENERGIE;86
GAZ;0688;DSW0001;GL0011919V;17/08/2026;OAE000;5416;29731;CRE/M;GROUPEDKA;7788549;ENERGIE;91
GAZ;0688;DSW0001;GL1471921M;17/08/2026;OAE000;5416;29731;CRE/M;GROUPEDKA;7788549;ENERGIE;91
GAZ;0688;DEW0800;GL0217856N;17/08/2026;OAE000;5416;38492;CRE/M;GROUPEDKA;7788300;ENERGIE;407
GAZ;0688;DSW0001;GL0040509H;17/08/2026;OAE000;5416;29731;CRE/M;GROUPEDKA;7788549;ENERGIE;91
GAZ;0688;DSW0001;GL0040507F;17/08/2026;OAE000;5416;29731;CRE/M;GROUPEDKA;7788549;ENERGIE;91
GAZ;0688;DSW0001;GL0061315B;17/08/2026;OAE000;5416;29731;CRE/M;GROUPEDKA;7788549;ENERGIE;91
GAZ;0688;DSW0001;GL0027683H;17/08/2026;OAE000;5416;29731;CRE/M;GROUPEDKA;7788549;ENERGIE;91
GAZ;0688;DSW0001;GL0061336A;17/08/2026;OAE000;5416;29731;CRE/M;GROUPEDKA;7788549;ENERGIE;91
GAZ;0688;DSW0001;GL0061331V;17/08/2026;OAE000;5416;29731;CRE/M;GROUPEDKA;7788549;ENERGIE;91
GAZ;0688;DSW0001;GL0027669S;17/08/2026;OAE000;5416;29731;CRE/M;GROUPEDKA;7788549;ENERGIE;91
GAZ;0688;DSW0001;GL0063044R;17/08/2026;OAE000;5416;29731;CRE/M;GROUPEDKA;7788549;ENERGIE;91
GAZ;0688;DSW0001;GL0351043M;17/08/2026;OAE000;5416;29731;CRE/M;GROUPEDKA;7788549;ENERGIE;91
GAZ;0688;DEW0001;GL1494171X;17/08/2026;OAE000;5416;38496;CRE/M;GROUPEDKA;7788270;ENERGIE;86
GAZ;0688;DSW0001;GL0549146E;17/08/2026;OAE000;5416;29731;CRE/M;GROUPEDKA;7788549;ENERGIE;91
GAZ;0688;DSW0001;GL0050143F;17/08/2026;OAE000;5416;29731;CRE/M;GROUPEDKA;7788549;ENERGIE;91
GAZ;0688;DSW0001;GL0040335K;17/08/2026;OAE000;5416;29731;CRE/M;GROUPEDKA;7788549;ENERGIE;91
GAZ;0688;DSW0001;GL0514400W;17/08/2026;OAE000;5416;29731;CRE/M;GROUPEDKA;7788549;ENERGIE;91
GAZ;0688;DSW0001;GL0063704R;17/08/2026;OAE000;5416;29731;CRE/M;GROUPEDKA;7788549;ENERGIE;91
GAZ;0688;DSW0001;GL0863734R;17/08/2026;OAE000;5416;29731;CRE/M;GROUPEDKA;7788549;ENERGIE;91
GAZ;0688;DSW0001;GL0929257Z;17/08/2026;OAE000;5416;29731;CRE/M;GROUPEDKA;7788549;ENERGIE;91
GAZ;0688;DSW0001;GL0929252T;17/08/2026;OAE000;5416;29731;CRE/M;GROUPEDKA;7788549;ENERGIE;91
GAZ;0688;DSW0001;GL0929248N;17/08/2026;OAE000;5416;29731;CRE/M;GROUPEDKA;7788549;ENERGIE;91
GAZ;0688;DMS0001;GL0866730W;17/08/2026;OAE000;5416;10557;CRE/M;GROUPEDKA;7788357;ENERGIE;88
GAZ;0688;DEW0001;GL0064934N;17/08/2026;OAE000;5416;38496;CRE/M;GROUPEDKA;7788270;ENERGIE;86
GAZ;0688;DEW0001;GL0866271Z;17/08/2026;OAE000;5416;38496;CRE/M;GROUPEDKA;7788270;ENERGIE;86
GAZ;0688;DEW0001;GL0866272A;17/08/2026;OAE000;5416;38496;CRE/M;GROUPEDKA;7788270;ENERGIE;86
GAZ;0688;DSW0001;GL0044534G;17/08/2026;OAE000;5416;29731;CRE/M;GROUPEDKA;7788549;ENERGIE;91
GAZ;0688;DSW0001;GL0044544T;17/08/2026;OAE000;5416;29731;CRE/M;GROUPEDKA;7788549;ENERGIE;91
GAZ;0688;DSW0001;GL0044552C;17/08/2026;OAE000;5416;29731;CRE/M;GROUPEDKA;7788549;ENERGIE;91
GAZ;0688;DSW0001;GL0044565S;17/08/2026;OAE000;5416;29731;CRE/M;GROUPEDKA;7788549;ENERGIE;91
GAZ;0688;DSW0001;GL0044568W;17/08/2026;OAE000;5416;29731;CRE/M;GROUPEDKA;7788549;ENERGIE;91
GAZ;0688;DSW0001;GL0044502W;17/08/2026;OAE000;5416;29731;CRE/M;GROUPEDKA;7788549;ENERGIE;91
GAZ;0688;DSW0001;GL1108817V;17/08/2026;OAE000;5416;29731;CRE/M;GROUPEDKA;7788549;ENERGIE;91
GAZ;0688;DRW0001;GL0045287M;17/08/2026;OAE000;5416;23958;CRE/M;GROUPEDKA;7788489;ENERGIE;90
GAZ;0688;DSW0001;GL0011936N;17/08/2026;OAE000;5416;29731;CRE/M;GROUPEDKA;7788549;ENERGIE;91
GAZ;0688;DCW0001;GL0039298G;17/08/2026;OAE000;5416;18431;CRE/M;GROUPEDKA;7788225;ENERGIE;85
GAZ;0688;DCW0001;GL0039281M;17/08/2026;OAE000;5416;18431;CRE/M;GROUPEDKA;7788225;ENERGIE;85
GAZ;0688;DSW0001;GL0027705H;17/08/2026;OAE000;5416;29731;CRE/M;GROUPEDKA;7788549;ENERGIE;91
GAZ;0688;DSW0001;GL0011953H;17/08/2026;OAE000;5416;29731;CRE/M;GROUPEDKA;7788549;ENERGIE;91
GAZ;0688;DSW0001;GL0045658J;17/08/2026;OAE000;5416;29731;CRE/M;GROUPEDKA;7788549;ENERGIE;91
GAZ;0688;DSW0001;GL0045508N;17/08/2026;OAE000;5416;29731;CRE/M;GROUPEDKA;7788549;ENERGIE;91
GAZ;0688;DSW0001;GL0045501F;17/08/2026;OAE000;5416;29731;CRE/M;GROUPEDKA;7788549;ENERGIE;91
GAZ;0688;DSW0001;GL0045498C;17/08/2026;OAE000;5416;29731;CRE/M;GROUPEDKA;7788549;ENERGIE;91
GAZ;0688;DSW0001;GL0045650A;17/08/2026;OAE000;5416;29731;CRE/M;GROUPEDKA;7788549;ENERGIE;91
GAZ;0688;DSW0001;GL1307807V;17/08/2026;OAE000;5416;29731;CRE/M;GROUPEDKA;7788549;ENERGIE;91
GAZ;0688;DSW0001;GL1472244E;17/08/2026;OAE000;5416;29731;CRE/M;GROUPEDKA;7788549;ENERGIE;91
GAZ;0688;DSW0001;GL1472253P;17/08/2026;OAE000;5416;29731;CRE/M;GROUPEDKA;7788549;ENERGIE;91
GAZ;0688;DRW0001;GL0045071S;17/08/2026;OAE000;5416;23958;CRE/M;GROUPEDKA;7788489;ENERGIE;90
GAZ;0688;DMS0001;GL1598032W;17/08/2026;OAE000;5416;10557;CRE/M;GROUPEDKA;7788357;ENERGIE;88
GAZ;0688;DMS0001;GL1513613P;17/08/2026;OAE000;5416;10557;CRE/M;GROUPEDKA;7788357;ENERGIE;88
GAZ;0688;DNA0001;GL1320847M;17/08/2026;OAE000;5416;39959;CRE/M;GROUPEDKA;7788414;ENERGIE;89
GAZ;0688;DNA0001;GL1316406R;17/08/2026;OAE000;5416;39959;CRE/M;GROUPEDKA;7788414;ENERGIE;89
GAZ;0688;DSW0001;GL0042737P;17/08/2026;OAE000;5416;29731;CRE/M;GROUPEDKA;7788549;ENERGIE;91
GAZ;0688;DSW0001;GL0042731H;17/08/2026;OAE000;5416;29731;CRE/M;GROUPEDKA;7788549;ENERGIE;91
GAZ;0688;DSW0001;GL0220594A;17/08/2026;OAE000;5416;29731;CRE/M;GROUPEDKA;7788549;ENERGIE;91
GAZ;0688;DNA0001;GL0027230T;17/08/2026;OAE000;5416;39959;CRE/M;GROUPEDKA;7788414;ENERGIE;89
GAZ;0688;DSW0001;GL0371278G;17/08/2026;OAE000;5416;29731;CRE/M;GROUPEDKA;7788549;ENERGIE;91
GAZ;0688;DSW0001;GL0045972R;17/08/2026;OAE000;5416;29731;CRE/M;GROUPEDKA;7788549;ENERGIE;91
GAZ;0688;DSW0001;GL0045975V;17/08/2026;OAE000;5416;29731;CRE/M;GROUPEDKA;7788549;ENERGIE;91
GAZ;0688;DSW0001;GL0045977X;17/08/2026;OAE000;5416;29731;CRE/M;GROUPEDKA;7788549;ENERGIE;91
GAZ;0688;DSW0001;GL0045982C;17/08/2026;OAE000;5416;29731;CRE/M;GROUPEDKA;7788549;ENERGIE;91
GAZ;0688;DMS0001;GL0350430R;17/08/2026;OAE000;5416;10557;CRE/M;GROUPEDKA;7788357;ENERGIE;88
GAZ;0688;DMS0001;GL0639554R;17/08/2026;OAE000;5416;10557;CRE/M;GROUPEDKA;7788357;ENERGIE;88
GAZ;0688;DMS0001;GL0013790W;17/08/2026;OAE000;5416;10557;CRE/M;GROUPEDKA;7788357;ENERGIE;88
GAZ;0688;DRW0001;GL0048072C;17/08/2026;OAE000;5416;23958;CRE/M;GROUPEDKA;7788489;ENERGIE;90
GAZ;0688;DRW0001;GL0048071B;17/08/2026;OAE000;5416;23958;CRE/M;GROUPEDKA;7788489;ENERGIE;90
GAZ;0688;DRW0001;GL0047599P;17/08/2026;OAE000;5416;23958;CRE/M;GROUPEDKA;7788489;ENERGIE;90
GAZ;0688;DMS0001;GL0010309P;17/08/2026;OAE000;5416;10557;CRE/M;GROUPEDKA;7788357;ENERGIE;88
GAZ;0688;DMS0001;GL0010314W;17/08/2026;OAE000;5416;10557;CRE/M;GROUPEDKA;7788357;ENERGIE;88
GAZ;0688;DMS0001;GL1389135M;17/08/2026;OAE000;5416;10557;CRE/M;GROUPEDKA;7788357;ENERGIE;88
GAZ;0688;DMS0001;GL1384723Z;17/08/2026;OAE000;5416;10557;CRE/M;GROUPEDKA;7788357;ENERGIE;88
GAZ;0688;DMS0001;GL0889252N;17/08/2026;OAE000;5416;10557;CRE/M;GROUPEDKA;7788357;ENERGIE;88
GAZ;0688;DMS0001;GL0721064R;17/08/2026;OAE000;5416;10557;CRE/M;GROUPEDKA;7788357;ENERGIE;88
GAZ;0688;DLS0001;GL0054575S;17/08/2026;OAE000;5416;17273;CRE/M;GROUPEDKA;7788309;ENERGIE;87
GAZ;0688;DLS0001;GL0054593M;17/08/2026;OAE000;5416;17273;CRE/M;GROUPEDKA;7788309;ENERGIE;87
GAZ;0688;DNA0001;GL0013636W;17/08/2026;OAE000;5416;39959;CRE/M;GROUPEDKA;7788414;ENERGIE;89
GAZ;0688;DRW0001;GL0043373M;17/08/2026;OAE000;5416;23958;CRE/M;GROUPEDKA;7788489;ENERGIE;90
GAZ;0688;DSW0001;GL1571446J;17/08/2026;OAE000;5416;29731;CRE/M;GROUPEDKA;7788549;ENERGIE;91
GAZ;0688;DEW0691;GL1369268L;17/08/2026;OAE000;5416;4609649;CRE/M;GROUPEDKA;16904306;ENERGIE;9203
GAZ;0688;DNA0001;GL0572695P;17/08/2026;OAE000;5416;39959;CRE/M;GROUPEDKA;7788414;ENERGIE;89
GAZ;0688;DEW0001;GL0052999B;17/08/2026;OAE000;5416;38496;CRE/M;GROUPEDKA;7788270;ENERGIE;86
GAZ;0688;DEW0001;GL0053006J;17/08/2026;OAE000;5416;38496;CRE/M;GROUPEDKA;7788270;ENERGIE;86
GAZ;0688;DEW0001;GL0053100R;17/08/2026;OAE000;5416;38496;CRE/M;GROUPEDKA;7788270;ENERGIE;86
GAZ;0688;DEW0001;GL0053017X;17/08/2026;OAE000;5416;38496;CRE/M;GROUPEDKA;7788270;ENERGIE;86
GAZ;0688;DEW0001;GL0053020A;17/08/2026;OAE000;5416;38496;CRE/M;GROUPEDKA;7788270;ENERGIE;86
GAZ;0688;DEW0001;GL0053035S;17/08/2026;OAE000;5416;38496;CRE/M;GROUPEDKA;7788270;ENERGIE;86
GAZ;0688;DEW0001;GL0053037V;17/08/2026;OAE000;5416;38496;CRE/M;GROUPEDKA;7788270;ENERGIE;86
GAZ;0688;DEW0001;GL0053038W;17/08/2026;OAE000;5416;38496;CRE/M;GROUPEDKA;7788270;ENERGIE;86
GAZ;0688;DEW0001;GL0053049H;17/08/2026;OAE000;5416;38496;CRE/M;GROUPEDKA;7788270;ENERGIE;86
GAZ;0688;DEW0001;GL0053055P;17/08/2026;OAE000;5416;38496;CRE/M;GROUPEDKA;7788270;ENERGIE;86
GAZ;0688;DEW0001;GL0053068E;17/08/2026;OAE000;5416;38496;CRE/M;GROUPEDKA;7788270;ENERGIE;86
GAZ;0688;DEW0001;GL0053084Y;17/08/2026;OAE000;5416;38496;CRE/M;GROUPEDKA;7788270;ENERGIE;86
GAZ;0688;DSW0001;GL0011736L;17/08/2026;OAE000;5416;29731;CRE/M;GROUPEDKA;7788549;ENERGIE;91
GAZ;0688;DSW0001;GL0217761F;17/08/2026;OAE000;5416;29731;CRE/M;GROUPEDKA;7788549;ENERGIE;91
GAZ;0688;DMS0001;GL0231443D;17/08/2026;OAE000;5416;10557;CRE/M;GROUPEDKA;7788357;ENERGIE;88
GAZ;0688;DMS0001;GL1385862T;17/08/2026;OAE000;5416;10557;CRE/M;GROUPEDKA;7788357;ENERGIE;88
GAZ;0688;DRW0001;GL0673145M;17/08/2026;OAE000;5416;23958;CRE/M;GROUPEDKA;7788489;ENERGIE;90
GAZ;0688;DSW0001;GL0050146J;17/08/2026;OAE000;5416;29731;CRE/M;GROUPEDKA;7788549;ENERGIE;91
GAZ;0688;DSW0001;GL0050153S;17/08/2026;OAE000;5416;29731;CRE/M;GROUPEDKA;7788549;ENERGIE;91
GAZ;0688;DSW0001;GL0475335D;17/08/2026;OAE000;5416;29731;CRE/M;GROUPEDKA;7788549;ENERGIE;91
GAZ;0688;DSW0001;GL0717259S;17/08/2026;OAE000;5416;29731;CRE/M;GROUPEDKA;7788549;ENERGIE;91
GAZ;0688;DSW0001;GL0062515P;17/08/2026;OAE000;5416;29731;CRE/M;GROUPEDKA;7788549;ENERGIE;91
GAZ;0688;DSW0001;GL0843198E;17/08/2026;OAE000;5416;29731;CRE/M;GROUPEDKA;7788549;ENERGIE;91
GAZ;0688;DSW0001;GL0514448A;17/08/2026;OAE000;5416;29731;CRE/M;GROUPEDKA;7788549;ENERGIE;91
GAZ;0688;DLS0001;GL0865506E;17/08/2026;OAE000;5416;17273;CRE/M;GROUPEDKA;7788309;ENERGIE;87
GAZ;0688;DSW0001;GL0027703F;17/08/2026;OAE000;5416;29731;CRE/M;GROUPEDKA;7788549;ENERGIE;91
GAZ;0688;DSW0001;GL0027707K;17/08/2026;OAE000;5416;29731;CRE/M;GROUPEDKA;7788549;ENERGIE;91
GAZ;0688;DSW0001;GL0042626N;17/08/2026;OAE000;5416;29731;CRE/M;GROUPEDKA;7788549;ENERGIE;91
GAZ;0688;DSW0001;GL0042616C;17/08/2026;OAE000;5416;29731;CRE/M;GROUPEDKA;7788549;ENERGIE;91
GAZ;0688;DSW0001;GL0297495M;17/08/2026;OAE000;5416;29731;CRE/M;GROUPEDKA;7788549;ENERGIE;91
GAZ;0688;DSW0001;GL0063856N;17/08/2026;OAE000;5416;29731;CRE/M;GROUPEDKA;7788549;ENERGIE;91
GAZ;0688;DSW0001;GL0063696G;17/08/2026;OAE000;5416;29731;CRE/M;GROUPEDKA;7788549;ENERGIE;91
GAZ;0688;DSW0001;GL0052227Z;17/08/2026;OAE000;5416;29731;CRE/M;GROUPEDKA;7788549;ENERGIE;91
GAZ;0688;DEW0001;GL1183762J;17/08/2026;OAE000;5416;38496;CRE/M;GROUPEDKA;7788270;ENERGIE;86
GAZ;0688;DSW0001;GL0232891Z;17/08/2026;OAE000;5416;29731;CRE/M;GROUPEDKA;7788549;ENERGIE;91
GAZ;0688;DEW0001;GL1183805H;17/08/2026;OAE000;5416;38496;CRE/M;GROUPEDKA;7788270;ENERGIE;86
BIO;0367;DMS0393;GL0809159Z;17/08/2026;OAE000;6157;3292657;CRE/M;GROUPEDKA;15245642;ENERGIE;3841
GAZ;0688;DMS0001;GL0018856C;17/08/2026;OAE000;5416;10557;CRE/M;GROUPEDKA;7788357;ENERGIE;88
GAZ;0688;DMS0001;GL0298621S;17/08/2026;OAE000;5416;10557;CRE/M;GROUPEDKA;7788357;ENERGIE;88
GAZ;0688;DMS0001;GL0298644T;17/08/2026;OAE000;5416;10557;CRE/M;GROUPEDKA;7788357;ENERGIE;88
GAZ;0688;DRW0001;GL0221006T;17/08/2026;OAE000;5416;23958;CRE/M;GROUPEDKA;7788489;ENERGIE;90
GAZ;0688;DSW0001;GL0044845K;17/08/2026;OAE000;5416;29731;CRE/M;GROUPEDKA;7788549;ENERGIE;91
GAZ;0688;DSW0001;GL0044859B;17/08/2026;OAE000;5416;29731;CRE/M;GROUPEDKA;7788549;ENERGIE;91
GAZ;0688;DSW0001;GL0405859D;17/08/2026;OAE000;5416;29731;CRE/M;GROUPEDKA;7788549;ENERGIE;91
GAZ;0688;DSW0001;GL0405867M;17/08/2026;OAE000;5416;29731;CRE/M;GROUPEDKA;7788549;ENERGIE;91
GAZ;0688;DSW0001;GL0405872T;17/08/2026;OAE000;5416;29731;CRE/M;GROUPEDKA;7788549;ENERGIE;91
GAZ;0688;DSW0001;GL0045486N;17/08/2026;OAE000;5416;29731;CRE/M;GROUPEDKA;7788549;ENERGIE;91
GAZ;0688;DSW0001;GL0045491V;17/08/2026;OAE000;5416;29731;CRE/M;GROUPEDKA;7788549;ENERGIE;91
GAZ;0688;DNA0001;GL0052147H;17/08/2026;OAE000;5416;39959;CRE/M;GROUPEDKA;7788414;ENERGIE;89
GAZ;0688;DCW0001;GL0026701S;17/08/2026;OAE000;5416;18431;CRE/M;GROUPEDKA;7788225;ENERGIE;85
GAZ;0688;DSW0001;GL0995837H;17/08/2026;OAE000;5416;29731;CRE/M;GROUPEDKA;7788549;ENERGIE;91
GAZ;0688;DSW0001;GL0040640G;17/08/2026;OAE000;5416;29731;CRE/M;GROUPEDKA;7788549;ENERGIE;91
GAZ;0688;DSW0001;GL0040642J;17/08/2026;OAE000;5416;29731;CRE/M;GROUPEDKA;7788549;ENERGIE;91
GAZ;0688;DSW0001;GL0637961F;17/08/2026;OAE000;5416;29731;CRE/M;GROUPEDKA;7788549;ENERGIE;91
GAZ;0688;DSW0001;GL0045923K;17/08/2026;OAE000;5416;29731;CRE/M;GROUPEDKA;7788549;ENERGIE;91
GAZ;0688;DSW0001;GL1233940E;17/08/2026;OAE000;5416;29731;CRE/M;GROUPEDKA;7788549;ENERGIE;91
GAZ;0688;DLS0001;GL0887789B;17/08/2026;OAE000;5416;17273;CRE/M;GROUPEDKA;7788309;ENERGIE;87
GAZ;0688;DEW0001;GL0009404L;17/08/2026;OAE000;5416;38496;CRE/M;GROUPEDKA;7788270;ENERGIE;86
GAZ;0688;DSW0001;GL1444400N;17/08/2026;OAE000;5416;29731;CRE/M;GROUPEDKA;7788549;ENERGIE;91
GAZ;0688;DCW0001;GL0060166W;17/08/2026;OAE000;5416;18431;CRE/M;GROUPEDKA;7788225;ENERGIE;85
GAZ;0688;DSW0001;GL1597143K;17/08/2026;OAE000;5416;29731;CRE/M;GROUPEDKA;7788549;ENERGIE;91
GAZ;0688;DSW0001;GL0232986G;17/08/2026;OAE000;5416;29731;CRE/M;GROUPEDKA;7788549;ENERGIE;91
GAZ;0688;DSW0001;GL0232973S;17/08/2026;OAE000;5416;29731;CRE/M;GROUPEDKA;7788549;ENERGIE;91
GAZ;0688;DSW0001;GL0232960C;17/08/2026;OAE000;5416;29731;CRE/M;GROUPEDKA;7788549;ENERGIE;91
GAZ;0688;DSW0001;GL0232959B;17/08/2026;OAE000;5416;29731;CRE/M;GROUPEDKA;7788549;ENERGIE;91
GAZ;0688;DSW0001;GL0232957Z;17/08/2026;OAE000;5416;29731;CRE/M;GROUPEDKA;7788549;ENERGIE;91
GAZ;0688;DEW0001;GL1053627D;17/08/2026;OAE000;5416;38496;CRE/M;GROUPEDKA;7788270;ENERGIE;86
GAZ;0688;DMS0001;GL0900080T;17/08/2026;OAE000;5416;10557;CRE/M;GROUPEDKA;7788357;ENERGIE;88
GAZ;0688;DCW0348;GL0059179Z;17/08/2026;OAE000;5416;18441;CRE/M;GROUPEDKA;7788255;ENERGIE;130
GAZ;0688;DNA0001;GL0013368R;17/08/2026;OAE000;5416;39959;CRE/M;GROUPEDKA;7788414;ENERGIE;89
GAZ;0688;DMS0001;GL0298837M;17/08/2026;OAE000;5416;10557;CRE/M;GROUPEDKA;7788357;ENERGIE;88
GAZ;0688;DMS0001;GL0061233H;17/08/2026;OAE000;5416;10557;CRE/M;GROUPEDKA;7788357;ENERGIE;88
GAZ;0688;DMS0001;GL0061235K;17/08/2026;OAE000;5416;10557;CRE/M;GROUPEDKA;7788357;ENERGIE;88
GAZ;0688;DMS0001;GL0061251D;17/08/2026;OAE000;5416;10557;CRE/M;GROUPEDKA;7788357;ENERGIE;88
GAZ;0688;DMS0001;GL1160517V;17/08/2026;OAE000;5416;10557;CRE/M;GROUPEDKA;7788357;ENERGIE;88
GAZ;0688;DMS0001;GL0009058T;17/08/2026;OAE000;5416;10557;CRE/M;GROUPEDKA;7788357;ENERGIE;88
GAZ;0688;DCW0001;GL0059783K;17/08/2026;OAE000;5416;18431;CRE/M;GROUPEDKA;7788225;ENERGIE;85
GAZ;0688;DCW0001;GL0580207B;17/08/2026;OAE000;5416;18431;CRE/M;GROUPEDKA;7788225;ENERGIE;85
GAZ;0688;DSW0001;GL0050166G;17/08/2026;OAE000;5416;29731;CRE/M;GROUPEDKA;7788549;ENERGIE;91
GAZ;0688;DMS0001;GL0735492L;17/08/2026;OAE000;5416;10557;CRE/M;GROUPEDKA;7788357;ENERGIE;88
GAZ;0688;DSW0001;GL0842938J;17/08/2026;OAE000;5416;29731;CRE/M;GROUPEDKA;7788549;ENERGIE;91
GAZ;0688;DSW0001;GL0514445X;17/08/2026;OAE000;5416;29731;CRE/M;GROUPEDKA;7788549;ENERGIE;91
GAZ;0688;DCW0001;GL0059969X;17/08/2026;OAE000;5416;18431;CRE/M;GROUPEDKA;7788225;ENERGIE;85
GAZ;0688;DSW0001;GL0044094G;17/08/2026;OAE000;5416;29731;CRE/M;GROUPEDKA;7788549;ENERGIE;91
GAZ;0688;DEW0800;GL1017776N;17/08/2026;OAE000;5416;38492;CRE/M;GROUPEDKA;7788300;ENERGIE;407
GAZ;0688;DLS0001;GL0020634Y;17/08/2026;OAE000;5416;17273;CRE/M;GROUPEDKA;7788309;ENERGIE;87
GAZ;0688;DCW0001;GL0060047K;17/08/2026;OAE000;5416;18431;CRE/M;GROUPEDKA;7788225;ENERGIE;85
GAZ;0688;DCW0001;GL0060034W;17/08/2026;OAE000;5416;18431;CRE/M;GROUPEDKA;7788225;ENERGIE;85
GAZ;0688;DSW0001;GL0046387M;17/08/2026;OAE000;5416;29731;CRE/M;GROUPEDKA;7788549;ENERGIE;91
GAZ;0688;DCW0001;GL0039459P;17/08/2026;OAE000;5416;18431;CRE/M;GROUPEDKA;7788225;ENERGIE;85
GAZ;0688;DSW0001;GL0039692E;17/08/2026;OAE000;5416;29731;CRE/M;GROUPEDKA;7788549;ENERGIE;91
GAZ;0688;DSW0001;GL0039696J;17/08/2026;OAE000;5416;29731;CRE/M;GROUPEDKA;7788549;ENERGIE;91
GAZ;0688;DSW0001;GL0039698L;17/08/2026;OAE000;5416;29731;CRE/M;GROUPEDKA;7788549;ENERGIE;91
GAZ;0688;DSW0001;GL0039694G;17/08/2026;OAE000;5416;29731;CRE/M;GROUPEDKA;7788549;ENERGIE;91
GAZ;0688;DSW0001;GL0026406G;17/08/2026;OAE000;5416;29731;CRE/M;GROUPEDKA;7788549;ENERGIE;91
GAZ;0688;DLS0001;GL0048253H;17/08/2026;OAE000;5416;17273;CRE/M;GROUPEDKA;7788309;ENERGIE;87
GAZ;0688;DSW0001;GL0039700N;17/08/2026;OAE000;5416;29731;CRE/M;GROUPEDKA;7788549;ENERGIE;91
BIO;0367;DMS0001;GL0697975D;17/08/2026;OAE000;6157;3215547;CRE/M;GROUPEDKA;13440307;ENERGIE;88
GAZ;0688;DSW0001;GL0012016E;17/08/2026;OAE000;5416;29731;CRE/M;GROUPEDKA;7788549;ENERGIE;91
GAZ;0688;DSW0001;GL0046031H;17/08/2026;OAE000;5416;29731;CRE/M;GROUPEDKA;7788549;ENERGIE;91
GAZ;0688;DMS0001;GL0017897M;17/08/2026;OAE000;5416;10557;CRE/M;GROUPEDKA;7788357;ENERGIE;88
GAZ;0688;DMS0001;GL0017896L;17/08/2026;OAE000;5416;10557;CRE/M;GROUPEDKA;7788357;ENERGIE;88
GAZ;0688;DMS0001;GL0017893H;17/08/2026;OAE000;5416;10557;CRE/M;GROUPEDKA;7788357;ENERGIE;88
GAZ;0688;DSW0001;GL1374789K;17/08/2026;OAE000;5416;29731;CRE/M;GROUPEDKA;7788549;ENERGIE;91
GAZ;0688;DSW0001;GL0039527S;17/08/2026;OAE000;5416;29731;CRE/M;GROUPEDKA;7788549;ENERGIE;91
GAZ;0688;DSW0001;GL0039532Y;17/08/2026;OAE000;5416;29731;CRE/M;GROUPEDKA;7788549;ENERGIE;91
GAZ;0688;DSW0001;GL0039533Z;17/08/2026;OAE000;5416;29731;CRE/M;GROUPEDKA;7788549;ENERGIE;91
GAZ;0688;DSW0001;GL0039536C;17/08/2026;OAE000;5416;29731;CRE/M;GROUPEDKA;7788549;ENERGIE;91
GAZ;0688;DSW0001;GL0026973B;17/08/2026;OAE000;5416;29731;CRE/M;GROUPEDKA;7788549;ENERGIE;91
GAZ;0688;DSW0001;GL0039543K;17/08/2026;OAE000;5416;29731;CRE/M;GROUPEDKA;7788549;ENERGIE;91
GAZ;0688;DSW0001;GL0039771V;17/08/2026;OAE000;5416;29731;CRE/M;GROUPEDKA;7788549;ENERGIE;91
GAZ;0688;DSW0001;GL0039773X;17/08/2026;OAE000;5416;29731;CRE/M;GROUPEDKA;7788549;ENERGIE;91
GAZ;0688;DSW0001;GL0397375M;17/08/2026;OAE000;5416;29731;CRE/M;GROUPEDKA;7788549;ENERGIE;91
GAZ;0688;DSW0001;GL0397385Z;17/08/2026;OAE000;5416;29731;CRE/M;GROUPEDKA;7788549;ENERGIE;91
GAZ;0688;DLS0001;GL0020698W;17/08/2026;OAE000;5416;17273;CRE/M;GROUPEDKA;7788309;ENERGIE;87
GAZ;0688;DLS0001;GL1107266G;17/08/2026;OAE000;5416;17273;CRE/M;GROUPEDKA;7788309;ENERGIE;87
GAZ;0688;DSW0001;GL0050176T;17/08/2026;OAE000;5416;29731;CRE/M;GROUPEDKA;7788549;ENERGIE;91
GAZ;0688;DSW0001;GL0051460C;17/08/2026;OAE000;5416;29731;CRE/M;GROUPEDKA;7788549;ENERGIE;91
GAZ;0688;DSW0001;GL0051617F;17/08/2026;OAE000;5416;29731;CRE/M;GROUPEDKA;7788549;ENERGIE;91
GAZ;0688;DSW0001;GL0051656A;17/08/2026;OAE000;5416;29731;CRE/M;GROUPEDKA;7788549;ENERGIE;91
GAZ;0688;DSW0001;GL0051735P;17/08/2026;OAE000;5416;29731;CRE/M;GROUPEDKA;7788549;ENERGIE;91
GAZ;0688;DSW0001;GL0051815F;17/08/2026;OAE000;5416;29731;CRE/M;GROUPEDKA;7788549;ENERGIE;91
GAZ;0688;DSW0001;GL0051860G;17/08/2026;OAE000;5416;29731;CRE/M;GROUPEDKA;7788549;ENERGIE;91
GAZ;0688;DSW0001;GL0051862J;17/08/2026;OAE000;5416;29731;CRE/M;GROUPEDKA;7788549;ENERGIE;91
GAZ;0688;DSW0001;GL0042591Z;17/08/2026;OAE000;5416;29731;CRE/M;GROUPEDKA;7788549;ENERGIE;91
GAZ;0688;DSW0001;GL0042590Y;17/08/2026;OAE000;5416;29731;CRE/M;GROUPEDKA;7788549;ENERGIE;91
GAZ;0688;DSW0001;GL0042582N;17/08/2026;OAE000;5416;29731;CRE/M;GROUPEDKA;7788549;ENERGIE;91
GAZ;0688;DMS0001;GL0869436W;17/08/2026;OAE000;5416;10557;CRE/M;GROUPEDKA;7788357;ENERGIE;88
GAZ;0688;DRW0001;GL1654744R;17/08/2026;OAE000;5416;23958;CRE/M;GROUPEDKA;7788489;ENERGIE;90
GAZ;0688;DSW0001;GL1602041B;17/08/2026;OAE000;5416;29731;CRE/M;GROUPEDKA;7788549;ENERGIE;91
GAZ;0688;DRW0001;GL1584789X;17/08/2026;OAE000;5416;23958;CRE/M;GROUPEDKA;7788489;ENERGIE;90
GAZ;0688;DCW0001;GL0431863D;17/08/2026;OAE000;5416;18431;CRE/M;GROUPEDKA;7788225;ENERGIE;85
GAZ;0688;DLS0001;GL0020631V;17/08/2026;OAE000;5416;17273;CRE/M;GROUPEDKA;7788309;ENERGIE;87
GAZ;0688;DMS0001;GL0011046C;17/08/2026;OAE000;5416;10557;CRE/M;GROUPEDKA;7788357;ENERGIE;88
GAZ;0688;DMS0001;GL0010411F;17/08/2026;OAE000;5416;10557;CRE/M;GROUPEDKA;7788357;ENERGIE;88
GAZ;0688;DMS0001;GL0032303H;17/08/2026;OAE000;5416;10557;CRE/M;GROUPEDKA;7788357;ENERGIE;88
GAZ;0688;DRW0001;GL0043336W;17/08/2026;OAE000;5416;23958;CRE/M;GROUPEDKA;7788489;ENERGIE;90
GAZ;0688;DSW0001;GL0039980G;17/08/2026;OAE000;5416;29731;CRE/M;GROUPEDKA;7788549;ENERGIE;91
GAZ;0688;DMS0001;GL1390674L;17/08/2026;OAE000;5416;10557;CRE/M;GROUPEDKA;7788357;ENERGIE;88
GAZ;0688;DCW0001;GL0026892J;17/08/2026;OAE000;5416;18431;CRE/M;GROUPEDKA;7788225;ENERGIE;85
GAZ;0688;DLS0001;GL1035932W;17/08/2026;OAE000;5416;17273;CRE/M;GROUPEDKA;7788309;ENERGIE;87
GAZ;0688;DSW0001;GL0018164R;17/08/2026;OAE000;5416;29731;CRE/M;GROUPEDKA;7788549;ENERGIE;91
GAZ;0688;DRW0001;GL0045331M;17/08/2026;OAE000;5416;23958;CRE/M;GROUPEDKA;7788489;ENERGIE;90
GAZ;0688;DRW0001;GL0045333P;17/08/2026;OAE000;5416;23958;CRE/M;GROUPEDKA;7788489;ENERGIE;90
GAZ;0688;DCW0001;GL0024999H;17/08/2026;OAE000;5416;18431;CRE/M;GROUPEDKA;7788225;ENERGIE;85
GAZ;0688;DCW0001;GL0024998G;17/08/2026;OAE000;5416;18431;CRE/M;GROUPEDKA;7788225;ENERGIE;85
GAZ;0688;DCW0001;GL0060003K;17/08/2026;OAE000;5416;18431;CRE/M;GROUPEDKA;7788225;ENERGIE;85
GAZ;0688;DSW0001;GL0050150N;17/08/2026;OAE000;5416;29731;CRE/M;GROUPEDKA;7788549;ENERGIE;91
GAZ;0688;DMS0001;GL1389413D;17/08/2026;OAE000;5416;10557;CRE/M;GROUPEDKA;7788357;ENERGIE;88
GAZ;0688;DMS0001;GL0018158J;17/08/2026;OAE000;5416;10557;CRE/M;GROUPEDKA;7788357;ENERGIE;88
GAZ;0688;DMS0001;GL1385543F;17/08/2026;OAE000;5416;10557;CRE/M;GROUPEDKA;7788357;ENERGIE;88
GAZ;0688;DNA0001;GL0027200J;17/08/2026;OAE000;5416;39959;CRE/M;GROUPEDKA;7788414;ENERGIE;89
BIO;0367;DMS0001;GL0018865M;17/08/2026;OAE000;6157;3215547;CRE/M;GROUPEDKA;13440307;ENERGIE;88
GAZ;0688;DNA0001;GL0027287H;17/08/2026;OAE000;5416;39959;CRE/M;GROUPEDKA;7788414;ENERGIE;89
GAZ;0688;DSW0001;GL0039903V;17/08/2026;OAE000;5416;29731;CRE/M;GROUPEDKA;7788549;ENERGIE;91
GAZ;0688;DRW0001;GL0374375B;17/08/2026;OAE000;5416;23958;CRE/M;GROUPEDKA;7788489;ENERGIE;90
GAZ;0688;DNA0001;GL0018023F;17/08/2026;OAE000;5416;39959;CRE/M;GROUPEDKA;7788414;ENERGIE;89
GAZ;0688;DSW0001;GL0050165F;17/08/2026;OAE000;5416;29731;CRE/M;GROUPEDKA;7788549;ENERGIE;91
GAZ;0688;DSW0001;GL0050144G;17/08/2026;OAE000;5416;29731;CRE/M;GROUPEDKA;7788549;ENERGIE;91
GAZ;0688;DSW0001;GL0220809V;17/08/2026;OAE000;5416;29731;CRE/M;GROUPEDKA;7788549;ENERGIE;91
GAZ;0688;DSW0001;GL0028680R;17/08/2026;OAE000;5416;29731;CRE/M;GROUPEDKA;7788549;ENERGIE;91
GAZ;0688;DEW0001;GL0053108A;17/08/2026;OAE000;5416;38496;CRE/M;GROUPEDKA;7788270;ENERGIE;86
GAZ;0688;DSW0001;GL0843175D;17/08/2026;OAE000;5416;29731;CRE/M;GROUPEDKA;7788549;ENERGIE;91
GAZ;0688;DSW0001;GL0842971X;17/08/2026;OAE000;5416;29731;CRE/M;GROUPEDKA;7788549;ENERGIE;91
GAZ;0688;DSW0001;GL0843172A;17/08/2026;OAE000;5416;29731;CRE/M;GROUPEDKA;7788549;ENERGIE;91
GAZ;0688;DSW0001;GL0842986N;17/08/2026;OAE000;5416;29731;CRE/M;GROUPEDKA;7788549;ENERGIE;91
GAZ;0688;DSW0001;GL0842941M;17/08/2026;OAE000;5416;29731;CRE/M;GROUPEDKA;7788549;ENERGIE;91
GAZ;0688;DSW0001;GL0843010R;17/08/2026;OAE000;5416;29731;CRE/M;GROUPEDKA;7788549;ENERGIE;91
GAZ;0688;DSW0001;GL0042615B;17/08/2026;OAE000;5416;29731;CRE/M;GROUPEDKA;7788549;ENERGIE;91
GAZ;0688;DSW0001;GL0027341V;17/08/2026;OAE000;5416;29731;CRE/M;GROUPEDKA;7788549;ENERGIE;91
GAZ;0688;DSW0001;GL0217988N;17/08/2026;OAE000;5416;29731;CRE/M;GROUPEDKA;7788549;ENERGIE;91
GAZ;0688;DRW0001;GL0667056T;17/08/2026;OAE000;5416;23958;CRE/M;GROUPEDKA;7788489;ENERGIE;90
GAZ;0688;DSW0001;GL1193664L;17/08/2026;OAE000;5416;29731;CRE/M;GROUPEDKA;7788549;ENERGIE;91
GAZ;0688;DEW0001;GL0212077X;17/08/2026;OAE000;5416;38496;CRE/M;GROUPEDKA;7788270;ENERGIE;86
GAZ;0688;DCW0001;GL0027039B;17/08/2026;OAE000;5416;18431;CRE/M;GROUPEDKA;7788225;ENERGIE;85
GAZ;0688;DSW0001;GL0039535B;17/08/2026;OAE000;5416;29731;CRE/M;GROUPEDKA;7788549;ENERGIE;91
GAZ;0688;DMS0001;GL0392490L;17/08/2026;OAE000;5416;10557;CRE/M;GROUPEDKA;7788357;ENERGIE;88
GAZ;0688;DEW0001;GL0008999B;17/08/2026;OAE000;5416;38496;CRE/M;GROUPEDKA;7788270;ENERGIE;86
GAZ;0688;DLS0001;GL0020404L;17/08/2026;OAE000;5416;17273;CRE/M;GROUPEDKA;7788309;ENERGIE;87
GAZ;0688;DSW0001;GL0929242G;17/08/2026;OAE000;5416;29731;CRE/M;GROUPEDKA;7788549;ENERGIE;91
GAZ;0688;DSW0001;GL0549191F;17/08/2026;OAE000;5416;29731;CRE/M;GROUPEDKA;7788549;ENERGIE;91
GAZ;0688;DLS0001;GL0019977B;17/08/2026;OAE000;5416;17273;CRE/M;GROUPEDKA;7788309;ENERGIE;87
GAZ;0688;DRW0001;GL0045060E;17/08/2026;OAE000;5416;23958;CRE/M;GROUPEDKA;7788489;ENERGIE;90
GAZ;0688;DMS0001;GL0013793Z;17/08/2026;OAE000;5416;10557;CRE/M;GROUPEDKA;7788357;ENERGIE;88
GAZ;0688;DNA0001;GL0031495P;17/08/2026;OAE000;5416;39959;CRE/M;GROUPEDKA;7788414;ENERGIE;89
GAZ;0688;DNA0001;GL0031497S;17/08/2026;OAE000;5416;39959;CRE/M;GROUPEDKA;7788414;ENERGIE;89
GAZ;0688;DEW0001;GL0052630G;17/08/2026;OAE000;5416;38496;CRE/M;GROUPEDKA;7788270;ENERGIE;86
GAZ;0688;DEW0001;GL0052615P;17/08/2026;OAE000;5416;38496;CRE/M;GROUPEDKA;7788270;ENERGIE;86
GAZ;0688;DLS0001;GL0020500W;17/08/2026;OAE000;5416;17273;CRE/M;GROUPEDKA;7788309;ENERGIE;87
GAZ;0688;DEW0001;GL0052618T;17/08/2026;OAE000;5416;38496;CRE/M;GROUPEDKA;7788270;ENERGIE;86
GAZ;0688;DEW0001;GL0052629F;17/08/2026;OAE000;5416;38496;CRE/M;GROUPEDKA;7788270;ENERGIE;86
GAZ;0688;DEW0001;GL0052632J;17/08/2026;OAE000;5416;38496;CRE/M;GROUPEDKA;7788270;ENERGIE;86
GAZ;0688;DEW0001;GL0052610J;17/08/2026;OAE000;5416;38496;CRE/M;GROUPEDKA;7788270;ENERGIE;86
GAZ;0688;DEW0001;GL0052621X;17/08/2026;OAE000;5416;38496;CRE/M;GROUPEDKA;7788270;ENERGIE;86
GAZ;0688;DNA0001;GL0046565P;17/08/2026;OAE000;5416;39959;CRE/M;GROUPEDKA;7788414;ENERGIE;89
GAZ;0688;DNA0001;GL0857351M;17/08/2026;OAE000;5416;39959;CRE/M;GROUPEDKA;7788414;ENERGIE;89
GAZ;0688;DSW0001;GL0011871P;17/08/2026;OAE000;5416;29731;CRE/M;GROUPEDKA;7788549;ENERGIE;91
GAZ;0688;DNA0001;GL1294909M;17/08/2026;OAE000;5416;39959;CRE/M;GROUPEDKA;7788414;ENERGIE;89
GAZ;0688;DNA0001;GL1567412A;17/08/2026;OAE000;5416;39959;CRE/M;GROUPEDKA;7788414;ENERGIE;89
GAZ;0688;DNA0001;GL1567393D;17/08/2026;OAE000;5416;39959;CRE/M;GROUPEDKA;7788414;ENERGIE;89
GAZ;0688;DNA0001;GL1593334G;17/08/2026;OAE000;5416;39959;CRE/M;GROUPEDKA;7788414;ENERGIE;89
GAZ;0688;DNA0001;GL1575211M;17/08/2026;OAE000;5416;39959;CRE/M;GROUPEDKA;7788414;ENERGIE;89
GAZ;0688;DEW0001;GL0053089D;17/08/2026;OAE000;5416;38496;CRE/M;GROUPEDKA;7788270;ENERGIE;86
GAZ;0688;DMS0001;GL0007187S;17/08/2026;OAE000;5416;10557;CRE/M;GROUPEDKA;7788357;ENERGIE;88
GAZ;0688;DMS0001;GL1383332T;17/08/2026;OAE000;5416;10557;CRE/M;GROUPEDKA;7788357;ENERGIE;88
GAZ;0688;DCW0348;GL1630709D;17/08/2026;OAE000;5416;18441;CRE/M;GROUPEDKA;7788255;ENERGIE;130
GAZ;0688;DCW0348;GL1630708C;17/08/2026;OAE000;5416;18441;CRE/M;GROUPEDKA;7788255;ENERGIE;130
GAZ;0688;DCW0348;GL1630701V;17/08/2026;OAE000;5416;18441;CRE/M;GROUPEDKA;7788255;ENERGIE;130
GAZ;0688;DCW0348;GL1630615X;17/08/2026;OAE000;5416;18441;CRE/M;GROUPEDKA;7788255;ENERGIE;130
GAZ;0688;DMS0001;GL0010504L;17/08/2026;OAE000;5416;10557;CRE/M;GROUPEDKA;7788357;ENERGIE;88
GAZ;0688;DLS0001;GL1557077F;17/08/2026;OAE000;5416;17273;CRE/M;GROUPEDKA;7788309;ENERGIE;87
GAZ;0688;DSW0001;GL0471252N;17/08/2026;OAE000;5416;29731;CRE/M;GROUPEDKA;7788549;ENERGIE;91
GAZ;0688;DSW0001;GL0528849P;17/08/2026;OAE000;5416;29731;CRE/M;GROUPEDKA;7788549;ENERGIE;91
GAZ;0688;DSW0001;GL0035180C;17/08/2026;OAE000;5416;29731;CRE/M;GROUPEDKA;7788549;ENERGIE;91
GAZ;0688;DMS0001;GL1522987S;17/08/2026;OAE000;5416;10557;CRE/M;GROUPEDKA;7788357;ENERGIE;88
ING;0261;DLS0140;GL0048210J;17/08/2026;OAE000;7226;18724;CRE/M;GROUPEDKA;7789828;ENERGIE;170
GAZ;0688;DSW0001;GL0397497B;17/08/2026;OAE000;5416;29731;CRE/M;GROUPEDKA;7788549;ENERGIE;91
GAZ;0688;DNA0001;GL0017991V;17/08/2026;OAE000;5416;39959;CRE/M;GROUPEDKA;7788414;ENERGIE;89
GAZ;0688;DMS0001;GL0012254A;17/08/2026;OAE000;5416;10557;CRE/M;GROUPEDKA;7788357;ENERGIE;88
GAZ;0688;DSW0001;GL0217894G;17/08/2026;OAE000;5416;29731;CRE/M;GROUPEDKA;7788549;ENERGIE;91
GAZ;0688;DSW0001;GL0045794N;17/08/2026;OAE000;5416;29731;CRE/M;GROUPEDKA;7788549;ENERGIE;91
GAZ;0688;DSW0001;GL0217900N;17/08/2026;OAE000;5416;29731;CRE/M;GROUPEDKA;7788549;ENERGIE;91
GAZ;0688;DSW0001;GL0028682T;17/08/2026;OAE000;5416;29731;CRE/M;GROUPEDKA;7788549;ENERGIE;91
GAZ;0688;DMS0001;GL0734075B;17/08/2026;OAE000;5416;10557;CRE/M;GROUPEDKA;7788357;ENERGIE;88
GAZ;0688;DMS0001;GL0733790C;17/08/2026;OAE000;5416;10557;CRE/M;GROUPEDKA;7788357;ENERGIE;88
GAZ;0688;DSW0001;GL0043927S;17/08/2026;OAE000;5416;29731;CRE/M;GROUPEDKA;7788549;ENERGIE;91
GAZ;0688;DSW0001;GL0842995Z;17/08/2026;OAE000;5416;29731;CRE/M;GROUPEDKA;7788549;ENERGIE;91
GAZ;0688;DSW0001;GL0050113X;17/08/2026;OAE000;5416;29731;CRE/M;GROUPEDKA;7788549;ENERGIE;91
GAZ;0688;DSW0001;GL0050112W;17/08/2026;OAE000;5416;29731;CRE/M;GROUPEDKA;7788549;ENERGIE;91
GAZ;0688;DSW0001;GL0050106N;17/08/2026;OAE000;5416;29731;CRE/M;GROUPEDKA;7788549;ENERGIE;91
GAZ;0688;DSW0001;GL0039987P;17/08/2026;OAE000;5416;29731;CRE/M;GROUPEDKA;7788549;ENERGIE;91
GAZ;0688;DSW0001;GL0039954C;17/08/2026;OAE000;5416;29731;CRE/M;GROUPEDKA;7788549;ENERGIE;91
GAZ;0688;DSW0001;GL0039968T;17/08/2026;OAE000;5416;29731;CRE/M;GROUPEDKA;7788549;ENERGIE;91
GAZ;0688;DCW0001;GL0865135H;17/08/2026;OAE000;5416;18431;CRE/M;GROUPEDKA;7788225;ENERGIE;85
GAZ;0688;DRW0001;GL0851645D;17/08/2026;OAE000;5416;23958;CRE/M;GROUPEDKA;7788489;ENERGIE;90
GAZ;0688;DSW0001;GL0028435M;17/08/2026;OAE000;5416;29731;CRE/M;GROUPEDKA;7788549;ENERGIE;91
GAZ;0688;DSW0001;GL0220769Z;17/08/2026;OAE000;5416;29731;CRE/M;GROUPEDKA;7788549;ENERGIE;91
GAZ;0688;DSW0001;GL1518513H;17/08/2026;OAE000;5416;29731;CRE/M;GROUPEDKA;7788549;ENERGIE;91
GAZ;0688;DSW0001;GL1032771D;17/08/2026;OAE000;5416;29731;CRE/M;GROUPEDKA;7788549;ENERGIE;91
GAZ;0688;DSW0001;GL1508204T;17/08/2026;OAE000;5416;29731;CRE/M;GROUPEDKA;7788549;ENERGIE;91
GAZ;0688;DRW0001;GL0046836Y;17/08/2026;OAE000;5416;23958;CRE/M;GROUPEDKA;7788489;ENERGIE;90
GAZ;0688;DSW0001;GL0218341P;17/08/2026;OAE000;5416;29731;CRE/M;GROUPEDKA;7788549;ENERGIE;91
GAZ;0688;DSW0001;GL1077509S;17/08/2026;OAE000;5416;29731;CRE/M;GROUPEDKA;7788549;ENERGIE;91
GAZ;0688;DSW0001;GL0044515K;17/08/2026;OAE000;5416;29731;CRE/M;GROUPEDKA;7788549;ENERGIE;91
GAZ;0688;DSW0001;GL0044512G;17/08/2026;OAE000;5416;29731;CRE/M;GROUPEDKA;7788549;ENERGIE;91
GAZ;0688;DSW0001;GL0045679H;17/08/2026;OAE000;5416;29731;CRE/M;GROUPEDKA;7788549;ENERGIE;91
GAZ;0688;DSW0001;GL1518525X;17/08/2026;OAE000;5416;29731;CRE/M;GROUPEDKA;7788549;ENERGIE;91
GAZ;0688;DCW0001;GL0026699P;17/08/2026;OAE000;5416;18431;CRE/M;GROUPEDKA;7788225;ENERGIE;85
GAZ;0688;DCW0001;GL0540174J;17/08/2026;OAE000;5416;18431;CRE/M;GROUPEDKA;7788225;ENERGIE;85
GAZ;0688;DNA0001;GL0027298W;17/08/2026;OAE000;5416;39959;CRE/M;GROUPEDKA;7788414;ENERGIE;89
GAZ;0688;DMS0001;GL0015086T;17/08/2026;OAE000;5416;10557;CRE/M;GROUPEDKA;7788357;ENERGIE;88
GAZ;0688;DCW0001;GL0603493M;17/08/2026;OAE000;5416;18431;CRE/M;GROUPEDKA;7788225;ENERGIE;85
GAZ;0688;DNA0001;GL0217411H;17/08/2026;OAE000;5416;39959;CRE/M;GROUPEDKA;7788414;ENERGIE;89
GAZ;0688;DNA0001;GL0042710J;17/08/2026;OAE000;5416;39959;CRE/M;GROUPEDKA;7788414;ENERGIE;89
GAZ;0688;DNA0001;GL0042714N;17/08/2026;OAE000;5416;39959;CRE/M;GROUPEDKA;7788414;ENERGIE;89
GAZ;0688;DCW0001;GL0025299Z;17/08/2026;OAE000;5416;18431;CRE/M;GROUPEDKA;7788225;ENERGIE;85
GAZ;0688;DSW0001;GL0922441D;17/08/2026;OAE000;5416;29731;CRE/M;GROUPEDKA;7788549;ENERGIE;91
GAZ;0688;DSW0001;GL0011929F;17/08/2026;OAE000;5416;29731;CRE/M;GROUPEDKA;7788549;ENERGIE;91
GAZ;0688;DLS0001;GL0020689K;17/08/2026;OAE000;5416;17273;CRE/M;GROUPEDKA;7788309;ENERGIE;87
GAZ;0688;DSW0001;GL1114511P;17/08/2026;OAE000;5416;29731;CRE/M;GROUPEDKA;7788549;ENERGIE;91
GAZ;0688;DCW0001;GL1177933K;17/08/2026;OAE000;5416;18431;CRE/M;GROUPEDKA;7788225;ENERGIE;85
GAZ;0688;DCW0001;GL0010774T;17/08/2026;OAE000;5416;18431;CRE/M;GROUPEDKA;7788225;ENERGIE;85
GAZ;0688;DCW0001;GL0010775V;17/08/2026;OAE000;5416;18431;CRE/M;GROUPEDKA;7788225;ENERGIE;85
GAZ;0688;DSW0001;GL1286258G;17/08/2026;OAE000;5416;29731;CRE/M;GROUPEDKA;7788549;ENERGIE;91
GAZ;0688;DSW0001;GL1286262L;17/08/2026;OAE000;5416;29731;CRE/M;GROUPEDKA;7788549;ENERGIE;91
GAZ;0688;DSW0001;GL1286266R;17/08/2026;OAE000;5416;29731;CRE/M;GROUPEDKA;7788549;ENERGIE;91
GAZ;0688;DSW0001;GL1177277P;17/08/2026;OAE000;5416;29731;CRE/M;GROUPEDKA;7788549;ENERGIE;91
GAZ;0688;DSW0001;GL1286279F;17/08/2026;OAE000;5416;29731;CRE/M;GROUPEDKA;7788549;ENERGIE;91
GAZ;0688;DSW0001;GL1298937P;17/08/2026;OAE000;5416;29731;CRE/M;GROUPEDKA;7788549;ENERGIE;91
GAZ;0688;DEW0001;GL0064916T;17/08/2026;OAE000;5416;38496;CRE/M;GROUPEDKA;7788270;ENERGIE;86
GAZ;0688;DEW0001;GL1324321K;17/08/2026;OAE000;5416;38496;CRE/M;GROUPEDKA;7788270;ENERGIE;86
GAZ;0688;DMS0001;GL0015156Y;17/08/2026;OAE000;5416;10557;CRE/M;GROUPEDKA;7788357;ENERGIE;88
GAZ;0688;DMS0001;GL0361856A;17/08/2026;OAE000;5416;10557;CRE/M;GROUPEDKA;7788357;ENERGIE;88
GAZ;0688;DMS0001;GL0015123K;17/08/2026;OAE000;5416;10557;CRE/M;GROUPEDKA;7788357;ENERGIE;88
GAZ;0688;DSW0001;GL0376565P;17/08/2026;OAE000;5416;29731;CRE/M;GROUPEDKA;7788549;ENERGIE;91
GAZ;0688;DCW0001;GL0862321K;17/08/2026;OAE000;5416;18431;CRE/M;GROUPEDKA;7788225;ENERGIE;85
GAZ;0688;DMS0001;GL0232690W;17/08/2026;OAE000;5416;10557;CRE/M;GROUPEDKA;7788357;ENERGIE;88
GAZ;0688;DSW0001;GL1471940J;17/08/2026;OAE000;5416;29731;CRE/M;GROUPEDKA;7788549;ENERGIE;91
GAZ;0688;DSW0001;GL1472030L;17/08/2026;OAE000;5416;29731;CRE/M;GROUPEDKA;7788549;ENERGIE;91
GAZ;0688;DSW0001;GL1472227K;17/08/2026;OAE000;5416;29731;CRE/M;GROUPEDKA;7788549;ENERGIE;91
GAZ;0688;DSW0001;GL1472820J;17/08/2026;OAE000;5416;29731;CRE/M;GROUPEDKA;7788549;ENERGIE;91
BIO;0367;DSW0446;GL1264330N;17/08/2026;OAE000;6157;4585604;CRE/M;GROUPEDKA;16879956;ENERGIE;5821
GAZ;0688;DCW0001;GL0059529X;17/08/2026;OAE000;5416;18431;CRE/M;GROUPEDKA;7788225;ENERGIE;85
GAZ;0688;DCW0001;GL0059532A;17/08/2026;OAE000;5416;18431;CRE/M;GROUPEDKA;7788225;ENERGIE;85
GAZ;0688;DCW0001;GL0039434L;17/08/2026;OAE000;5416;18431;CRE/M;GROUPEDKA;7788225;ENERGIE;85
GAZ;0688;DCW0001;GL0039432J;17/08/2026;OAE000;5416;18431;CRE/M;GROUPEDKA;7788225;ENERGIE;85
GAZ;0688;DCW0001;GL0932559B;17/08/2026;OAE000;5416;18431;CRE/M;GROUPEDKA;7788225;ENERGIE;85
GAZ;0688;DMS0001;GL0007199F;17/08/2026;OAE000;5416;10557;CRE/M;GROUPEDKA;7788357;ENERGIE;88
GAZ;0688;DLS0001;GL1349708J;17/08/2026;OAE000;5416;17273;CRE/M;GROUPEDKA;7788309;ENERGIE;87
GAZ;0688;DLS0001;GL0020472N;17/08/2026;OAE000;5416;17273;CRE/M;GROUPEDKA;7788309;ENERGIE;87
GAZ;0688;DEW0001;GL0231347V;17/08/2026;OAE000;5416;38496;CRE/M;GROUPEDKA;7788270;ENERGIE;86
GAZ;0688;DEW0001;GL0231150W;17/08/2026;OAE000;5416;38496;CRE/M;GROUPEDKA;7788270;ENERGIE;86
GAZ;0688;DRW0001;GL0048066W;17/08/2026;OAE000;5416;23958;CRE/M;GROUPEDKA;7788489;ENERGIE;90
GAZ;0688;DMS0001;GL1006067H;17/08/2026;OAE000;5416;10557;CRE/M;GROUPEDKA;7788357;ENERGIE;88
GAZ;0688;DRW0001;GL1168383H;17/08/2026;OAE000;5416;23958;CRE/M;GROUPEDKA;7788489;ENERGIE;90
GAZ;0688;DSW0001;GL0042507D;17/08/2026;OAE000;5416;29731;CRE/M;GROUPEDKA;7788549;ENERGIE;91
GAZ;0688;DSW0001;GL0220721V;17/08/2026;OAE000;5416;29731;CRE/M;GROUPEDKA;7788549;ENERGIE;91
GAZ;0688;DSW0001;GL0633409H;17/08/2026;OAE000;5416;29731;CRE/M;GROUPEDKA;7788549;ENERGIE;91
GAZ;0688;DSW0001;GL1367138R;17/08/2026;OAE000;5416;29731;CRE/M;GROUPEDKA;7788549;ENERGIE;91
GAZ;0688;DMS0001;GL0019035F;17/08/2026;OAE000;5416;10557;CRE/M;GROUPEDKA;7788357;ENERGIE;88
GAZ;0688;DMS0001;GL0007092J;17/08/2026;OAE000;5416;10557;CRE/M;GROUPEDKA;7788357;ENERGIE;88
GAZ;0688;DCW0348;GL1630706A;17/08/2026;OAE000;5416;18441;CRE/M;GROUPEDKA;7788255;ENERGIE;130
GAZ;0688;DMS0001;GL1388555D;17/08/2026;OAE000;5416;10557;CRE/M;GROUPEDKA;7788357;ENERGIE;88
GAZ;0688;DCW0001;GL0026730A;17/08/2026;OAE000;5416;18431;CRE/M;GROUPEDKA;7788225;ENERGIE;85
GAZ;0688;DMS0001;GL0017913F;17/08/2026;OAE000;5416;10557;CRE/M;GROUPEDKA;7788357;ENERGIE;88
GAZ;0688;DSW0001;GL0045413F;17/08/2026;OAE000;5416;29731;CRE/M;GROUPEDKA;7788549;ENERGIE;91
GAZ;0688;DSW0001;GL0843181K;17/08/2026;OAE000;5416;29731;CRE/M;GROUPEDKA;7788549;ENERGIE;91
GAZ;0688;DSW0001;GL0842965P;17/08/2026;OAE000;5416;29731;CRE/M;GROUPEDKA;7788549;ENERGIE;91
GAZ;0688;DSW0001;GL0843168W;17/08/2026;OAE000;5416;29731;CRE/M;GROUPEDKA;7788549;ENERGIE;91
GAZ;0688;DSW0001;GL0842961K;17/08/2026;OAE000;5416;29731;CRE/M;GROUPEDKA;7788549;ENERGIE;91
GAZ;0688;DSW0001;GL0929232W;17/08/2026;OAE000;5416;29731;CRE/M;GROUPEDKA;7788549;ENERGIE;91
GAZ;0688;DSW0001;GL0631725V;17/08/2026;OAE000;5416;29731;CRE/M;GROUPEDKA;7788549;ENERGIE;91
GAZ;0688;DRW0001;GL0047426T;17/08/2026;OAE000;5416;23958;CRE/M;GROUPEDKA;7788489;ENERGIE;90
GAZ;0688;DSW0001;GL0027339S;17/08/2026;OAE000;5416;29731;CRE/M;GROUPEDKA;7788549;ENERGIE;91
GAZ;0688;DSW0001;GL0062558N;17/08/2026;OAE000;5416;29731;CRE/M;GROUPEDKA;7788549;ENERGIE;91
GAZ;0688;DSW0001;GL0045690W;17/08/2026;OAE000;5416;29731;CRE/M;GROUPEDKA;7788549;ENERGIE;91
GAZ;0688;DMS0001;GL1100473M;17/08/2026;OAE000;5416;10557;CRE/M;GROUPEDKA;7788357;ENERGIE;88
GAZ;0688;DRW0001;GL0045134N;17/08/2026;OAE000;5416;23958;CRE/M;GROUPEDKA;7788489;ENERGIE;90
GAZ;0688;DMS0001;GL0010427Z;17/08/2026;OAE000;5416;10557;CRE/M;GROUPEDKA;7788357;ENERGIE;88
GAZ;0688;DSW0001;GL0321189M;17/08/2026;OAE000;5416;29731;CRE/M;GROUPEDKA;7788549;ENERGIE;91
GAZ;0688;DSW0001;GL1180431Z;17/08/2026;OAE000;5416;29731;CRE/M;GROUPEDKA;7788549;ENERGIE;91
GAZ;0688;DSW0001;GL0039792T;17/08/2026;OAE000;5416;29731;CRE/M;GROUPEDKA;7788549;ENERGIE;91
GAZ;0688;DCW0001;GL0863498Y;17/08/2026;OAE000;5416;18431;CRE/M;GROUPEDKA;7788225;ENERGIE;85
GAZ;0688;DSW0001;GL0039817X;17/08/2026;OAE000;5416;29731;CRE/M;GROUPEDKA;7788549;ENERGIE;91
GAZ;0688;DCW0001;GL1296080T;17/08/2026;OAE000;5416;18431;CRE/M;GROUPEDKA;7788225;ENERGIE;85
GAZ;0688;DMS0001;GL1388821F;17/08/2026;OAE000;5416;10557;CRE/M;GROUPEDKA;7788357;ENERGIE;88
GAZ;0688;DRW0001;GL0476824W;17/08/2026;OAE000;5416;23958;CRE/M;GROUPEDKA;7788489;ENERGIE;90
GAZ;0688;DMS0001;GL1516319P;17/08/2026;OAE000;5416;10557;CRE/M;GROUPEDKA;7788357;ENERGIE;88
GAZ;0688;DCW0001;GL0064089D;17/08/2026;OAE000;5416;18431;CRE/M;GROUPEDKA;7788225;ENERGIE;85
GAZ;0688;DCW0001;GL0027017B;17/08/2026;OAE000;5416;18431;CRE/M;GROUPEDKA;7788225;ENERGIE;85
GAZ;0688;DCW0001;GL0064086A;17/08/2026;OAE000;5416;18431;CRE/M;GROUPEDKA;7788225;ENERGIE;85
GAZ;0688;DNA0001;GL0220679X;17/08/2026;OAE000;5416;39959;CRE/M;GROUPEDKA;7788414;ENERGIE;89
GAZ;0688;DCW0348;GL1405552T;17/08/2026;OAE000;5416;18441;CRE/M;GROUPEDKA;7788255;ENERGIE;130
ING;0001;DMS0501;GL1443745V;17/08/2026;OAE000;815;4083388;CRE/M;GROUPEDKA;16463977;ENERGIE;7862
GAZ;0688;DMS0001;GL0012256C;17/08/2026;OAE000;5416;10557;CRE/M;GROUPEDKA;7788357;ENERGIE;88
GAZ;0688;DMS0001;GL0015803H;17/08/2026;OAE000;5416;10557;CRE/M;GROUPEDKA;7788357;ENERGIE;88
GAZ;0688;DMS0001;GL1385048T;17/08/2026;OAE000;5416;10557;CRE/M;GROUPEDKA;7788357;ENERGIE;88
GAZ;0688;DSW0001;GL0011987X;17/08/2026;OAE000;5416;29731;CRE/M;GROUPEDKA;7788549;ENERGIE;91
GAZ;0688;DCW0001;GL0774159B;17/08/2026;OAE000;5416;18431;CRE/M;GROUPEDKA;7788225;ENERGIE;85
GAZ;0688;DMS0001;GL0012331M;17/08/2026;OAE000;5416;10557;CRE/M;GROUPEDKA;7788357;ENERGIE;88
GAZ;0688;DMS0001;GL0012328J;17/08/2026;OAE000;5416;10557;CRE/M;GROUPEDKA;7788357;ENERGIE;88
GAZ;0688;DSW0001;GL0593037F;17/08/2026;OAE000;5416;29731;CRE/M;GROUPEDKA;7788549;ENERGIE;91
GAZ;0688;DCW0001;GL0028024W;17/08/2026;OAE000;5416;18431;CRE/M;GROUPEDKA;7788225;ENERGIE;85
GAZ;0688;DCW0001;GL0028008C;17/08/2026;OAE000;5416;18431;CRE/M;GROUPEDKA;7788225;ENERGIE;85
GAZ;0688;DCW0001;GL0028001V;17/08/2026;OAE000;5416;18431;CRE/M;GROUPEDKA;7788225;ENERGIE;85
GAZ;0688;DMS0001;GL0733810A;17/08/2026;OAE000;5416;10557;CRE/M;GROUPEDKA;7788357;ENERGIE;88
GAZ;0688;DMS0001;GL1196387F;17/08/2026;OAE000;5416;10557;CRE/M;GROUPEDKA;7788357;ENERGIE;88
GAZ;0688;DMS0001;GL0686239S;17/08/2026;OAE000;5416;10557;CRE/M;GROUPEDKA;7788357;ENERGIE;88
GAZ;0688;DSW0001;GL0045905P;17/08/2026;OAE000;5416;29731;CRE/M;GROUPEDKA;7788549;ENERGIE;91
GAZ;0688;DSW0001;GL0045846Y;17/08/2026;OAE000;5416;29731;CRE/M;GROUPEDKA;7788549;ENERGIE;91
GAZ;0688;DSW0001;GL0040341S;17/08/2026;OAE000;5416;29731;CRE/M;GROUPEDKA;7788549;ENERGIE;91
GAZ;0688;DSW0001;GL0063755Z;17/08/2026;OAE000;5416;29731;CRE/M;GROUPEDKA;7788549;ENERGIE;91
GAZ;0688;DSW0001;GL0322809D;17/08/2026;OAE000;5416;29731;CRE/M;GROUPEDKA;7788549;ENERGIE;91
GAZ;0688;DSW0001;GL0044082T;17/08/2026;OAE000;5416;29731;CRE/M;GROUPEDKA;7788549;ENERGIE;91
GAZ;0688;DRW0001;GL0048077H;17/08/2026;OAE000;5416;23958;CRE/M;GROUPEDKA;7788489;ENERGIE;90
GAZ;0688;DCW0001;GL0025222L;17/08/2026;OAE000;5416;18431;CRE/M;GROUPEDKA;7788225;ENERGIE;85
GAZ;0688;DEW0001;GL1183759F;17/08/2026;OAE000;5416;38496;CRE/M;GROUPEDKA;7788270;ENERGIE;86
GAZ;0688;DSW0001;GL1111959P;17/08/2026;OAE000;5416;29731;CRE/M;GROUPEDKA;7788549;ENERGIE;91
GAZ;0688;DCW0001;GL0039383D;17/08/2026;OAE000;5416;18431;CRE/M;GROUPEDKA;7788225;ENERGIE;85
GAZ;0688;DCW0001;GL0039373S;17/08/2026;OAE000;5416;18431;CRE/M;GROUPEDKA;7788225;ENERGIE;85
GAZ;0688;DCW0001;GL0871963S;17/08/2026;OAE000;5416;18431;CRE/M;GROUPEDKA;7788225;ENERGIE;85
GAZ;0688;DCW0001;GL0039406E;17/08/2026;OAE000;5416;18431;CRE/M;GROUPEDKA;7788225;ENERGIE;85
GAZ;0688;DCW0001;GL0870614J;17/08/2026;OAE000;5416;18431;CRE/M;GROUPEDKA;7788225;ENERGIE;85
GAZ;0688;DCW0001;GL0560312T;17/08/2026;OAE000;5416;18431;CRE/M;GROUPEDKA;7788225;ENERGIE;85
GAZ;0688;DSW0001;GL0046036N;17/08/2026;OAE000;5416;29731;CRE/M;GROUPEDKA;7788549;ENERGIE;91
GAZ;0688;DSW0001;GL0039788N;17/08/2026;OAE000;5416;29731;CRE/M;GROUPEDKA;7788549;ENERGIE;91
GAZ;0688;DMS0001;GL0012418L;17/08/2026;OAE000;5416;10557;CRE/M;GROUPEDKA;7788357;ENERGIE;88
GAZ;0688;DLS0245;GK0010519D;17/08/2026;OAE000;5416;3275737;CRE/M;GROUPEDKA;15214279;ENERGIE;176
GAZ;0688;DEW0001;GL0052275D;17/08/2026;OAE000;5416;38496;CRE/M;GROUPEDKA;7788270;ENERGIE;86
GAZ;0688;DEW0800;GK0066260W;17/08/2026;OAE000;5416;38492;CRE/M;GROUPEDKA;7788300;ENERGIE;407
GAZ;0688;DMS0001;GL0086608T;17/08/2026;OAE000;5416;10557;CRE/M;GROUPEDKA;7788357;ENERGIE;88
BIO;0367;DMS0001;GL0680839F;17/08/2026;OAE000;6157;3215547;CRE/M;GROUPEDKA;13440307;ENERGIE;88
GAZ;0688;DCW0001;GL0618306W;17/08/2026;OAE000;5416;18431;CRE/M;GROUPEDKA;7788225;ENERGIE;85
GAZ;0688;DCW0001;GL0027814G;17/08/2026;OAE000;5416;18431;CRE/M;GROUPEDKA;7788225;ENERGIE;85
GAZ;0688;DSW0001;GL1367078Y;17/08/2026;OAE000;5416;29731;CRE/M;GROUPEDKA;7788549;ENERGIE;91
GAZ;0688;DSW0001;GL1443649K;17/08/2026;OAE000;5416;29731;CRE/M;GROUPEDKA;7788549;ENERGIE;91
GAZ;0688;DSW0001;GL0040064C;17/08/2026;OAE000;5416;29731;CRE/M;GROUPEDKA;7788549;ENERGIE;91
GAZ;0688;DSW0001;GL0040066E;17/08/2026;OAE000;5416;29731;CRE/M;GROUPEDKA;7788549;ENERGIE;91
GAZ;0688;DMS0001;GL1424317S;17/08/2026;OAE000;5416;10557;CRE/M;GROUPEDKA;7788357;ENERGIE;88
GAZ;0688;DSW0001;GL1475865V;17/08/2026;OAE000;5416;29731;CRE/M;GROUPEDKA;7788549;ENERGIE;91
GAZ;0688;DSW0001;GL1512520Y;17/08/2026;OAE000;5416;29731;CRE/M;GROUPEDKA;7788549;ENERGIE;91
GAZ;0688;DSW0001;GL0012015D;17/08/2026;OAE000;5416;29731;CRE/M;GROUPEDKA;7788549;ENERGIE;91
GAZ;0688;DLS0001;GL1642250T;17/08/2026;OAE000;5416;17273;CRE/M;GROUPEDKA;7788309;ENERGIE;87
GAZ;0688;DLS0001;GL1642289M;17/08/2026;OAE000;5416;17273;CRE/M;GROUPEDKA;7788309;ENERGIE;87
GAZ;0688;DMS0001;GL0009989B;17/08/2026;OAE000;5416;10557;CRE/M;GROUPEDKA;7788357;ENERGIE;88
GAZ;0688;DCW0001;GL0059422A;17/08/2026;OAE000;5416;18431;CRE/M;GROUPEDKA;7788225;ENERGIE;85
GAZ;0688;DLS0001;GL1649195K;17/08/2026;OAE000;5416;17273;CRE/M;GROUPEDKA;7788309;ENERGIE;87
GAZ;0688;DMS0001;GL1650569X;17/08/2026;OAE000;5416;10557;CRE/M;GROUPEDKA;7788357;ENERGIE;88
GAZ;0688;DMS0001;GL0006887B;17/08/2026;OAE000;5416;10557;CRE/M;GROUPEDKA;7788357;ENERGIE;88
GAZ;0688;DMS0001;GL1650634W;17/08/2026;OAE000;5416;10557;CRE/M;GROUPEDKA;7788357;ENERGIE;88
GAZ;0688;DMS0001;GL1650449K;17/08/2026;OAE000;5416;10557;CRE/M;GROUPEDKA;7788357;ENERGIE;88
GAZ;0688;DMS0001;GL1401561H;17/08/2026;OAE000;5416;10557;CRE/M;GROUPEDKA;7788357;ENERGIE;88
GAZ;0688;DMS0001;GL0018923D;17/08/2026;OAE000;5416;10557;CRE/M;GROUPEDKA;7788357;ENERGIE;88
GAZ;0688;DMS0001;GL0010005V;17/08/2026;OAE000;5416;10557;CRE/M;GROUPEDKA;7788357;ENERGIE;88
GAZ;0688;DMS0001;GL1225460T;17/08/2026;OAE000;5416;10557;CRE/M;GROUPEDKA;7788357;ENERGIE;88
GAZ;0688;DMS0001;GL1522492E;17/08/2026;OAE000;5416;10557;CRE/M;GROUPEDKA;7788357;ENERGIE;88
GAZ;0688;DMS0001;GK1611629X;17/08/2026;OAE000;5416;10557;CRE/M;GROUPEDKA;7788357;ENERGIE;88
GAZ;0688;DSW0001;GL0028455K;17/08/2026;OAE000;5416;29731;CRE/M;GROUPEDKA;7788549;ENERGIE;91
GAZ;0688;DSW0001;GL1108823B;17/08/2026;OAE000;5416;29731;CRE/M;GROUPEDKA;7788549;ENERGIE;91
GAZ;0688;DCW0001;GL0010828E;17/08/2026;OAE000;5416;18431;CRE/M;GROUPEDKA;7788225;ENERGIE;85
GAZ;0688;DEW0001;GL0052283M;17/08/2026;OAE000;5416;38496;CRE/M;GROUPEDKA;7788270;ENERGIE;86
GAZ;0688;DSW0001;GL0036229V;17/08/2026;OAE000;5416;29731;CRE/M;GROUPEDKA;7788549;ENERGIE;91
GAZ;0688;DNA0001;GL0399450W;17/08/2026;OAE000;5416;39959;CRE/M;GROUPEDKA;7788414;ENERGIE;89
GAZ;0688;DCW0001;GL0588040C;17/08/2026;OAE000;5416;18431;CRE/M;GROUPEDKA;7788225;ENERGIE;85
GAZ;0688;DMS0001;GL0569984J;17/08/2026;OAE000;5416;10557;CRE/M;GROUPEDKA;7788357;ENERGIE;88
GAZ;0688;DNA0001;GL0746785V;17/08/2026;OAE000;5416;39959;CRE/M;GROUPEDKA;7788414;ENERGIE;89
GAZ;0688;DMS0001;GL0569995X;17/08/2026;OAE000;5416;10557;CRE/M;GROUPEDKA;7788357;ENERGIE;88
GAZ;0688;DMS0001;GL0569996Y;17/08/2026;OAE000;5416;10557;CRE/M;GROUPEDKA;7788357;ENERGIE;88
GAZ;0688;DMS0001;GL0570000C;17/08/2026;OAE000;5416;10557;CRE/M;GROUPEDKA;7788357;ENERGIE;88
GAZ;0688;DMS0001;GL0570002E;17/08/2026;OAE000;5416;10557;CRE/M;GROUPEDKA;7788357;ENERGIE;88
GAZ;0688;DMS0001;GL0570052L;17/08/2026;OAE000;5416;10557;CRE/M;GROUPEDKA;7788357;ENERGIE;88
GAZ;0688;DEW0001;GL0009137H;17/08/2026;OAE000;5416;38496;CRE/M;GROUPEDKA;7788270;ENERGIE;86
GAZ;0688;DMS0001;GL0009096L;17/08/2026;OAE000;5416;10557;CRE/M;GROUPEDKA;7788357;ENERGIE;88
GAZ;0688;DLS0001;GL0666312Y;17/08/2026;OAE000;5416;17273;CRE/M;GROUPEDKA;7788309;ENERGIE;87
GAZ;0688;DSW0001;GL1193565Z;17/08/2026;OAE000;5416;29731;CRE/M;GROUPEDKA;7788549;ENERGIE;91
GAZ;0688;DEW0001;GL1177369V;17/08/2026;OAE000;5416;38496;CRE/M;GROUPEDKA;7788270;ENERGIE;86
GAZ;0688;DEW0001;GL0297303V;17/08/2026;OAE000;5416;38496;CRE/M;GROUPEDKA;7788270;ENERGIE;86
GAZ;0688;DEW0001;GL0297374A;17/08/2026;OAE000;5416;38496;CRE/M;GROUPEDKA;7788270;ENERGIE;86
GAZ;0688;DEW0001;GL0297344R;17/08/2026;OAE000;5416;38496;CRE/M;GROUPEDKA;7788270;ENERGIE;86
GAZ;0688;DEW0001;GL0297476R;17/08/2026;OAE000;5416;38496;CRE/M;GROUPEDKA;7788270;ENERGIE;86
GAZ;0688;DEW0001;GL0018795H;17/08/2026;OAE000;5416;38496;CRE/M;GROUPEDKA;7788270;ENERGIE;86
GAZ;0688;DEW0001;GL0297372Y;17/08/2026;OAE000;5416;38496;CRE/M;GROUPEDKA;7788270;ENERGIE;86
GAZ;0688;DEW0001;GL0297475P;17/08/2026;OAE000;5416;38496;CRE/M;GROUPEDKA;7788270;ENERGIE;86
GAZ;0688;DEW0001;GL0297493K;17/08/2026;OAE000;5416;38496;CRE/M;GROUPEDKA;7788270;ENERGIE;86
GAZ;0688;DSW0001;GL0050216N;17/08/2026;OAE000;5416;29731;CRE/M;GROUPEDKA;7788549;ENERGIE;91
GAZ;0688;DMS0001;GL0639410C;17/08/2026;OAE000;5416;10557;CRE/M;GROUPEDKA;7788357;ENERGIE;88
GAZ;0688;DSW0001;GL0044237V;17/08/2026;OAE000;5416;29731;CRE/M;GROUPEDKA;7788549;ENERGIE;91
GAZ;0688;DSW0001;GL0044247F;17/08/2026;OAE000;5416;29731;CRE/M;GROUPEDKA;7788549;ENERGIE;91
GAZ;0688;DNA0001;GL0053399F;17/08/2026;OAE000;5416;39959;CRE/M;GROUPEDKA;7788414;ENERGIE;89
GAZ;0688;DSW0001;GL0040411X;17/08/2026;OAE000;5416;29731;CRE/M;GROUPEDKA;7788549;ENERGIE;91
GAZ;0688;DSW0001;GL0043923M;17/08/2026;OAE000;5416;29731;CRE/M;GROUPEDKA;7788549;ENERGIE;91
GAZ;0688;DEW0001;GL0898575H;17/08/2026;OAE000;5416;38496;CRE/M;GROUPEDKA;7788270;ENERGIE;86
GAZ;0688;DSW0001;GL0220758L;17/08/2026;OAE000;5416;29731;CRE/M;GROUPEDKA;7788549;ENERGIE;91
GAZ;0688;DSW0001;GL0044107X;17/08/2026;OAE000;5416;29731;CRE/M;GROUPEDKA;7788549;ENERGIE;91
GAZ;0688;DSW0001;GL0027342W;17/08/2026;OAE000;5416;29731;CRE/M;GROUPEDKA;7788549;ENERGIE;91
GAZ;0688;DSW0001;GL0045661M;17/08/2026;OAE000;5416;29731;CRE/M;GROUPEDKA;7788549;ENERGIE;91
GAZ;0688;DSW0001;GL0045669X;17/08/2026;OAE000;5416;29731;CRE/M;GROUPEDKA;7788549;ENERGIE;91
GAZ;0688;DSW0001;GL0890396N;17/08/2026;OAE000;5416;29731;CRE/M;GROUPEDKA;7788549;ENERGIE;91
GAZ;0688;DSW0001;GL0039512A;17/08/2026;OAE000;5416;29731;CRE/M;GROUPEDKA;7788549;ENERGIE;91
GAZ;0688;DSW0001;GL0039515D;17/08/2026;OAE000;5416;29731;CRE/M;GROUPEDKA;7788549;ENERGIE;91
GAZ;0688;DSW0001;GL0039518G;17/08/2026;OAE000;5416;29731;CRE/M;GROUPEDKA;7788549;ENERGIE;91
GAZ;0688;DEW0001;GL0927829B;17/08/2026;OAE000;5416;38496;CRE/M;GROUPEDKA;7788270;ENERGIE;86
GAZ;0688;DCW0001;GL1359999D;17/08/2026;OAE000;5416;18431;CRE/M;GROUPEDKA;7788225;ENERGIE;85
GAZ;0688;DCW0001;GL0575686N;17/08/2026;OAE000;5416;18431;CRE/M;GROUPEDKA;7788225;ENERGIE;85
GAZ;0688;DMS0001;GL1658040L;17/08/2026;OAE000;5416;10557;CRE/M;GROUPEDKA;7788357;ENERGIE;88
GAZ;0688;DMS0001;GL1657936T;17/08/2026;OAE000;5416;10557;CRE/M;GROUPEDKA;7788357;ENERGIE;88
GAZ;0688;DMS0001;GL1649856L;17/08/2026;OAE000;5416;10557;CRE/M;GROUPEDKA;7788357;ENERGIE;88
GAZ;0688;DMS0001;GL1649848C;17/08/2026;OAE000;5416;10557;CRE/M;GROUPEDKA;7788357;ENERGIE;88
GAZ;0688;DSW0001;GL1576194E;17/08/2026;OAE000;5416;29731;CRE/M;GROUPEDKA;7788549;ENERGIE;91
GAZ;0688;DRW0001;GL0046741P;17/08/2026;OAE000;5416;23958;CRE/M;GROUPEDKA;7788489;ENERGIE;90
GAZ;0688;DMS0001;GL0010322E;17/08/2026;OAE000;5416;10557;CRE/M;GROUPEDKA;7788357;ENERGIE;88
GAZ;0688;DMS0001;GL0380879S;17/08/2026;OAE000;5416;10557;CRE/M;GROUPEDKA;7788357;ENERGIE;88
GAZ;0688;DMS0001;GL1513608J;17/08/2026;OAE000;5416;10557;CRE/M;GROUPEDKA;7788357;ENERGIE;88
GAZ;0688;DSW0001;GL0040327B;17/08/2026;OAE000;5416;29731;CRE/M;GROUPEDKA;7788549;ENERGIE;91
GAZ;0688;DLS0001;GL1008713P;17/08/2026;OAE000;5416;17273;CRE/M;GROUPEDKA;7788309;ENERGIE;87
GAZ;0688;DSW0001;GL0012009X;17/08/2026;OAE000;5416;29731;CRE/M;GROUPEDKA;7788549;ENERGIE;91
GAZ;0688;DCW0001;GL1676685Z;17/08/2026;OAE000;5416;18431;CRE/M;GROUPEDKA;7788225;ENERGIE;85
GAZ;0688;DMS0001;GL1658865Z;17/08/2026;OAE000;5416;10557;CRE/M;GROUPEDKA;7788357;ENERGIE;88
GAZ;0688;DSW0001;GL1613034T;17/08/2026;OAE000;5416;29731;CRE/M;GROUPEDKA;7788549;ENERGIE;91
GAZ;0688;DCW0001;GL1676701S;17/08/2026;OAE000;5416;18431;CRE/M;GROUPEDKA;7788225;ENERGIE;85
GAZ;0688;DCW0001;GL1676753B;17/08/2026;OAE000;5416;18431;CRE/M;GROUPEDKA;7788225;ENERGIE;85
GAZ;0688;DSW0001;GL1663287Z;17/08/2026;OAE000;5416;29731;CRE/M;GROUPEDKA;7788549;ENERGIE;91
GAZ;0688;DMS0001;GL0018823P;17/08/2026;OAE000;5416;10557;CRE/M;GROUPEDKA;7788357;ENERGIE;88
GAZ;0688;DSW0001;GL0045614J;17/08/2026;OAE000;5416;29731;CRE/M;GROUPEDKA;7788549;ENERGIE;91
GAZ;0688;DSW0001;GL0927286J;17/08/2026;OAE000;5416;29731;CRE/M;GROUPEDKA;7788549;ENERGIE;91
GAZ;0688;DSW0001;GL0046575B;17/08/2026;OAE000;5416;29731;CRE/M;GROUPEDKA;7788549;ENERGIE;91
GAZ;0688;DRW0001;GL0048164G;17/08/2026;OAE000;5416;23958;CRE/M;GROUPEDKA;7788489;ENERGIE;90
GAZ;0688;DRW0001;GL0673315F;17/08/2026;OAE000;5416;23958;CRE/M;GROUPEDKA;7788489;ENERGIE;90
GAZ;0688;DSW0001;GL0316616R;17/08/2026;OAE000;5416;29731;CRE/M;GROUPEDKA;7788549;ENERGIE;91
GAZ;0688;DSW0001;GL0045907S;17/08/2026;OAE000;5416;29731;CRE/M;GROUPEDKA;7788549;ENERGIE;91
GAZ;0688;DSW0001;GL0045909V;17/08/2026;OAE000;5416;29731;CRE/M;GROUPEDKA;7788549;ENERGIE;91
GAZ;0688;DSW0001;GL0842969V;17/08/2026;OAE000;5416;29731;CRE/M;GROUPEDKA;7788549;ENERGIE;91
GAZ;0688;DMS0001;GL0814780L;17/08/2026;OAE000;5416;10557;CRE/M;GROUPEDKA;7788357;ENERGIE;88
GAZ;0688;DSW0001;GL1007213K;17/08/2026;OAE000;5416;29731;CRE/M;GROUPEDKA;7788549;ENERGIE;91
GAZ;0688;DSW0001;GL0039837V;17/08/2026;OAE000;5416;29731;CRE/M;GROUPEDKA;7788549;ENERGIE;91
GAZ;0688;DNA0001;GL0028221V;17/08/2026;OAE000;5416;39959;CRE/M;GROUPEDKA;7788414;ENERGIE;89
GAZ;0688;DSW0001;GL0039695H;17/08/2026;OAE000;5416;29731;CRE/M;GROUPEDKA;7788549;ENERGIE;91
GAZ;0688;DSW0001;GL0046042W;17/08/2026;OAE000;5416;29731;CRE/M;GROUPEDKA;7788549;ENERGIE;91
GAZ;0688;DSW0001;GL1245484Y;17/08/2026;OAE000;5416;29731;CRE/M;GROUPEDKA;7788549;ENERGIE;91
GAZ;0688;DMS0001;GL0006995Z;17/08/2026;OAE000;5416;10557;CRE/M;GROUPEDKA;7788357;ENERGIE;88
GAZ;0688;DLS0001;GL0020395B;17/08/2026;OAE000;5416;17273;CRE/M;GROUPEDKA;7788309;ENERGIE;87
GAZ;0688;DMS0001;GL0016373F;17/08/2026;OAE000;5416;10557;CRE/M;GROUPEDKA;7788357;ENERGIE;88
GAZ;0688;DMS0001;GL0016308G;17/08/2026;OAE000;5416;10557;CRE/M;GROUPEDKA;7788357;ENERGIE;88
GAZ;0688;DMS0001;GL0292911D;17/08/2026;OAE000;5416;10557;CRE/M;GROUPEDKA;7788357;ENERGIE;88
GAZ;0688;DSW0001;GL1298985V;17/08/2026;OAE000;5416;29731;CRE/M;GROUPEDKA;7788549;ENERGIE;91
GAZ;0688;DMS0001;GL0010393K;17/08/2026;OAE000;5416;10557;CRE/M;GROUPEDKA;7788357;ENERGIE;88
GAZ;0688;DCW0001;GL0061296E;17/08/2026;OAE000;5416;18431;CRE/M;GROUPEDKA;7788225;ENERGIE;85
GAZ;0688;DRW0001;GL0221009X;17/08/2026;OAE000;5416;23958;CRE/M;GROUPEDKA;7788489;ENERGIE;90
GAZ;0688;DMS0001;GL1436736E;17/08/2026;OAE000;5416;10557;CRE/M;GROUPEDKA;7788357;ENERGIE;88
GAZ;0688;DRW0001;GL0023802Y;17/08/2026;OAE000;5416;23958;CRE/M;GROUPEDKA;7788489;ENERGIE;90
GAZ;0688;DCW0001;GL0029587X;17/08/2026;OAE000;5416;18431;CRE/M;GROUPEDKA;7788225;ENERGIE;85
GAZ;0688;DNA0001;GL0018002G;17/08/2026;OAE000;5416;39959;CRE/M;GROUPEDKA;7788414;ENERGIE;89
GAZ;0688;DEW0001;GL0052350N;17/08/2026;OAE000;5416;38496;CRE/M;GROUPEDKA;7788270;ENERGIE;86
GAZ;0688;DSW0001;GL0040362R;17/08/2026;OAE000;5416;29731;CRE/M;GROUPEDKA;7788549;ENERGIE;91
GAZ;0688;DSW0001;GL0040647P;17/08/2026;OAE000;5416;29731;CRE/M;GROUPEDKA;7788549;ENERGIE;91
GAZ;0688;DSW0001;GL0040657B;17/08/2026;OAE000;5416;29731;CRE/M;GROUPEDKA;7788549;ENERGIE;91
GAZ;0688;DRW0001;GK1450790A;17/08/2026;OAE000;5416;23958;CRE/M;GROUPEDKA;7788489;ENERGIE;90
GAZ;0688;DRW0001;GK1450830W;17/08/2026;OAE000;5416;23958;CRE/M;GROUPEDKA;7788489;ENERGIE;90
GAZ;0688;DRW0001;GL0048143H;17/08/2026;OAE000;5416;23958;CRE/M;GROUPEDKA;7788489;ENERGIE;90
GAZ;0688;DMS0001;GL0399377M;17/08/2026;OAE000;5416;10557;CRE/M;GROUPEDKA;7788357;ENERGIE;88
GAZ;0688;DSW0001;GL0045642R;17/08/2026;OAE000;5416;29731;CRE/M;GROUPEDKA;7788549;ENERGIE;91
GAZ;0688;DSW0001;GL0050164E;17/08/2026;OAE000;5416;29731;CRE/M;GROUPEDKA;7788549;ENERGIE;91
GAZ;0688;DSW0001;GL0045702J;17/08/2026;OAE000;5416;29731;CRE/M;GROUPEDKA;7788549;ENERGIE;91
GAZ;0688;DSW0001;GL0717292E;17/08/2026;OAE000;5416;29731;CRE/M;GROUPEDKA;7788549;ENERGIE;91
GAZ;0688;DSW0001;GL0040424L;17/08/2026;OAE000;5416;29731;CRE/M;GROUPEDKA;7788549;ENERGIE;91
GAZ;0688;DSW0001;GL0042512J;17/08/2026;OAE000;5416;29731;CRE/M;GROUPEDKA;7788549;ENERGIE;91
GAZ;0688;DMS0001;GL0802892C;17/08/2026;OAE000;5416;10557;CRE/M;GROUPEDKA;7788357;ENERGIE;88
GAZ;0688;DSW0001;GL0929274T;17/08/2026;OAE000;5416;29731;CRE/M;GROUPEDKA;7788549;ENERGIE;91
GAZ;0688;DEW0001;GL0898577K;17/08/2026;OAE000;5416;38496;CRE/M;GROUPEDKA;7788270;ENERGIE;86
GAZ;0688;DNA0001;GL0054464R;17/08/2026;OAE000;5416;39959;CRE/M;GROUPEDKA;7788414;ENERGIE;89
GAZ;0688;DNA0001;GL0054467V;17/08/2026;OAE000;5416;39959;CRE/M;GROUPEDKA;7788414;ENERGIE;89
GAZ;0688;DSW0001;GL0228958E;17/08/2026;OAE000;5416;29731;CRE/M;GROUPEDKA;7788549;ENERGIE;91
GAZ;0688;DNA0001;GL0022438Y;17/08/2026;OAE000;5416;39959;CRE/M;GROUPEDKA;7788414;ENERGIE;89
GAZ;0688;DMS0001;GL0733398G;17/08/2026;OAE000;5416;10557;CRE/M;GROUPEDKA;7788357;ENERGIE;88
GAZ;0688;DSW0001;GL0044500T;17/08/2026;OAE000;5416;29731;CRE/M;GROUPEDKA;7788549;ENERGIE;91
GAZ;0688;DSW0001;GL0062563V;17/08/2026;OAE000;5416;29731;CRE/M;GROUPEDKA;7788549;ENERGIE;91
GAZ;0688;DSW0001;GL0522056W;17/08/2026;OAE000;5416;29731;CRE/M;GROUPEDKA;7788549;ENERGIE;91
GAZ;0688;DLS0001;GL1020351P;17/08/2026;OAE000;5416;17273;CRE/M;GROUPEDKA;7788309;ENERGIE;87
GAZ;0688;DEW0001;GL0052370L;17/08/2026;OAE000;5416;38496;CRE/M;GROUPEDKA;7788270;ENERGIE;86
GAZ;0688;DEW0001;GL0052382A;17/08/2026;OAE000;5416;38496;CRE/M;GROUPEDKA;7788270;ENERGIE;86
GAZ;0688;DEW0001;GL0052404A;17/08/2026;OAE000;5416;38496;CRE/M;GROUPEDKA;7788270;ENERGIE;86
GAZ;0688;DEW0001;GL0052386E;17/08/2026;OAE000;5416;38496;CRE/M;GROUPEDKA;7788270;ENERGIE;86
GAZ;0688;DSW0001;GL1366283V;17/08/2026;OAE000;5416;29731;CRE/M;GROUPEDKA;7788549;ENERGIE;91
GAZ;0688;DSW0001;GL1366519M;17/08/2026;OAE000;5416;29731;CRE/M;GROUPEDKA;7788549;ENERGIE;91
GAZ;0688;DNA0001;GL0031523X;17/08/2026;OAE000;5416;39959;CRE/M;GROUPEDKA;7788414;ENERGIE;89
GAZ;0688;DCW0001;GL0061267X;17/08/2026;OAE000;5416;18431;CRE/M;GROUPEDKA;7788225;ENERGIE;85
GAZ;0688;DEW0001;GL1541971P;17/08/2026;OAE000;5416;38496;CRE/M;GROUPEDKA;7788270;ENERGIE;86
GAZ;0688;DMS0001;GL1389474Y;17/08/2026;OAE000;5416;10557;CRE/M;GROUPEDKA;7788357;ENERGIE;88
GAZ;0688;DRW0001;GL1590352T;17/08/2026;OAE000;5416;23958;CRE/M;GROUPEDKA;7788489;ENERGIE;90
GAZ;0688;DRW0001;GL0046721S;17/08/2026;OAE000;5416;23958;CRE/M;GROUPEDKA;7788489;ENERGIE;90
GAZ;0688;DRW0001;GL0048168L;17/08/2026;OAE000;5416;23958;CRE/M;GROUPEDKA;7788489;ENERGIE;90
GAZ;0688;DRW0001;GL0045694A;17/08/2026;OAE000;5416;23958;CRE/M;GROUPEDKA;7788489;ENERGIE;90
GAZ;0688;DMS0001;GL1649861S;17/08/2026;OAE000;5416;10557;CRE/M;GROUPEDKA;7788357;ENERGIE;88
GAZ;0688;DLS0001;GL0020033P;17/08/2026;OAE000;5416;17273;CRE/M;GROUPEDKA;7788309;ENERGIE;87
GAZ;0688;DEW0001;GL0053046E;17/08/2026;OAE000;5416;38496;CRE/M;GROUPEDKA;7788270;ENERGIE;86
GAZ;0688;DEW0001;GL0856362N;17/08/2026;OAE000;5416;38496;CRE/M;GROUPEDKA;7788270;ENERGIE;86
GAZ;0688;DMS0001;GL1518557H;17/08/2026;OAE000;5416;10557;CRE/M;GROUPEDKA;7788357;ENERGIE;88
GAZ;0688;DRW0001;GL0212449V;17/08/2026;OAE000;5416;23958;CRE/M;GROUPEDKA;7788489;ENERGIE;90
GAZ;0688;DCW0001;GL0026762L;17/08/2026;OAE000;5416;18431;CRE/M;GROUPEDKA;7788225;ENERGIE;85
GAZ;0688;DCW0001;GL0039320G;17/08/2026;OAE000;5416;18431;CRE/M;GROUPEDKA;7788225;ENERGIE;85
GAZ;0688;DRW0001;GL0044750C;17/08/2026;OAE000;5416;23958;CRE/M;GROUPEDKA;7788489;ENERGIE;90
GAZ;0688;DRW0001;GL0044757K;17/08/2026;OAE000;5416;23958;CRE/M;GROUPEDKA;7788489;ENERGIE;90
GAZ;0688;DMS0001;GL0012246R;17/08/2026;OAE000;5416;10557;CRE/M;GROUPEDKA;7788357;ENERGIE;88
GAZ;0688;DMS0001;GL0639357S;17/08/2026;OAE000;5416;10557;CRE/M;GROUPEDKA;7788357;ENERGIE;88
GAZ;0688;DSW0001;GL0765824E;17/08/2026;OAE000;5416;29731;CRE/M;GROUPEDKA;7788549;ENERGIE;91
GAZ;0688;DSW0001;GL0062522Y;17/08/2026;OAE000;5416;29731;CRE/M;GROUPEDKA;7788549;ENERGIE;91
GAZ;0688;DSW0001;GL0062598J;17/08/2026;OAE000;5416;29731;CRE/M;GROUPEDKA;7788549;ENERGIE;91
GAZ;0688;DSW0001;GL0062605S;17/08/2026;OAE000;5416;29731;CRE/M;GROUPEDKA;7788549;ENERGIE;91
GAZ;0688;DSW0001;GL0062614C;17/08/2026;OAE000;5416;29731;CRE/M;GROUPEDKA;7788549;ENERGIE;91
GAZ;0688;DSW0001;GL0045405X;17/08/2026;OAE000;5416;29731;CRE/M;GROUPEDKA;7788549;ENERGIE;91
GAZ;0688;DSW0001;GL0042515M;17/08/2026;OAE000;5416;29731;CRE/M;GROUPEDKA;7788549;ENERGIE;91
GAZ;0688;DSW0001;GL0040328C;17/08/2026;OAE000;5416;29731;CRE/M;GROUPEDKA;7788549;ENERGIE;91
GAZ;0688;DSW0001;GL0843187S;17/08/2026;OAE000;5416;29731;CRE/M;GROUPEDKA;7788549;ENERGIE;91
GAZ;0688;DSW0001;GL0042656Y;17/08/2026;OAE000;5416;29731;CRE/M;GROUPEDKA;7788549;ENERGIE;91
GAZ;0688;DSW0001;GL0042653V;17/08/2026;OAE000;5416;29731;CRE/M;GROUPEDKA;7788549;ENERGIE;91
GAZ;0688;DSW0001;GL0042641F;17/08/2026;OAE000;5416;29731;CRE/M;GROUPEDKA;7788549;ENERGIE;91
GAZ;0688;DSW0001;GL0042639D;17/08/2026;OAE000;5416;29731;CRE/M;GROUPEDKA;7788549;ENERGIE;91
GAZ;0688;DSW0001;GL0042630T;17/08/2026;OAE000;5416;29731;CRE/M;GROUPEDKA;7788549;ENERGIE;91
GAZ;0688;DSW0001;GL0042669M;17/08/2026;OAE000;5416;29731;CRE/M;GROUPEDKA;7788549;ENERGIE;91
GAZ;0688;DSW0001;GL0220713K;17/08/2026;OAE000;5416;29731;CRE/M;GROUPEDKA;7788549;ENERGIE;91
GAZ;0688;DRW0001;GL0047436E;17/08/2026;OAE000;5416;23958;CRE/M;GROUPEDKA;7788489;ENERGIE;90
GAZ;0688;DCW0001;GL0060035X;17/08/2026;OAE000;5416;18431;CRE/M;GROUPEDKA;7788225;ENERGIE;85
GAZ;0688;DSW0001;GL0789370L;17/08/2026;OAE000;5416;29731;CRE/M;GROUPEDKA;7788549;ENERGIE;91
GAZ;0688;DNA0001;GL0441648Y;17/08/2026;OAE000;5416;39959;CRE/M;GROUPEDKA;7788414;ENERGIE;89
GAZ;0688;DCW0001;GL0025056Y;17/08/2026;OAE000;5416;18431;CRE/M;GROUPEDKA;7788225;ENERGIE;85
GAZ;0688;DMS0001;GL0357095P;17/08/2026;OAE000;5416;10557;CRE/M;GROUPEDKA;7788357;ENERGIE;88
GAZ;0688;DMS0001;GL0357171B;17/08/2026;OAE000;5416;10557;CRE/M;GROUPEDKA;7788357;ENERGIE;88
GAZ;0688;DMS0001;GL0357120T;17/08/2026;OAE000;5416;10557;CRE/M;GROUPEDKA;7788357;ENERGIE;88
GAZ;0688;DLS0001;GL1313661X;17/08/2026;OAE000;5416;17273;CRE/M;GROUPEDKA;7788309;ENERGIE;87
GAZ;0688;DLS0001;GL1313629K;17/08/2026;OAE000;5416;17273;CRE/M;GROUPEDKA;7788309;ENERGIE;87
GAZ;0688;DLS0001;GL1313615V;17/08/2026;OAE000;5416;17273;CRE/M;GROUPEDKA;7788309;ENERGIE;87
GAZ;0688;DMS0001;GL0010456G;17/08/2026;OAE000;5416;10557;CRE/M;GROUPEDKA;7788357;ENERGIE;88
GAZ;0688;DLS0001;GL1313612R;17/08/2026;OAE000;5416;17273;CRE/M;GROUPEDKA;7788309;ENERGIE;87
GAZ;0688;DMS0001;GL0010383Z;17/08/2026;OAE000;5416;10557;CRE/M;GROUPEDKA;7788357;ENERGIE;88
GAZ;0688;DMS0001;GL0010228Y;17/08/2026;OAE000;5416;10557;CRE/M;GROUPEDKA;7788357;ENERGIE;88
GAZ;0688;DMS0001;GL0011041X;17/08/2026;OAE000;5416;10557;CRE/M;GROUPEDKA;7788357;ENERGIE;88
GAZ;0688;DMS0001;GL0010216J;17/08/2026;OAE000;5416;10557;CRE/M;GROUPEDKA;7788357;ENERGIE;88
GAZ;0688;DMS0001;GL0010301F;17/08/2026;OAE000;5416;10557;CRE/M;GROUPEDKA;7788357;ENERGIE;88
GAZ;0688;DMS0001;GL0010294Y;17/08/2026;OAE000;5416;10557;CRE/M;GROUPEDKA;7788357;ENERGIE;88
GAZ;0688;DMS0001;GL0010281H;17/08/2026;OAE000;5416;10557;CRE/M;GROUPEDKA;7788357;ENERGIE;88
GAZ;0688;DSW0001;GL0522054T;17/08/2026;OAE000;5416;29731;CRE/M;GROUPEDKA;7788549;ENERGIE;91
GAZ;0688;DSW0001;GL0046040T;17/08/2026;OAE000;5416;29731;CRE/M;GROUPEDKA;7788549;ENERGIE;91
GAZ;0688;DSW0001;GL0046034L;17/08/2026;OAE000;5416;29731;CRE/M;GROUPEDKA;7788549;ENERGIE;91
GAZ;0688;DSW0001;GL0046032J;17/08/2026;OAE000;5416;29731;CRE/M;GROUPEDKA;7788549;ENERGIE;91
GAZ;0688;DSW0001;GL0064360L;17/08/2026;OAE000;5416;29731;CRE/M;GROUPEDKA;7788549;ENERGIE;91
GAZ;0688;DRW0001;GL0539979M;17/08/2026;OAE000;5416;23958;CRE/M;GROUPEDKA;7788489;ENERGIE;90
GAZ;0688;DMS0001;GL0015815X;17/08/2026;OAE000;5416;10557;CRE/M;GROUPEDKA;7788357;ENERGIE;88
GAZ;0688;DMS0001;GL0018824R;17/08/2026;OAE000;5416;10557;CRE/M;GROUPEDKA;7788357;ENERGIE;88
GAZ;0688;DMS0001;GL0018964A;17/08/2026;OAE000;5416;10557;CRE/M;GROUPEDKA;7788357;ENERGIE;88
GAZ;0688;DMS0001;GL0837445S;17/08/2026;OAE000;5416;10557;CRE/M;GROUPEDKA;7788357;ENERGIE;88
GAZ;0688;DMS0001;GL0296381X;17/08/2026;OAE000;5416;10557;CRE/M;GROUPEDKA;7788357;ENERGIE;88
GAZ;0688;DMS0001;GL0018962Y;17/08/2026;OAE000;5416;10557;CRE/M;GROUPEDKA;7788357;ENERGIE;88
GAZ;0688;DMS0001;GL0018951K;17/08/2026;OAE000;5416;10557;CRE/M;GROUPEDKA;7788357;ENERGIE;88
GAZ;0688;DMS0001;GL0018825S;17/08/2026;OAE000;5416;10557;CRE/M;GROUPEDKA;7788357;ENERGIE;88
GAZ;0688;DMS0001;GL0015784L;17/08/2026;OAE000;5416;10557;CRE/M;GROUPEDKA;7788357;ENERGIE;88
GAZ;0688;DMS0001;GL0015788R;17/08/2026;OAE000;5416;10557;CRE/M;GROUPEDKA;7788357;ENERGIE;88
GAZ;0688;DMS0001;GL0015790T;17/08/2026;OAE000;5416;10557;CRE/M;GROUPEDKA;7788357;ENERGIE;88
GAZ;0688;DMS0001;GL0018831Z;17/08/2026;OAE000;5416;10557;CRE/M;GROUPEDKA;7788357;ENERGIE;88
GAZ;0688;DMS0001;GL0018961X;17/08/2026;OAE000;5416;10557;CRE/M;GROUPEDKA;7788357;ENERGIE;88
GAZ;0688;DMS0001;GL0605080R;17/08/2026;OAE000;5416;10557;CRE/M;GROUPEDKA;7788357;ENERGIE;88
GAZ;0688;DMS0001;GL0015819B;17/08/2026;OAE000;5416;10557;CRE/M;GROUPEDKA;7788357;ENERGIE;88
GAZ;0688;DSW0001;GL0043869B;17/08/2026;OAE000;5416;29731;CRE/M;GROUPEDKA;7788549;ENERGIE;91
GAZ;0688;DMS0001;GL0015856T;17/08/2026;OAE000;5416;10557;CRE/M;GROUPEDKA;7788357;ENERGIE;88
GAZ;0688;DLS0001;GL1204947H;17/08/2026;OAE000;5416;17273;CRE/M;GROUPEDKA;7788309;ENERGIE;87
GAZ;0688;DLS0001;GL1021165P;17/08/2026;OAE000;5416;17273;CRE/M;GROUPEDKA;7788309;ENERGIE;87
GAZ;0688;DLS0001;GL1021605P;17/08/2026;OAE000;5416;17273;CRE/M;GROUPEDKA;7788309;ENERGIE;87
GAZ;0688;DSW0001;GL1180580T;17/08/2026;OAE000;5416;29731;CRE/M;GROUPEDKA;7788549;ENERGIE;91
GAZ;0688;DRW0001;GL1168381F;17/08/2026;OAE000;5416;23958;CRE/M;GROUPEDKA;7788489;ENERGIE;90
GAZ;0688;DCW0001;GL1266019H;17/08/2026;OAE000;5416;18431;CRE/M;GROUPEDKA;7788225;ENERGIE;85
GAZ;0688;DSW0001;GL0057865F;17/08/2026;OAE000;5416;29731;CRE/M;GROUPEDKA;7788549;ENERGIE;91
GAZ;0688;DSW0001;GL0376368R;17/08/2026;OAE000;5416;29731;CRE/M;GROUPEDKA;7788549;ENERGIE;91
GAZ;0688;DSW0001;GL0376386L;17/08/2026;OAE000;5416;29731;CRE/M;GROUPEDKA;7788549;ENERGIE;91
GAZ;0688;DSW0001;GL0376440Y;17/08/2026;OAE000;5416;29731;CRE/M;GROUPEDKA;7788549;ENERGIE;91
GAZ;0688;DSW0001;GL0376476N;17/08/2026;OAE000;5416;29731;CRE/M;GROUPEDKA;7788549;ENERGIE;91
GAZ;0688;DSW0001;GL0381334J;17/08/2026;OAE000;5416;29731;CRE/M;GROUPEDKA;7788549;ENERGIE;91
GAZ;0688;DSW0001;GL0376551Z;17/08/2026;OAE000;5416;29731;CRE/M;GROUPEDKA;7788549;ENERGIE;91
GAZ;0688;DSW0001;GL0376530A;17/08/2026;OAE000;5416;29731;CRE/M;GROUPEDKA;7788549;ENERGIE;91
GAZ;0688;DSW0001;GL0376555D;17/08/2026;OAE000;5416;29731;CRE/M;GROUPEDKA;7788549;ENERGIE;91
GAZ;0688;DSW0001;GL0376571X;17/08/2026;OAE000;5416;29731;CRE/M;GROUPEDKA;7788549;ENERGIE;91
GAZ;0688;DMS0001;GL1084985M;17/08/2026;OAE000;5416;10557;CRE/M;GROUPEDKA;7788357;ENERGIE;88
GAZ;0688;DMS0001;GL0231374A;17/08/2026;OAE000;5416;10557;CRE/M;GROUPEDKA;7788357;ENERGIE;88
GAZ;0688;DMS0001;GL0231357F;17/08/2026;OAE000;5416;10557;CRE/M;GROUPEDKA;7788357;ENERGIE;88
GAZ;0688;DMS0001;GL0010699H;17/08/2026;OAE000;5416;10557;CRE/M;GROUPEDKA;7788357;ENERGIE;88
GAZ;0688;DMS0001;GL0010672C;17/08/2026;OAE000;5416;10557;CRE/M;GROUPEDKA;7788357;ENERGIE;88
GAZ;0688;DMS0001;GL0011063X;17/08/2026;OAE000;5416;10557;CRE/M;GROUPEDKA;7788357;ENERGIE;88
GAZ;0688;DMS0001;GL0011062W;17/08/2026;OAE000;5416;10557;CRE/M;GROUPEDKA;7788357;ENERGIE;88
GAZ;0688;DMS0001;GL0011059S;17/08/2026;OAE000;5416;10557;CRE/M;GROUPEDKA;7788357;ENERGIE;88
GAZ;0688;DMS0001;GL0011058R;17/08/2026;OAE000;5416;10557;CRE/M;GROUPEDKA;7788357;ENERGIE;88
GAZ;0688;DMS0001;GL0010530R;17/08/2026;OAE000;5416;10557;CRE/M;GROUPEDKA;7788357;ENERGIE;88
GAZ;0688;DSW0001;GL1360067F;17/08/2026;OAE000;5416;29731;CRE/M;GROUPEDKA;7788549;ENERGIE;91
GAZ;0688;DEW0001;GL0052596T;17/08/2026;OAE000;5416;38496;CRE/M;GROUPEDKA;7788270;ENERGIE;86
GAZ;0688;DMS0001;GL0778980E;17/08/2026;OAE000;5416;10557;CRE/M;GROUPEDKA;7788357;ENERGIE;88
GAZ;0688;DMS0001;GL0032314W;17/08/2026;OAE000;5416;10557;CRE/M;GROUPEDKA;7788357;ENERGIE;88
GAZ;0688;DMS0001;GL0515389V;17/08/2026;OAE000;5416;10557;CRE/M;GROUPEDKA;7788357;ENERGIE;88
GAZ;0688;DSW0001;GL0038819M;17/08/2026;OAE000;5416;29731;CRE/M;GROUPEDKA;7788549;ENERGIE;91
GAZ;0688;DSW0001;GL0534939K;17/08/2026;OAE000;5416;29731;CRE/M;GROUPEDKA;7788549;ENERGIE;91
GAZ;0688;DSW0001;GL0038813F;17/08/2026;OAE000;5416;29731;CRE/M;GROUPEDKA;7788549;ENERGIE;91
GAZ;0688;DSW0001;GL0038814G;17/08/2026;OAE000;5416;29731;CRE/M;GROUPEDKA;7788549;ENERGIE;91
GAZ;0688;DSW0001;GL0038810C;17/08/2026;OAE000;5416;29731;CRE/M;GROUPEDKA;7788549;ENERGIE;91
GAZ;0688;DSW0001;GL0038760W;17/08/2026;OAE000;5416;29731;CRE/M;GROUPEDKA;7788549;ENERGIE;91
GAZ;0688;DSW0001;GL0038783X;17/08/2026;OAE000;5416;29731;CRE/M;GROUPEDKA;7788549;ENERGIE;91
GAZ;0688;DSW0001;GL0038779S;17/08/2026;OAE000;5416;29731;CRE/M;GROUPEDKA;7788549;ENERGIE;91
GAZ;0688;DSW0001;GL0038765B;17/08/2026;OAE000;5416;29731;CRE/M;GROUPEDKA;7788549;ENERGIE;91
GAZ;0688;DMS0001;GL0231551B;17/08/2026;OAE000;5416;10557;CRE/M;GROUPEDKA;7788357;ENERGIE;88
GAZ;0688;DMS0001;GL0729087H;17/08/2026;OAE000;5416;10557;CRE/M;GROUPEDKA;7788357;ENERGIE;88
GAZ;0688;DMS0001;GL0015688C;17/08/2026;OAE000;5416;10557;CRE/M;GROUPEDKA;7788357;ENERGIE;88
GAZ;0688;DMS0001;GL0015714G;17/08/2026;OAE000;5416;10557;CRE/M;GROUPEDKA;7788357;ENERGIE;88
GAZ;0688;DMS0001;GL0015763M;17/08/2026;OAE000;5416;10557;CRE/M;GROUPEDKA;7788357;ENERGIE;88
GAZ;0688;DMS0001;GL0012981B;17/08/2026;OAE000;5416;10557;CRE/M;GROUPEDKA;7788357;ENERGIE;88
GAZ;0688;DNA0691;GL1354844W;17/08/2026;OAE000;5416;230015;CRE/M;GROUPEDKA;13049260;ENERGIE;236
GAZ;0688;DNA0691;GL1354767H;17/08/2026;OAE000;5416;230015;CRE/M;GROUPEDKA;13049260;ENERGIE;236
GAZ;0688;DNA0691;GL1354685P;17/08/2026;OAE000;5416;230015;CRE/M;GROUPEDKA;13049260;ENERGIE;236
GAZ;0688;DMS0001;GL1390890G;17/08/2026;OAE000;5416;10557;CRE/M;GROUPEDKA;7788357;ENERGIE;88
GAZ;0688;DMS0001;GL1389437F;17/08/2026;OAE000;5416;10557;CRE/M;GROUPEDKA;7788357;ENERGIE;88
GAZ;0688;DSW0001;GL1367079Z;17/08/2026;OAE000;5416;29731;CRE/M;GROUPEDKA;7788549;ENERGIE;91
GAZ;0688;DLS0001;GL1562239X;17/08/2026;OAE000;5416;17273;CRE/M;GROUPEDKA;7788309;ENERGIE;87
GAZ;0688;DNA0691;GL1373289F;17/08/2026;OAE000;5416;230015;CRE/M;GROUPEDKA;13049260;ENERGIE;236
GAZ;0688;DSW0001;GL0012746J;17/08/2026;OAE000;5416;29731;CRE/M;GROUPEDKA;7788549;ENERGIE;91
GAZ;0688;DSW0001;GL0830047K;17/08/2026;OAE000;5416;29731;CRE/M;GROUPEDKA;7788549;ENERGIE;91
GAZ;0688;DLS0001;GL1561025S;17/08/2026;OAE000;5416;17273;CRE/M;GROUPEDKA;7788309;ENERGIE;87
GAZ;0688;DEW0001;GL0291142T;17/08/2026;OAE000;5416;38496;CRE/M;GROUPEDKA;7788270;ENERGIE;86
GAZ;0688;DSW0001;GL0361800L;17/08/2026;OAE000;5416;29731;CRE/M;GROUPEDKA;7788549;ENERGIE;91
GAZ;0688;DSW0001;GL0361821K;17/08/2026;OAE000;5416;29731;CRE/M;GROUPEDKA;7788549;ENERGIE;91
GAZ;0688;DSW0001;GL0361820J;17/08/2026;OAE000;5416;29731;CRE/M;GROUPEDKA;7788549;ENERGIE;91
GAZ;0688;DSW0001;GL0469916W;17/08/2026;OAE000;5416;29731;CRE/M;GROUPEDKA;7788549;ENERGIE;91
GAZ;0688;DSW0001;GL0040216A;17/08/2026;OAE000;5416;29731;CRE/M;GROUPEDKA;7788549;ENERGIE;91
GAZ;0688;DSW0001;GL0040215Z;17/08/2026;OAE000;5416;29731;CRE/M;GROUPEDKA;7788549;ENERGIE;91
GAZ;0688;DSW0001;GL0040214Y;17/08/2026;OAE000;5416;29731;CRE/M;GROUPEDKA;7788549;ENERGIE;91
GAZ;0688;DSW0001;GL0040206N;17/08/2026;OAE000;5416;29731;CRE/M;GROUPEDKA;7788549;ENERGIE;91
GAZ;0688;DSW0001;GL0040205M;17/08/2026;OAE000;5416;29731;CRE/M;GROUPEDKA;7788549;ENERGIE;91
GAZ;0688;DSW0001;GL0040202J;17/08/2026;OAE000;5416;29731;CRE/M;GROUPEDKA;7788549;ENERGIE;91
GAZ;0688;DSW0001;GL0040192Y;17/08/2026;OAE000;5416;29731;CRE/M;GROUPEDKA;7788549;ENERGIE;91
GAZ;0688;DSW0001;GL0040187S;17/08/2026;OAE000;5416;29731;CRE/M;GROUPEDKA;7788549;ENERGIE;91
GAZ;0688;DSW0001;GL0040178G;17/08/2026;OAE000;5416;29731;CRE/M;GROUPEDKA;7788549;ENERGIE;91
GAZ;0688;DSW0001;GL0036867V;17/08/2026;OAE000;5416;29731;CRE/M;GROUPEDKA;7788549;ENERGIE;91
GAZ;0688;DSW0001;GL0045533S;17/08/2026;OAE000;5416;29731;CRE/M;GROUPEDKA;7788549;ENERGIE;91
GAZ;0688;DSW0001;GL1472942Y;17/08/2026;OAE000;5416;29731;CRE/M;GROUPEDKA;7788549;ENERGIE;91
GAZ;0688;DSW0001;GL1392196R;17/08/2026;OAE000;5416;29731;CRE/M;GROUPEDKA;7788549;ENERGIE;91
GAZ;0688;DNA0001;GL0013449H;17/08/2026;OAE000;5416;39959;CRE/M;GROUPEDKA;7788414;ENERGIE;89
GAZ;0688;DSW0001;GL0063226Y;17/08/2026;OAE000;5416;29731;CRE/M;GROUPEDKA;7788549;ENERGIE;91
GAZ;0688;DMS0001;GL0350383M;17/08/2026;OAE000;5416;10557;CRE/M;GROUPEDKA;7788357;ENERGIE;88
GAZ;0688;DMS0001;GL0350441D;17/08/2026;OAE000;5416;10557;CRE/M;GROUPEDKA;7788357;ENERGIE;88
GAZ;0688;DMS0001;GL0350417B;17/08/2026;OAE000;5416;10557;CRE/M;GROUPEDKA;7788357;ENERGIE;88
GAZ;0688;DMS0001;GL0350405M;17/08/2026;OAE000;5416;10557;CRE/M;GROUPEDKA;7788357;ENERGIE;88
GAZ;0688;DCW0538;GL1411142W;17/08/2026;OAE000;5416;4073460;CRE/M;GROUPEDKA;16418783;ENERGIE;8943
GAZ;0688;DSW0001;GL0057806N;17/08/2026;OAE000;5416;29731;CRE/M;GROUPEDKA;7788549;ENERGIE;91
GAZ;0688;DRW0001;GL0425280Y;17/08/2026;OAE000;5416;23958;CRE/M;GROUPEDKA;7788489;ENERGIE;90
GAZ;0688;DRW0001;GL0047062E;17/08/2026;OAE000;5416;23958;CRE/M;GROUPEDKA;7788489;ENERGIE;90
GAZ;0688;DMS0001;GL0734187D;17/08/2026;OAE000;5416;10557;CRE/M;GROUPEDKA;7788357;ENERGIE;88
GAZ;0688;DMS0001;GL0013796C;17/08/2026;OAE000;5416;10557;CRE/M;GROUPEDKA;7788357;ENERGIE;88
GAZ;0688;DMS0001;GL1665830N;17/08/2026;OAE000;5416;10557;CRE/M;GROUPEDKA;7788357;ENERGIE;88
GAZ;0688;DMS0001;GL0900066C;17/08/2026;OAE000;5416;10557;CRE/M;GROUPEDKA;7788357;ENERGIE;88
GAZ;0688;DMS0001;GL0009203H;17/08/2026;OAE000;5416;10557;CRE/M;GROUPEDKA;7788357;ENERGIE;88
GAZ;0688;DMS0001;GL0012321B;17/08/2026;OAE000;5416;10557;CRE/M;GROUPEDKA;7788357;ENERGIE;88
GAZ;0688;DRW0001;GL0047966G;17/08/2026;OAE000;5416;23958;CRE/M;GROUPEDKA;7788489;ENERGIE;90
GAZ;0688;DSW0001;GL1367010W;17/08/2026;OAE000;5416;29731;CRE/M;GROUPEDKA;7788549;ENERGIE;91
GAZ;0688;DSW0001;GL1367077X;17/08/2026;OAE000;5416;29731;CRE/M;GROUPEDKA;7788549;ENERGIE;91
GAZ;0688;DSW0001;GL0036480E;17/08/2026;OAE000;5416;29731;CRE/M;GROUPEDKA;7788549;ENERGIE;91
GAZ;0688;DMS0001;GL0006758E;17/08/2026;OAE000;5416;10557;CRE/M;GROUPEDKA;7788357;ENERGIE;88
GAZ;0688;DCW0001;GL0463779X;17/08/2026;OAE000;5416;18431;CRE/M;GROUPEDKA;7788225;ENERGIE;85
GAZ;0688;DSW0001;GL0039897M;17/08/2026;OAE000;5416;29731;CRE/M;GROUPEDKA;7788549;ENERGIE;91
GAZ;0688;DSW0001;GL0038896A;17/08/2026;OAE000;5416;29731;CRE/M;GROUPEDKA;7788549;ENERGIE;91
GAZ;0688;DSW0001;GL0038901F;17/08/2026;OAE000;5416;29731;CRE/M;GROUPEDKA;7788549;ENERGIE;91
GAZ;0688;DSW0001;GL0038902G;17/08/2026;OAE000;5416;29731;CRE/M;GROUPEDKA;7788549;ENERGIE;91
GAZ;0688;DSW0001;GL0038903H;17/08/2026;OAE000;5416;29731;CRE/M;GROUPEDKA;7788549;ENERGIE;91
GAZ;0688;DSW0001;GL0038915X;17/08/2026;OAE000;5416;29731;CRE/M;GROUPEDKA;7788549;ENERGIE;91
GAZ;0688;DSW0001;GL0038914W;17/08/2026;OAE000;5416;29731;CRE/M;GROUPEDKA;7788549;ENERGIE;91
GAZ;0688;DSW0001;GL0038913V;17/08/2026;OAE000;5416;29731;CRE/M;GROUPEDKA;7788549;ENERGIE;91
GAZ;0688;DSW0001;GL0038906L;17/08/2026;OAE000;5416;29731;CRE/M;GROUPEDKA;7788549;ENERGIE;91
GAZ;0688;DSW0001;GL0012019H;17/08/2026;OAE000;5416;29731;CRE/M;GROUPEDKA;7788549;ENERGIE;91
GAZ;0688;DSW0628;GL0027882J;17/08/2026;OAE000;5416;29752;CRE/M;GROUPEDKA;7788612;ENERGIE;359
GAZ;0688;DSW0001;GL0042789Z;17/08/2026;OAE000;5416;29731;CRE/M;GROUPEDKA;7788549;ENERGIE;91
GAZ;0688;DRW0001;GL0047061D;17/08/2026;OAE000;5416;23958;CRE/M;GROUPEDKA;7788489;ENERGIE;90
GAZ;0688;DRW0001;GL0046997F;17/08/2026;OAE000;5416;23958;CRE/M;GROUPEDKA;7788489;ENERGIE;90
GAZ;0688;DRW0001;GL0047000J;17/08/2026;OAE000;5416;23958;CRE/M;GROUPEDKA;7788489;ENERGIE;90
GAZ;0688;DRW0001;GL0681069S;17/08/2026;OAE000;5416;23958;CRE/M;GROUPEDKA;7788489;ENERGIE;90
GAZ;0688;DSW0001;GL1180578R;17/08/2026;OAE000;5416;29731;CRE/M;GROUPEDKA;7788549;ENERGIE;91
GAZ;0688;DRW0001;GL1255915B;17/08/2026;OAE000;5416;23958;CRE/M;GROUPEDKA;7788489;ENERGIE;90
GAZ;0688;DNA0001;GL0027292N;17/08/2026;OAE000;5416;39959;CRE/M;GROUPEDKA;7788414;ENERGIE;89
GAZ;0688;DNA0001;GL1065788Y;17/08/2026;OAE000;5416;39959;CRE/M;GROUPEDKA;7788414;ENERGIE;89
GAZ;0688;DSW0001;GL0040409V;17/08/2026;OAE000;5416;29731;CRE/M;GROUPEDKA;7788549;ENERGIE;91
GAZ;0688;DLS0358;GL0211913K;17/08/2026;OAE000;5416;17282;CRE/M;GROUPEDKA;7788336;ENERGIE;372
GAZ;0688;DNA0001;GL0052139Z;17/08/2026;OAE000;5416;39959;CRE/M;GROUPEDKA;7788414;ENERGIE;89
GAZ;0688;DLS0001;GL0020377F;17/08/2026;OAE000;5416;17273;CRE/M;GROUPEDKA;7788309;ENERGIE;87
GAZ;0688;DNA0001;GL0013423D;17/08/2026;OAE000;5416;39959;CRE/M;GROUPEDKA;7788414;ENERGIE;89
GAZ;0688;DMS0001;GL1745999P;17/08/2026;OAE000;5416;10557;CRE/M;GROUPEDKA;7788357;ENERGIE;88
GAZ;0688;DCW0001;GL0936809F;17/08/2026;OAE000;5416;18431;CRE/M;GROUPEDKA;7788225;ENERGIE;85
GAZ;0688;DCW0001;GL0797698A;17/08/2026;OAE000;5416;18431;CRE/M;GROUPEDKA;7788225;ENERGIE;85
GAZ;0688;DCW0001;GL0054856L;17/08/2026;OAE000;5416;18431;CRE/M;GROUPEDKA;7788225;ENERGIE;85
GAZ;0688;DSW0001;GL1366580G;17/08/2026;OAE000;5416;29731;CRE/M;GROUPEDKA;7788549;ENERGIE;91
GAZ;0688;DSW0001;GL1406044C;17/08/2026;OAE000;5416;29731;CRE/M;GROUPEDKA;7788549;ENERGIE;91
GAZ;0688;DSW0001;GL1367034Y;17/08/2026;OAE000;5416;29731;CRE/M;GROUPEDKA;7788549;ENERGIE;91
GAZ;0688;DSW0001;GL1366923X;17/08/2026;OAE000;5416;29731;CRE/M;GROUPEDKA;7788549;ENERGIE;91
GAZ;0688;DSW0001;GL1366872N;17/08/2026;OAE000;5416;29731;CRE/M;GROUPEDKA;7788549;ENERGIE;91
GAZ;0688;DSW0001;GL1366407K;17/08/2026;OAE000;5416;29731;CRE/M;GROUPEDKA;7788549;ENERGIE;91
GAZ;0688;DSW0001;GL1366541M;17/08/2026;OAE000;5416;29731;CRE/M;GROUPEDKA;7788549;ENERGIE;91
GAZ;0688;DSW0001;GL1366388N;17/08/2026;OAE000;5416;29731;CRE/M;GROUPEDKA;7788549;ENERGIE;91
GAZ;0688;DSW0001;GL1366264Y;17/08/2026;OAE000;5416;29731;CRE/M;GROUPEDKA;7788549;ENERGIE;91
GAZ;0688;DSW0001;GL1366255M;17/08/2026;OAE000;5416;29731;CRE/M;GROUPEDKA;7788549;ENERGIE;91
GAZ;0688;DSW0001;GL1367233Z;17/08/2026;OAE000;5416;29731;CRE/M;GROUPEDKA;7788549;ENERGIE;91
GAZ;0688;DNA0001;GL0054463P;17/08/2026;OAE000;5416;39959;CRE/M;GROUPEDKA;7788414;ENERGIE;89
GAZ;0688;DCW0001;GL1742631M;17/08/2026;OAE000;5416;18431;CRE/M;GROUPEDKA;7788225;ENERGIE;85
GAZ;0688;DSW0001;GL1367224N;17/08/2026;OAE000;5416;29731;CRE/M;GROUPEDKA;7788549;ENERGIE;91
GAZ;0688;DSW0001;GL1366577D;17/08/2026;OAE000;5416;29731;CRE/M;GROUPEDKA;7788549;ENERGIE;91
GAZ;0688;DSW0001;GL1367055X;17/08/2026;OAE000;5416;29731;CRE/M;GROUPEDKA;7788549;ENERGIE;91
GAZ;0688;DSW0001;GL1367073S;17/08/2026;OAE000;5416;29731;CRE/M;GROUPEDKA;7788549;ENERGIE;91
GAZ;0688;DNA0001;GL0026613S;17/08/2026;OAE000;5416;39959;CRE/M;GROUPEDKA;7788414;ENERGIE;89
GAZ;0688;DMS0001;GL0350400G;17/08/2026;OAE000;5416;10557;CRE/M;GROUPEDKA;7788357;ENERGIE;88
GAZ;0688;DCW0001;GL0025091M;17/08/2026;OAE000;5416;18431;CRE/M;GROUPEDKA;7788225;ENERGIE;85
GAZ;0688;DMS0001;GL1385024R;17/08/2026;OAE000;5416;10557;CRE/M;GROUPEDKA;7788357;ENERGIE;88
GAZ;0688;DMS0001;GL1389523D;17/08/2026;OAE000;5416;10557;CRE/M;GROUPEDKA;7788357;ENERGIE;88
